"Product GID","Product handle","Product title","Metafield namespace","Metafield key","Metafield type","Metafield value"
"gid://shopify/Product/1774387757126","downloads","Downloads","bio","test-value","string","test-value"
"gid://shopify/Product/1774387757126","downloads","Downloads","global","test","string","test-value"
"gid://shopify/Product/1774388117574","dss212j-s3-2u-12-bays","DSS212J-S3 2U 12 BAYS 3.5"" HDD 12G SAS DUAL EXPANDER JBOD 500W HRP","global","100_System","string","System"
"gid://shopify/Product/1774388117574","dss212j-s3-2u-12-bays","DSS212J-S3 2U 12 BAYS 3.5"" HDD 12G SAS DUAL EXPANDER JBOD 500W HRP","global","170_Storage","string","12x 3.5"" 12Gbps/6Gbps SAS/SATA Tray-less bays"
"gid://shopify/Product/1774388117574","dss212j-s3-2u-12-bays","DSS212J-S3 2U 12 BAYS 3.5"" HDD 12G SAS DUAL EXPANDER JBOD 500W HRP","global","700_Environment","string","Environment"
"gid://shopify/Product/1774388117574","dss212j-s3-2u-12-bays","DSS212J-S3 2U 12 BAYS 3.5"" HDD 12G SAS DUAL EXPANDER JBOD 500W HRP","global","710_Operating Temperature","string","0&deg;C ~ 35&deg;C"
"gid://shopify/Product/1774388117574","dss212j-s3-2u-12-bays","DSS212J-S3 2U 12 BAYS 3.5"" HDD 12G SAS DUAL EXPANDER JBOD 500W HRP","global","720_Storage Temperature","string","-20&deg;C ~ 70&deg;C"
"gid://shopify/Product/1774388117574","dss212j-s3-2u-12-bays","DSS212J-S3 2U 12 BAYS 3.5"" HDD 12G SAS DUAL EXPANDER JBOD 500W HRP","global","730_Relative Humidity","string","5% ~ 95% relative humidity, non-condensing"
"gid://shopify/Product/1774388117574","dss212j-s3-2u-12-bays","DSS212J-S3 2U 12 BAYS 3.5"" HDD 12G SAS DUAL EXPANDER JBOD 500W HRP","global","800_Physical","string","Physical"
"gid://shopify/Product/1774388117574","dss212j-s3-2u-12-bays","DSS212J-S3 2U 12 BAYS 3.5"" HDD 12G SAS DUAL EXPANDER JBOD 500W HRP","global","810_Dimensions (W x H x D)","string","System: 20""x19""x5.25"" (LxWxH) Packaging: 30.5""x 23.5""x15""(LxWxH)"
"gid://shopify/Product/1774388117574","dss212j-s3-2u-12-bays","DSS212J-S3 2U 12 BAYS 3.5"" HDD 12G SAS DUAL EXPANDER JBOD 500W HRP","global","820_Weights","string","35lbs w/o Hard Drives 50lbs with Hard Drives"
"gid://shopify/Product/1774388117574","dss212j-s3-2u-12-bays","DSS212J-S3 2U 12 BAYS 3.5"" HDD 12G SAS DUAL EXPANDER JBOD 500W HRP","global","family","string","server"
"gid://shopify/Product/1774388117574","dss212j-s3-2u-12-bays","DSS212J-S3 2U 12 BAYS 3.5"" HDD 12G SAS DUAL EXPANDER JBOD 500W HRP","global","product series","string","DuraStreams"
"gid://shopify/Product/1774388117574","dss212j-s3-2u-12-bays","DSS212J-S3 2U 12 BAYS 3.5"" HDD 12G SAS DUAL EXPANDER JBOD 500W HRP","global","title","string","DSS212J-S3"
"gid://shopify/Product/1774388117574","dss212j-s3-2u-12-bays","DSS212J-S3 2U 12 BAYS 3.5"" HDD 12G SAS DUAL EXPANDER JBOD 500W HRP","global","171_Driver Bays","string","20x 2.5"" 7mm hot-swap 6Gbps SATA drive bays 2x Internal 2.5"" bays for OS drives"
"gid://shopify/Product/1774388117574","dss212j-s3-2u-12-bays","DSS212J-S3 2U 12 BAYS 3.5"" HDD 12G SAS DUAL EXPANDER JBOD 500W HRP","global","220_Cooling","string","Two Redundant 97mm hot-swap exhaust fan modules with Smart Fan Control for optimal cooling"
"gid://shopify/Product/1774388117574","dss212j-s3-2u-12-bays","DSS212J-S3 2U 12 BAYS 3.5"" HDD 12G SAS DUAL EXPANDER JBOD 500W HRP","global","739_HTS Code","string","8473 30 5100"
"gid://shopify/Product/1774388117574","dss212j-s3-2u-12-bays","DSS212J-S3 2U 12 BAYS 3.5"" HDD 12G SAS DUAL EXPANDER JBOD 500W HRP","global","740_ECCN","string","4A994"
"gid://shopify/Product/1774388117574","dss212j-s3-2u-12-bays","DSS212J-S3 2U 12 BAYS 3.5"" HDD 12G SAS DUAL EXPANDER JBOD 500W HRP","global","741_Compliance","string","CE, FCC Class A, RoHS 6/6 compliant"
"gid://shopify/Product/1774388117574","dss212j-s3-2u-12-bays","DSS212J-S3 2U 12 BAYS 3.5"" HDD 12G SAS DUAL EXPANDER JBOD 500W HRP","global","resource_BIOS","string","JNM-2.0.5-BIOS"
"gid://shopify/Product/1774388117574","dss212j-s3-2u-12-bays","DSS212J-S3 2U 12 BAYS 3.5"" HDD 12G SAS DUAL EXPANDER JBOD 500W HRP","global","301_I/O","string","2x SFF8644 12G SAS lanes Uplink host / expander <br>1x SFF8644 12G SAS lanes Downlink / expander <br>1x RJ45 for remote management / expander <br>1x mini Jack for RS232 management"
"gid://shopify/Product/1774388117574","dss212j-s3-2u-12-bays","DSS212J-S3 2U 12 BAYS 3.5"" HDD 12G SAS DUAL EXPANDER JBOD 500W HRP","global","115_Expander","string","Single or Dual LSI 12G SAS Expander"
"gid://shopify/Product/1774388117574","dss212j-s3-2u-12-bays","DSS212J-S3 2U 12 BAYS 3.5"" HDD 12G SAS DUAL EXPANDER JBOD 500W HRP","global","172_Enclosure Management","string","HDD Status/Indentifier LEDs, Smart Fan, Thermal Monitor, HDD Monitor, Voltage Monitor, Inband SES 2 support"
"gid://shopify/Product/1774388117574","dss212j-s3-2u-12-bays","DSS212J-S3 2U 12 BAYS 3.5"" HDD 12G SAS DUAL EXPANDER JBOD 500W HRP","global","resource_Firmware","string","fwsas3x36-Firmware"
"gid://shopify/Product/1774388117574","dss212j-s3-2u-12-bays","DSS212J-S3 2U 12 BAYS 3.5"" HDD 12G SAS DUAL EXPANDER JBOD 500W HRP","global","resource_MFG file","string","mfgsas3x36R-MFG-File"
"gid://shopify/Product/1774388117574","dss212j-s3-2u-12-bays","DSS212J-S3 2U 12 BAYS 3.5"" HDD 12G SAS DUAL EXPANDER JBOD 500W HRP","global","resource_Data Sheet","string","DS_DSS212J-S3_E"
"gid://shopify/Product/1774388117574","dss212j-s3-2u-12-bays","DSS212J-S3 2U 12 BAYS 3.5"" HDD 12G SAS DUAL EXPANDER JBOD 500W HRP","global","processor","string","JBOD"
"gid://shopify/Product/1774388543558","dss212s-d5-2u-12-bays","DSS212S-D5 2U 12 BAYS 3.5"" HDD 12G SAS REDUNDANT NODE DUAL XEON SP 1200W HRP","global","100_System","string","System"
"gid://shopify/Product/1774388543558","dss212s-d5-2u-12-bays","DSS212S-D5 2U 12 BAYS 3.5"" HDD 12G SAS REDUNDANT NODE DUAL XEON SP 1200W HRP","global","110_Processor","string","Each Node: Supports Single Socket Intel&reg; Xeon&reg; P Skylake up to 205W TDP socket LGA3647"
"gid://shopify/Product/1774388543558","dss212s-d5-2u-12-bays","DSS212S-D5 2U 12 BAYS 3.5"" HDD 12G SAS REDUNDANT NODE DUAL XEON SP 1200W HRP","global","120_System Chipset","string","Intel C621 chipset"
"gid://shopify/Product/1774388543558","dss212s-d5-2u-12-bays","DSS212S-D5 2U 12 BAYS 3.5"" HDD 12G SAS REDUNDANT NODE DUAL XEON SP 1200W HRP","global","130_System Memory","string","Each Node: Supports up to 16x DIMMs DDR4 RDIMM/RDIMM 3DS/LRDIMM/LRDIMM 3DS 2666"
"gid://shopify/Product/1774388543558","dss212s-d5-2u-12-bays","DSS212S-D5 2U 12 BAYS 3.5"" HDD 12G SAS REDUNDANT NODE DUAL XEON SP 1200W HRP","global","170_Storage","string","Each node: 36 ports 12G SAS Expander with 3 SFF8643 Connectors"
"gid://shopify/Product/1774388543558","dss212s-d5-2u-12-bays","DSS212S-D5 2U 12 BAYS 3.5"" HDD 12G SAS REDUNDANT NODE DUAL XEON SP 1200W HRP","global","305_Expansion","string","Each Node: 2x PCIe Gen3 x 16 slots; 1x PCIe Gen3 x16 OCP Storage Mezz.; 1x PCIe Gen3 x16 OCP NIC"
"gid://shopify/Product/1774388543558","dss212s-d5-2u-12-bays","DSS212S-D5 2U 12 BAYS 3.5"" HDD 12G SAS REDUNDANT NODE DUAL XEON SP 1200W HRP","global","700_Environment","string","Environment"
"gid://shopify/Product/1774388543558","dss212s-d5-2u-12-bays","DSS212S-D5 2U 12 BAYS 3.5"" HDD 12G SAS REDUNDANT NODE DUAL XEON SP 1200W HRP","global","710_Operating Temperature","string","0&deg;C ~ 35&deg;C"
"gid://shopify/Product/1774388543558","dss212s-d5-2u-12-bays","DSS212S-D5 2U 12 BAYS 3.5"" HDD 12G SAS REDUNDANT NODE DUAL XEON SP 1200W HRP","global","720_Storage Temperature","string","-20&deg;C ~ 70&deg;C"
"gid://shopify/Product/1774388543558","dss212s-d5-2u-12-bays","DSS212S-D5 2U 12 BAYS 3.5"" HDD 12G SAS REDUNDANT NODE DUAL XEON SP 1200W HRP","global","730_Relative Humidity","string","5% ~ 95% relative humidity, non-condensing"
"gid://shopify/Product/1774388543558","dss212s-d5-2u-12-bays","DSS212S-D5 2U 12 BAYS 3.5"" HDD 12G SAS REDUNDANT NODE DUAL XEON SP 1200W HRP","global","800_Physical","string","Physical"
"gid://shopify/Product/1774388543558","dss212s-d5-2u-12-bays","DSS212S-D5 2U 12 BAYS 3.5"" HDD 12G SAS REDUNDANT NODE DUAL XEON SP 1200W HRP","global","810_Dimensions (W x H x D)","string","System: 26.5""x19""x3.5"" (LxWxH) Packaging: 37""x 25.2""x13.8""(LxWxH)"
"gid://shopify/Product/1774388543558","dss212s-d5-2u-12-bays","DSS212S-D5 2U 12 BAYS 3.5"" HDD 12G SAS REDUNDANT NODE DUAL XEON SP 1200W HRP","global","820_Weights","string","Net Weight: 50lbs w/o Hard Drives; Gross Weight: 68lbs"
"gid://shopify/Product/1774388543558","dss212s-d5-2u-12-bays","DSS212S-D5 2U 12 BAYS 3.5"" HDD 12G SAS REDUNDANT NODE DUAL XEON SP 1200W HRP","global","family","string","server"
"gid://shopify/Product/1774388543558","dss212s-d5-2u-12-bays","DSS212S-D5 2U 12 BAYS 3.5"" HDD 12G SAS REDUNDANT NODE DUAL XEON SP 1200W HRP","global","product series","string","DuraStreams"
"gid://shopify/Product/1774388543558","dss212s-d5-2u-12-bays","DSS212S-D5 2U 12 BAYS 3.5"" HDD 12G SAS REDUNDANT NODE DUAL XEON SP 1200W HRP","global","resource_Data Sheet","string","DS_DSS212S-D5_E"
"gid://shopify/Product/1774388543558","dss212s-d5-2u-12-bays","DSS212S-D5 2U 12 BAYS 3.5"" HDD 12G SAS REDUNDANT NODE DUAL XEON SP 1200W HRP","global","title","string","DSS212S-D5"
"gid://shopify/Product/1774388543558","dss212s-d5-2u-12-bays","DSS212S-D5 2U 12 BAYS 3.5"" HDD 12G SAS REDUNDANT NODE DUAL XEON SP 1200W HRP","global","171_Driver Bays","string","12 hot-swap 3.5"" 12G/6G SAS/SATA drive bay Each node: 2x internal 2.5"" 7mm for OS drive bays"
"gid://shopify/Product/1774388543558","dss212s-d5-2u-12-bays","DSS212S-D5 2U 12 BAYS 3.5"" HDD 12G SAS REDUNDANT NODE DUAL XEON SP 1200W HRP","global","220_Cooling","string","Each node: 5x 40mm fans"
"gid://shopify/Product/1774388543558","dss212s-d5-2u-12-bays","DSS212S-D5 2U 12 BAYS 3.5"" HDD 12G SAS REDUNDANT NODE DUAL XEON SP 1200W HRP","global","739_HTS Code","string","8473 30 5100"
"gid://shopify/Product/1774388543558","dss212s-d5-2u-12-bays","DSS212S-D5 2U 12 BAYS 3.5"" HDD 12G SAS REDUNDANT NODE DUAL XEON SP 1200W HRP","global","740_ECCN","string","4A994"
"gid://shopify/Product/1774388543558","dss212s-d5-2u-12-bays","DSS212S-D5 2U 12 BAYS 3.5"" HDD 12G SAS REDUNDANT NODE DUAL XEON SP 1200W HRP","global","741_Compliance","string","CE, FCC Class A, RoHS 6/6 compliant"
"gid://shopify/Product/1774388543558","dss212s-d5-2u-12-bays","DSS212S-D5 2U 12 BAYS 3.5"" HDD 12G SAS REDUNDANT NODE DUAL XEON SP 1200W HRP","global","resource_AVL","string","DSS212S-D5-DSS316S-D5-AVL"
"gid://shopify/Product/1774388543558","dss212s-d5-2u-12-bays","DSS212S-D5 2U 12 BAYS 3.5"" HDD 12G SAS REDUNDANT NODE DUAL XEON SP 1200W HRP","global","resource_BIOS","string","Tyan S7106GM2NR, Tyan S7106GM2NR-L2"
"gid://shopify/Product/1774388543558","dss212s-d5-2u-12-bays","DSS212S-D5 2U 12 BAYS 3.5"" HDD 12G SAS REDUNDANT NODE DUAL XEON SP 1200W HRP","global","resource_Install Guide","string","DSS212S-D5-QG"
"gid://shopify/Product/1774388543558","dss212s-d5-2u-12-bays","DSS212S-D5 2U 12 BAYS 3.5"" HDD 12G SAS REDUNDANT NODE DUAL XEON SP 1200W HRP","global","resource_Product Brief","string","PB-DuraStreams_Intel_E"
"gid://shopify/Product/1774388543558","dss212s-d5-2u-12-bays","DSS212S-D5 2U 12 BAYS 3.5"" HDD 12G SAS REDUNDANT NODE DUAL XEON SP 1200W HRP","global","processor","string","Intel"
"gid://shopify/Product/1774388805702","dss212s-u5-2u-12-bay-3-5-hdd-12g-sas-redundant-node-single-xeon-sp","DSS212S-U5 2U 12 BAY 3.5"" HDD 12G SAS REDUNDANT NODE SINGLE XEON SP","global","100_System","string","System"
"gid://shopify/Product/1774388805702","dss212s-u5-2u-12-bay-3-5-hdd-12g-sas-redundant-node-single-xeon-sp","DSS212S-U5 2U 12 BAY 3.5"" HDD 12G SAS REDUNDANT NODE SINGLE XEON SP","global","110_Processor","string","Each Node: Supports Single Socket Intel&reg; Xeon&reg; P Skylake up to 205W TDP socket LGA3647"
"gid://shopify/Product/1774388805702","dss212s-u5-2u-12-bay-3-5-hdd-12g-sas-redundant-node-single-xeon-sp","DSS212S-U5 2U 12 BAY 3.5"" HDD 12G SAS REDUNDANT NODE SINGLE XEON SP","global","120_System Chipset","string","Intel C622 chipset"
"gid://shopify/Product/1774388805702","dss212s-u5-2u-12-bay-3-5-hdd-12g-sas-redundant-node-single-xeon-sp","DSS212S-U5 2U 12 BAY 3.5"" HDD 12G SAS REDUNDANT NODE SINGLE XEON SP","global","130_System Memory","string","Each Node: Supports up to 6x DIMMs DDR4 RDIMM/RDIMM 3DS/LRDIMM/LRDIMM 3DS 2666"
"gid://shopify/Product/1774388805702","dss212s-u5-2u-12-bay-3-5-hdd-12g-sas-redundant-node-single-xeon-sp","DSS212S-U5 2U 12 BAY 3.5"" HDD 12G SAS REDUNDANT NODE SINGLE XEON SP","global","170_Storage","string","Each node: 36 ports 12G SAS Expander with 3 SFF8643 Connectors"
"gid://shopify/Product/1774388805702","dss212s-u5-2u-12-bay-3-5-hdd-12g-sas-redundant-node-single-xeon-sp","DSS212S-U5 2U 12 BAY 3.5"" HDD 12G SAS REDUNDANT NODE SINGLE XEON SP","global","305_Expansion","string","Each Node: 1x PCI-E 3.0 x8; 2x PCI-E3.0 x16; 1x Broadcom LSI3008 (Optional)"
"gid://shopify/Product/1774388805702","dss212s-u5-2u-12-bay-3-5-hdd-12g-sas-redundant-node-single-xeon-sp","DSS212S-U5 2U 12 BAY 3.5"" HDD 12G SAS REDUNDANT NODE SINGLE XEON SP","global","700_Environment","string","Environment"
"gid://shopify/Product/1774388805702","dss212s-u5-2u-12-bay-3-5-hdd-12g-sas-redundant-node-single-xeon-sp","DSS212S-U5 2U 12 BAY 3.5"" HDD 12G SAS REDUNDANT NODE SINGLE XEON SP","global","710_Operating Temperature","string","0&deg;C ~ 35&deg;C"
"gid://shopify/Product/1774388805702","dss212s-u5-2u-12-bay-3-5-hdd-12g-sas-redundant-node-single-xeon-sp","DSS212S-U5 2U 12 BAY 3.5"" HDD 12G SAS REDUNDANT NODE SINGLE XEON SP","global","720_Storage Temperature","string","-20&deg;C ~ 70&deg;C"
"gid://shopify/Product/1774388805702","dss212s-u5-2u-12-bay-3-5-hdd-12g-sas-redundant-node-single-xeon-sp","DSS212S-U5 2U 12 BAY 3.5"" HDD 12G SAS REDUNDANT NODE SINGLE XEON SP","global","730_Relative Humidity","string","5% ~ 95% relative humidity, non-condensing"
"gid://shopify/Product/1774388805702","dss212s-u5-2u-12-bay-3-5-hdd-12g-sas-redundant-node-single-xeon-sp","DSS212S-U5 2U 12 BAY 3.5"" HDD 12G SAS REDUNDANT NODE SINGLE XEON SP","global","800_Physical","string","Physical"
"gid://shopify/Product/1774388805702","dss212s-u5-2u-12-bay-3-5-hdd-12g-sas-redundant-node-single-xeon-sp","DSS212S-U5 2U 12 BAY 3.5"" HDD 12G SAS REDUNDANT NODE SINGLE XEON SP","global","810_Dimensions (W x H x D)","string","System: 26.5""x19""x3.5"" (LxWxH) Packaging: 37""x25.2""x13.8""(LxWxH"
"gid://shopify/Product/1774388805702","dss212s-u5-2u-12-bay-3-5-hdd-12g-sas-redundant-node-single-xeon-sp","DSS212S-U5 2U 12 BAY 3.5"" HDD 12G SAS REDUNDANT NODE SINGLE XEON SP","global","820_Weights","string","Net Weight 50lbs w/o Hard Drives; Gross Weight: 68"
"gid://shopify/Product/1774388805702","dss212s-u5-2u-12-bay-3-5-hdd-12g-sas-redundant-node-single-xeon-sp","DSS212S-U5 2U 12 BAY 3.5"" HDD 12G SAS REDUNDANT NODE SINGLE XEON SP","global","BACK-I/O","string","Each Node: 2 USB 2.0 Ports; 2 USB 3.0 ports; 1 VGA port(s); 1 COM Ports; 2x 10GbT ports"
"gid://shopify/Product/1774388805702","dss212s-u5-2u-12-bay-3-5-hdd-12g-sas-redundant-node-single-xeon-sp","DSS212S-U5 2U 12 BAY 3.5"" HDD 12G SAS REDUNDANT NODE SINGLE XEON SP","global","CPU","string","Each Node: Supports Single Socket Intel® Xeon® P Skylake up to 205W TDP socket LGA3647"
"gid://shopify/Product/1774388805702","dss212s-u5-2u-12-bay-3-5-hdd-12g-sas-redundant-node-single-xeon-sp","DSS212S-U5 2U 12 BAY 3.5"" HDD 12G SAS REDUNDANT NODE SINGLE XEON SP","global","Data-Sheet","string","https://cdn.shopify.com/s/files/1/0028/7509/7153/t/6/assets/DuraStreams-DSS212S-U5-1528760266695.pdf?16700442393344791133"
"gid://shopify/Product/1774388805702","dss212s-u5-2u-12-bay-3-5-hdd-12g-sas-redundant-node-single-xeon-sp","DSS212S-U5 2U 12 BAY 3.5"" HDD 12G SAS REDUNDANT NODE SINGLE XEON SP","global","ETHERNET","string","Each Node: 2x 10GbT ports, 1x GbE dedicated for IPMI"
"gid://shopify/Product/1774388805702","dss212s-u5-2u-12-bay-3-5-hdd-12g-sas-redundant-node-single-xeon-sp","DSS212S-U5 2U 12 BAY 3.5"" HDD 12G SAS REDUNDANT NODE SINGLE XEON SP","global","EXPANSION","string","Each Node: 1x PCI-E 3.0 x8; 2x PCI-E3.0 x16; 1x Broadcom LSI3008 (Optional)"
"gid://shopify/Product/1774388805702","dss212s-u5-2u-12-bay-3-5-hdd-12g-sas-redundant-node-single-xeon-sp","DSS212S-U5 2U 12 BAY 3.5"" HDD 12G SAS REDUNDANT NODE SINGLE XEON SP","global","family","string","server"
"gid://shopify/Product/1774388805702","dss212s-u5-2u-12-bay-3-5-hdd-12g-sas-redundant-node-single-xeon-sp","DSS212S-U5 2U 12 BAY 3.5"" HDD 12G SAS REDUNDANT NODE SINGLE XEON SP","global","FRONT-I/O","string","Power On/OFF with LED, Reset Switch, NMI Switch, Locate Switch with LED, 4xLAN LED, Warning LED"
"gid://shopify/Product/1774388805702","dss212s-u5-2u-12-bay-3-5-hdd-12g-sas-redundant-node-single-xeon-sp","DSS212S-U5 2U 12 BAY 3.5"" HDD 12G SAS REDUNDANT NODE SINGLE XEON SP","global","POWER-INPUT","string","1+1 800W AC/DC 80 Plus Redundant PSU; Optional - 48V DC input availble upon request"
"gid://shopify/Product/1774388805702","dss212s-u5-2u-12-bay-3-5-hdd-12g-sas-redundant-node-single-xeon-sp","DSS212S-U5 2U 12 BAY 3.5"" HDD 12G SAS REDUNDANT NODE SINGLE XEON SP","global","product series","string","DuraStreams"
"gid://shopify/Product/1774388805702","dss212s-u5-2u-12-bay-3-5-hdd-12g-sas-redundant-node-single-xeon-sp","DSS212S-U5 2U 12 BAY 3.5"" HDD 12G SAS REDUNDANT NODE SINGLE XEON SP","global","resource_Data Sheet","string","DS_DSS212S-U5_E"
"gid://shopify/Product/1774388805702","dss212s-u5-2u-12-bay-3-5-hdd-12g-sas-redundant-node-single-xeon-sp","DSS212S-U5 2U 12 BAY 3.5"" HDD 12G SAS REDUNDANT NODE SINGLE XEON SP","global","STORAGE","string","Each node: 36 ports 12G SAS Expander with 3 SFF8643 Connectors"
"gid://shopify/Product/1774388805702","dss212s-u5-2u-12-bay-3-5-hdd-12g-sas-redundant-node-single-xeon-sp","DSS212S-U5 2U 12 BAY 3.5"" HDD 12G SAS REDUNDANT NODE SINGLE XEON SP","global","SYSTEM-CHIPSET","string","Intel® C622 chipset"
"gid://shopify/Product/1774388805702","dss212s-u5-2u-12-bay-3-5-hdd-12g-sas-redundant-node-single-xeon-sp","DSS212S-U5 2U 12 BAY 3.5"" HDD 12G SAS REDUNDANT NODE SINGLE XEON SP","global","SYSTEM-MEMORY","string","Each Node: Supports up to 6x DIMMs DDR4 RDIMM/RDIMM 3DS/LRDIMM/LRDIMM 3DS 2666"
"gid://shopify/Product/1774388805702","dss212s-u5-2u-12-bay-3-5-hdd-12g-sas-redundant-node-single-xeon-sp","DSS212S-U5 2U 12 BAY 3.5"" HDD 12G SAS REDUNDANT NODE SINGLE XEON SP","global","title","string","DSS212S-U5"
"gid://shopify/Product/1774388805702","dss212s-u5-2u-12-bay-3-5-hdd-12g-sas-redundant-node-single-xeon-sp","DSS212S-U5 2U 12 BAY 3.5"" HDD 12G SAS REDUNDANT NODE SINGLE XEON SP","global","171_Driver Bays","string","12 hot-swap 3.5"" 12G/6G SAS/SATA drive bay; Each node: 2x internal 2.5"" 7mm for OS drive bays"
"gid://shopify/Product/1774388805702","dss212s-u5-2u-12-bay-3-5-hdd-12g-sas-redundant-node-single-xeon-sp","DSS212S-U5 2U 12 BAY 3.5"" HDD 12G SAS REDUNDANT NODE SINGLE XEON SP","global","220_Cooling","string","Each node: 5x 40 mm fans"
"gid://shopify/Product/1774388805702","dss212s-u5-2u-12-bay-3-5-hdd-12g-sas-redundant-node-single-xeon-sp","DSS212S-U5 2U 12 BAY 3.5"" HDD 12G SAS REDUNDANT NODE SINGLE XEON SP","global","739_HTS Code","string","8473 30 5100"
"gid://shopify/Product/1774388805702","dss212s-u5-2u-12-bay-3-5-hdd-12g-sas-redundant-node-single-xeon-sp","DSS212S-U5 2U 12 BAY 3.5"" HDD 12G SAS REDUNDANT NODE SINGLE XEON SP","global","740_ECCN","string","4A994"
"gid://shopify/Product/1774388805702","dss212s-u5-2u-12-bay-3-5-hdd-12g-sas-redundant-node-single-xeon-sp","DSS212S-U5 2U 12 BAY 3.5"" HDD 12G SAS REDUNDANT NODE SINGLE XEON SP","global","741_Compliance","string","CE, FCC Class A, RoHS 6/6 compliant"
"gid://shopify/Product/1774388805702","dss212s-u5-2u-12-bay-3-5-hdd-12g-sas-redundant-node-single-xeon-sp","DSS212S-U5 2U 12 BAY 3.5"" HDD 12G SAS REDUNDANT NODE SINGLE XEON SP","global","AVL","string","https://cdn.shopify.com/s/files/1/0028/7509/7153/t/6/assets/DSS212S-U5-AVL-1528760266703.pdf?16700442393344791133"
"gid://shopify/Product/1774388805702","dss212s-u5-2u-12-bay-3-5-hdd-12g-sas-redundant-node-single-xeon-sp","DSS212S-U5 2U 12 BAY 3.5"" HDD 12G SAS REDUNDANT NODE SINGLE XEON SP","global","Compliance","string","CE, FCC Class A, RoHS 6/6 compliant"
"gid://shopify/Product/1774388805702","dss212s-u5-2u-12-bay-3-5-hdd-12g-sas-redundant-node-single-xeon-sp","DSS212S-U5 2U 12 BAY 3.5"" HDD 12G SAS REDUNDANT NODE SINGLE XEON SP","global","Cooling","string","Each node: 5x 40 mm fans"
"gid://shopify/Product/1774388805702","dss212s-u5-2u-12-bay-3-5-hdd-12g-sas-redundant-node-single-xeon-sp","DSS212S-U5 2U 12 BAY 3.5"" HDD 12G SAS REDUNDANT NODE SINGLE XEON SP","global","DIMENSIONS","string","System: 26.5""x19""x3.5"" (LxWxH) Packaging: 37""x25.2""x13.8""(LxWxH)"
"gid://shopify/Product/1774388805702","dss212s-u5-2u-12-bay-3-5-hdd-12g-sas-redundant-node-single-xeon-sp","DSS212S-U5 2U 12 BAY 3.5"" HDD 12G SAS REDUNDANT NODE SINGLE XEON SP","global","Drive-Bays","string","12 hot-swap 3.5"" 12G/6G SAS/SATA drive bay; Each node: 2x internal 2.5"" 7mm for OS drive bays"
"gid://shopify/Product/1774388805702","dss212s-u5-2u-12-bay-3-5-hdd-12g-sas-redundant-node-single-xeon-sp","DSS212S-U5 2U 12 BAY 3.5"" HDD 12G SAS REDUNDANT NODE SINGLE XEON SP","global","Environmental","string","Operating Temperature: 0°C to 35°C Non-Operating Temperature: -20°C to 70°C Humidity: 5% to 95% non-condensing"
"gid://shopify/Product/1774388805702","dss212s-u5-2u-12-bay-3-5-hdd-12g-sas-redundant-node-single-xeon-sp","DSS212S-U5 2U 12 BAY 3.5"" HDD 12G SAS REDUNDANT NODE SINGLE XEON SP","global","Logistic","string","HTS Code: 8473 30 5100; ECCN: 4A994"
"gid://shopify/Product/1774388805702","dss212s-u5-2u-12-bay-3-5-hdd-12g-sas-redundant-node-single-xeon-sp","DSS212S-U5 2U 12 BAY 3.5"" HDD 12G SAS REDUNDANT NODE SINGLE XEON SP","global","Ordering-Info","string","2U 12 BAYS 3.5"" HDD 12G SAS REDUNDANT NODE SINGLE XEON SP 1200W HRP"
"gid://shopify/Product/1774388805702","dss212s-u5-2u-12-bay-3-5-hdd-12g-sas-redundant-node-single-xeon-sp","DSS212S-U5 2U 12 BAY 3.5"" HDD 12G SAS REDUNDANT NODE SINGLE XEON SP","global","Product-Brief","string","https://cdn.shopify.com/s/files/1/0028/7509/7153/t/6/assets/DuraStreams_Intel_ProductBrief_Premio-1528760266710.pdf?3059086511747005525"
"gid://shopify/Product/1774388805702","dss212s-u5-2u-12-bay-3-5-hdd-12g-sas-redundant-node-single-xeon-sp","DSS212S-U5 2U 12 BAY 3.5"" HDD 12G SAS REDUNDANT NODE SINGLE XEON SP","global","resource_AVL","string","DSS212S-U5-AVL"
"gid://shopify/Product/1774388805702","dss212s-u5-2u-12-bay-3-5-hdd-12g-sas-redundant-node-single-xeon-sp","DSS212S-U5 2U 12 BAY 3.5"" HDD 12G SAS REDUNDANT NODE SINGLE XEON SP","global","resource_BIOS","string","X11SPW7_606"
"gid://shopify/Product/1774388805702","dss212s-u5-2u-12-bay-3-5-hdd-12g-sas-redundant-node-single-xeon-sp","DSS212S-U5 2U 12 BAY 3.5"" HDD 12G SAS REDUNDANT NODE SINGLE XEON SP","global","Supported-OS","string","Windows 2016, 2012 R2, RHEL 7.3/6.9, SLES 12 SP2/11 SP4, Fedora 25, FreeBSD 11/10.3, Centos 7.0, For other OS please contact us"
"gid://shopify/Product/1774388805702","dss212s-u5-2u-12-bay-3-5-hdd-12g-sas-redundant-node-single-xeon-sp","DSS212S-U5 2U 12 BAY 3.5"" HDD 12G SAS REDUNDANT NODE SINGLE XEON SP","global","WEIGHT","string","Net Weight 50lbs w/o Hard Drives; Gross Weight: 68 lbs"
"gid://shopify/Product/1774388805702","dss212s-u5-2u-12-bay-3-5-hdd-12g-sas-redundant-node-single-xeon-sp","DSS212S-U5 2U 12 BAY 3.5"" HDD 12G SAS REDUNDANT NODE SINGLE XEON SP","global","SKU","string","BD21233U5SM18-A"
"gid://shopify/Product/1774388805702","dss212s-u5-2u-12-bay-3-5-hdd-12g-sas-redundant-node-single-xeon-sp","DSS212S-U5 2U 12 BAY 3.5"" HDD 12G SAS REDUNDANT NODE SINGLE XEON SP","global","resource_Firmware","string","SMT_X11AST2500_122"
"gid://shopify/Product/1774388805702","dss212s-u5-2u-12-bay-3-5-hdd-12g-sas-redundant-node-single-xeon-sp","DSS212S-U5 2U 12 BAY 3.5"" HDD 12G SAS REDUNDANT NODE SINGLE XEON SP","customNameSpace","CustomKey","string","My Custom Value"
"gid://shopify/Product/1774388805702","dss212s-u5-2u-12-bay-3-5-hdd-12g-sas-redundant-node-single-xeon-sp","DSS212S-U5 2U 12 BAY 3.5"" HDD 12G SAS REDUNDANT NODE SINGLE XEON SP","global","BIOS-Group-1-File-1","string","https://cdn.shopify.com/s/files/1/0028/7509/7153/t/6/assets/X11SPW7_606-1528760682773.zip?8514900643335761630"
"gid://shopify/Product/1774388805702","dss212s-u5-2u-12-bay-3-5-hdd-12g-sas-redundant-node-single-xeon-sp","DSS212S-U5 2U 12 BAY 3.5"" HDD 12G SAS REDUNDANT NODE SINGLE XEON SP","global","BIOS-Group-1-Filename-1","string","X11SPW7_606.zip"
"gid://shopify/Product/1774388805702","dss212s-u5-2u-12-bay-3-5-hdd-12g-sas-redundant-node-single-xeon-sp","DSS212S-U5 2U 12 BAY 3.5"" HDD 12G SAS REDUNDANT NODE SINGLE XEON SP","global","Firmware-Group-1-File-1","string","https://cdn.shopify.com/s/files/1/0028/7509/7153/t/6/assets/SMT_X11AST2500_122-1528760682890.zip?5146454636025410870"
"gid://shopify/Product/1774388805702","dss212s-u5-2u-12-bay-3-5-hdd-12g-sas-redundant-node-single-xeon-sp","DSS212S-U5 2U 12 BAY 3.5"" HDD 12G SAS REDUNDANT NODE SINGLE XEON SP","global","Firmware-Group-1-Filename-1","string","SMT_X11AST2500_122.zip"
"gid://shopify/Product/1774388805702","dss212s-u5-2u-12-bay-3-5-hdd-12g-sas-redundant-node-single-xeon-sp","DSS212S-U5 2U 12 BAY 3.5"" HDD 12G SAS REDUNDANT NODE SINGLE XEON SP","global","resource_Product Brief","string","PB-DuraStreams_Intel_E"
"gid://shopify/Product/1774388805702","dss212s-u5-2u-12-bay-3-5-hdd-12g-sas-redundant-node-single-xeon-sp","DSS212S-U5 2U 12 BAY 3.5"" HDD 12G SAS REDUNDANT NODE SINGLE XEON SP","global","processor","string","Intel"
"gid://shopify/Product/1774389231686","dss212s-un-2u-12-bays-3-5-hdd-12g-sas-redundant-node-single-epyc-1200w-hrp","DSS212S-UN 2U 12 BAYS 3.5"" HDD 12G SAS REDUNDANT NODE SINGLE EPYC 1200W HRP","global","100_System","string","System"
"gid://shopify/Product/1774389231686","dss212s-un-2u-12-bays-3-5-hdd-12g-sas-redundant-node-single-epyc-1200w-hrp","DSS212S-UN 2U 12 BAYS 3.5"" HDD 12G SAS REDUNDANT NODE SINGLE EPYC 1200W HRP","global","110_Processor","string","Each Node: Supports single socket AMD EPYC&trade; up to 180W TDP socket SP3"
"gid://shopify/Product/1774389231686","dss212s-un-2u-12-bays-3-5-hdd-12g-sas-redundant-node-single-epyc-1200w-hrp","DSS212S-UN 2U 12 BAYS 3.5"" HDD 12G SAS REDUNDANT NODE SINGLE EPYC 1200W HRP","global","130_System Memory","string","Each Node: Supports up to 16x DIMM DDR4 RDIMM/L 2400"
"gid://shopify/Product/1774389231686","dss212s-un-2u-12-bays-3-5-hdd-12g-sas-redundant-node-single-epyc-1200w-hrp","DSS212S-UN 2U 12 BAYS 3.5"" HDD 12G SAS REDUNDANT NODE SINGLE EPYC 1200W HRP","global","170_Storage","string","Each Node: 36 ports 12G SAS Expander with 3 SFF8643 Connectors"
"gid://shopify/Product/1774389231686","dss212s-un-2u-12-bays-3-5-hdd-12g-sas-redundant-node-single-epyc-1200w-hrp","DSS212S-UN 2U 12 BAYS 3.5"" HDD 12G SAS REDUNDANT NODE SINGLE EPYC 1200W HRP","global","305_Expansion","string","Each Node: 2x PCI-E3.0 x 16; 1x PCI-E3.0x16 OCP 2.0"
"gid://shopify/Product/1774389231686","dss212s-un-2u-12-bays-3-5-hdd-12g-sas-redundant-node-single-epyc-1200w-hrp","DSS212S-UN 2U 12 BAYS 3.5"" HDD 12G SAS REDUNDANT NODE SINGLE EPYC 1200W HRP","global","700_Environment","string","Environment"
"gid://shopify/Product/1774389231686","dss212s-un-2u-12-bays-3-5-hdd-12g-sas-redundant-node-single-epyc-1200w-hrp","DSS212S-UN 2U 12 BAYS 3.5"" HDD 12G SAS REDUNDANT NODE SINGLE EPYC 1200W HRP","global","710_Operating Temperature","string","0&deg;C ~ 35&deg;C"
"gid://shopify/Product/1774389231686","dss212s-un-2u-12-bays-3-5-hdd-12g-sas-redundant-node-single-epyc-1200w-hrp","DSS212S-UN 2U 12 BAYS 3.5"" HDD 12G SAS REDUNDANT NODE SINGLE EPYC 1200W HRP","global","720_Storage Temperature","string","-20&deg;C ~ 70&deg;C"
"gid://shopify/Product/1774389231686","dss212s-un-2u-12-bays-3-5-hdd-12g-sas-redundant-node-single-epyc-1200w-hrp","DSS212S-UN 2U 12 BAYS 3.5"" HDD 12G SAS REDUNDANT NODE SINGLE EPYC 1200W HRP","global","730_Relative Humidity","string","5% ~ 95% relative humidity, non-condensing"
"gid://shopify/Product/1774389231686","dss212s-un-2u-12-bays-3-5-hdd-12g-sas-redundant-node-single-epyc-1200w-hrp","DSS212S-UN 2U 12 BAYS 3.5"" HDD 12G SAS REDUNDANT NODE SINGLE EPYC 1200W HRP","global","800_Physical","string","Physical"
"gid://shopify/Product/1774389231686","dss212s-un-2u-12-bays-3-5-hdd-12g-sas-redundant-node-single-epyc-1200w-hrp","DSS212S-UN 2U 12 BAYS 3.5"" HDD 12G SAS REDUNDANT NODE SINGLE EPYC 1200W HRP","global","810_Dimensions (W x H x D)","string","System: 26.5""x19""x3.5"" (LxWxH) Packaging: 37“x25.2""x13.8: (LxWxH)"
"gid://shopify/Product/1774389231686","dss212s-un-2u-12-bays-3-5-hdd-12g-sas-redundant-node-single-epyc-1200w-hrp","DSS212S-UN 2U 12 BAYS 3.5"" HDD 12G SAS REDUNDANT NODE SINGLE EPYC 1200W HRP","global","820_Weights","string","Net Weight: 50lbs without Hard Drives Gross Weight: 68lbs"
"gid://shopify/Product/1774389231686","dss212s-un-2u-12-bays-3-5-hdd-12g-sas-redundant-node-single-epyc-1200w-hrp","DSS212S-UN 2U 12 BAYS 3.5"" HDD 12G SAS REDUNDANT NODE SINGLE EPYC 1200W HRP","global","family","string","server"
"gid://shopify/Product/1774389231686","dss212s-un-2u-12-bays-3-5-hdd-12g-sas-redundant-node-single-epyc-1200w-hrp","DSS212S-UN 2U 12 BAYS 3.5"" HDD 12G SAS REDUNDANT NODE SINGLE EPYC 1200W HRP","global","product series","string","DuraStreams"
"gid://shopify/Product/1774389231686","dss212s-un-2u-12-bays-3-5-hdd-12g-sas-redundant-node-single-epyc-1200w-hrp","DSS212S-UN 2U 12 BAYS 3.5"" HDD 12G SAS REDUNDANT NODE SINGLE EPYC 1200W HRP","global","resource_Data Sheet","string","DS_DSS212S-UN_E"
"gid://shopify/Product/1774389231686","dss212s-un-2u-12-bays-3-5-hdd-12g-sas-redundant-node-single-epyc-1200w-hrp","DSS212S-UN 2U 12 BAYS 3.5"" HDD 12G SAS REDUNDANT NODE SINGLE EPYC 1200W HRP","global","title","string","DSS212S-UN"
"gid://shopify/Product/1774389231686","dss212s-un-2u-12-bays-3-5-hdd-12g-sas-redundant-node-single-epyc-1200w-hrp","DSS212S-UN 2U 12 BAYS 3.5"" HDD 12G SAS REDUNDANT NODE SINGLE EPYC 1200W HRP","global","171_Driver Bays","string","12 hot-swap 3.5"" 12G/6G SAS/SATA drive bay; Each node: 2x internal 2.5"" 7mm for OS drive bays"
"gid://shopify/Product/1774389231686","dss212s-un-2u-12-bays-3-5-hdd-12g-sas-redundant-node-single-epyc-1200w-hrp","DSS212S-UN 2U 12 BAYS 3.5"" HDD 12G SAS REDUNDANT NODE SINGLE EPYC 1200W HRP","global","220_Cooling","string","Each node: 5x 40mm fans"
"gid://shopify/Product/1774389231686","dss212s-un-2u-12-bays-3-5-hdd-12g-sas-redundant-node-single-epyc-1200w-hrp","DSS212S-UN 2U 12 BAYS 3.5"" HDD 12G SAS REDUNDANT NODE SINGLE EPYC 1200W HRP","global","739_HTS Code","string","8473 30 5100"
"gid://shopify/Product/1774389231686","dss212s-un-2u-12-bays-3-5-hdd-12g-sas-redundant-node-single-epyc-1200w-hrp","DSS212S-UN 2U 12 BAYS 3.5"" HDD 12G SAS REDUNDANT NODE SINGLE EPYC 1200W HRP","global","740_ECCN","string","4A994"
"gid://shopify/Product/1774389231686","dss212s-un-2u-12-bays-3-5-hdd-12g-sas-redundant-node-single-epyc-1200w-hrp","DSS212S-UN 2U 12 BAYS 3.5"" HDD 12G SAS REDUNDANT NODE SINGLE EPYC 1200W HRP","global","741_Compliance","string","CE, FCC Class A, RoHS 6/6 compliant"
"gid://shopify/Product/1774389231686","dss212s-un-2u-12-bays-3-5-hdd-12g-sas-redundant-node-single-epyc-1200w-hrp","DSS212S-UN 2U 12 BAYS 3.5"" HDD 12G SAS REDUNDANT NODE SINGLE EPYC 1200W HRP","global","resource_AVL","string","DSS212S-UN-DSS316S-UN-AVL"
"gid://shopify/Product/1774389231686","dss212s-un-2u-12-bays-3-5-hdd-12g-sas-redundant-node-single-epyc-1200w-hrp","DSS212S-UN 2U 12 BAYS 3.5"" HDD 12G SAS REDUNDANT NODE SINGLE EPYC 1200W HRP","global","resource_BIOS","string","Tyan S8026GM2NRE"
"gid://shopify/Product/1774389231686","dss212s-un-2u-12-bays-3-5-hdd-12g-sas-redundant-node-single-epyc-1200w-hrp","DSS212S-UN 2U 12 BAYS 3.5"" HDD 12G SAS REDUNDANT NODE SINGLE EPYC 1200W HRP","global","resource_Install Guide","string","DSS212S-UN-QG"
"gid://shopify/Product/1774389231686","dss212s-un-2u-12-bays-3-5-hdd-12g-sas-redundant-node-single-epyc-1200w-hrp","DSS212S-UN 2U 12 BAYS 3.5"" HDD 12G SAS REDUNDANT NODE SINGLE EPYC 1200W HRP","global","resource_Product Brief","string","PB-DuraStreams_AMD_E"
"gid://shopify/Product/1774389231686","dss212s-un-2u-12-bays-3-5-hdd-12g-sas-redundant-node-single-epyc-1200w-hrp","DSS212S-UN 2U 12 BAYS 3.5"" HDD 12G SAS REDUNDANT NODE SINGLE EPYC 1200W HRP","global","processor","string","AMD"
"gid://shopify/Product/1774389624902","dss224j-s3-2u-24-bays","DSS224J-S3 2U 24 BAYS 2.5"" HDD/SSD 12G SAS DUAL EXPANDER JBOD 500W HRP","global","100_System","string","System"
"gid://shopify/Product/1774389624902","dss224j-s3-2u-24-bays","DSS224J-S3 2U 24 BAYS 2.5"" HDD/SSD 12G SAS DUAL EXPANDER JBOD 500W HRP","global","170_Storage","string","24x 2.5"" 12G SAS dual-ported Tray-less drive bays"
"gid://shopify/Product/1774389624902","dss224j-s3-2u-24-bays","DSS224J-S3 2U 24 BAYS 2.5"" HDD/SSD 12G SAS DUAL EXPANDER JBOD 500W HRP","global","700_Environment","string","Environment"
"gid://shopify/Product/1774389624902","dss224j-s3-2u-24-bays","DSS224J-S3 2U 24 BAYS 2.5"" HDD/SSD 12G SAS DUAL EXPANDER JBOD 500W HRP","global","710_Operating Temperature","string","0&deg;C ~ 35&deg;C"
"gid://shopify/Product/1774389624902","dss224j-s3-2u-24-bays","DSS224J-S3 2U 24 BAYS 2.5"" HDD/SSD 12G SAS DUAL EXPANDER JBOD 500W HRP","global","720_Storage Temperature","string","-20&deg;C ~ 70&deg;C"
"gid://shopify/Product/1774389624902","dss224j-s3-2u-24-bays","DSS224J-S3 2U 24 BAYS 2.5"" HDD/SSD 12G SAS DUAL EXPANDER JBOD 500W HRP","global","730_Relative Humidity","string","5% ~ 95% relative humidity, non-condensing"
"gid://shopify/Product/1774389624902","dss224j-s3-2u-24-bays","DSS224J-S3 2U 24 BAYS 2.5"" HDD/SSD 12G SAS DUAL EXPANDER JBOD 500W HRP","global","800_Physical","string","Physical"
"gid://shopify/Product/1774389624902","dss224j-s3-2u-24-bays","DSS224J-S3 2U 24 BAYS 2.5"" HDD/SSD 12G SAS DUAL EXPANDER JBOD 500W HRP","global","810_Dimensions (W x H x D)","string","System: 20.5""x19""x3.5"" (LxWxH) Packaging: 33""x 25""x11.5""(LxWxH)"
"gid://shopify/Product/1774389624902","dss224j-s3-2u-24-bays","DSS224J-S3 2U 24 BAYS 2.5"" HDD/SSD 12G SAS DUAL EXPANDER JBOD 500W HRP","global","820_Weights","string","40lbs w/o Drives"
"gid://shopify/Product/1774389624902","dss224j-s3-2u-24-bays","DSS224J-S3 2U 24 BAYS 2.5"" HDD/SSD 12G SAS DUAL EXPANDER JBOD 500W HRP","global","family","string","server"
"gid://shopify/Product/1774389624902","dss224j-s3-2u-24-bays","DSS224J-S3 2U 24 BAYS 2.5"" HDD/SSD 12G SAS DUAL EXPANDER JBOD 500W HRP","global","product series","string","DuraStreams"
"gid://shopify/Product/1774389624902","dss224j-s3-2u-24-bays","DSS224J-S3 2U 24 BAYS 2.5"" HDD/SSD 12G SAS DUAL EXPANDER JBOD 500W HRP","global","title","string","DSS224J-S3"
"gid://shopify/Product/1774389624902","dss224j-s3-2u-24-bays","DSS224J-S3 2U 24 BAYS 2.5"" HDD/SSD 12G SAS DUAL EXPANDER JBOD 500W HRP","global","220_Cooling","string","Redundant dual 80mm exhaust fan in PSU modules with Smart Fan control for optimized cooling"
"gid://shopify/Product/1774389624902","dss224j-s3-2u-24-bays","DSS224J-S3 2U 24 BAYS 2.5"" HDD/SSD 12G SAS DUAL EXPANDER JBOD 500W HRP","global","739_HTS Code","string","8473 30 5100"
"gid://shopify/Product/1774389624902","dss224j-s3-2u-24-bays","DSS224J-S3 2U 24 BAYS 2.5"" HDD/SSD 12G SAS DUAL EXPANDER JBOD 500W HRP","global","740_ECCN","string","4A994"
"gid://shopify/Product/1774389624902","dss224j-s3-2u-24-bays","DSS224J-S3 2U 24 BAYS 2.5"" HDD/SSD 12G SAS DUAL EXPANDER JBOD 500W HRP","global","741_Compliance","string","CE, FCC Class A, RoHS 6/6 compliant"
"gid://shopify/Product/1774389624902","dss224j-s3-2u-24-bays","DSS224J-S3 2U 24 BAYS 2.5"" HDD/SSD 12G SAS DUAL EXPANDER JBOD 500W HRP","global","resource_BIOS","string","JNM-2.0.5-BIOS"
"gid://shopify/Product/1774389624902","dss224j-s3-2u-24-bays","DSS224J-S3 2U 24 BAYS 2.5"" HDD/SSD 12G SAS DUAL EXPANDER JBOD 500W HRP","global","301_I/O","string","2x SFF8644 12G SAS lanes Uplink host / expander <br>1x SFF8644 12G SAS lanes Downlink / expander <br>1x RJ45 for remote management / expander <br>1x mini Jack for RS232 management"
"gid://shopify/Product/1774389624902","dss224j-s3-2u-24-bays","DSS224J-S3 2U 24 BAYS 2.5"" HDD/SSD 12G SAS DUAL EXPANDER JBOD 500W HRP","global","115_Expander","string","Single or Dual LSI 12G SAS Expander"
"gid://shopify/Product/1774389624902","dss224j-s3-2u-24-bays","DSS224J-S3 2U 24 BAYS 2.5"" HDD/SSD 12G SAS DUAL EXPANDER JBOD 500W HRP","global","172_Enclosure Management","string","HDD Status/Indentifier LEDs, Smart Fan, Thermal Monitor, HDD Monitor, Voltage Monitor, Inband SES 2 support"
"gid://shopify/Product/1774389624902","dss224j-s3-2u-24-bays","DSS224J-S3 2U 24 BAYS 2.5"" HDD/SSD 12G SAS DUAL EXPANDER JBOD 500W HRP","global","resource_Firmware","string","fwsas3x36-Firmware"
"gid://shopify/Product/1774389624902","dss224j-s3-2u-24-bays","DSS224J-S3 2U 24 BAYS 2.5"" HDD/SSD 12G SAS DUAL EXPANDER JBOD 500W HRP","global","resource_MFG file","string","mfgsas3x36R-MFG-File"
"gid://shopify/Product/1774389624902","dss224j-s3-2u-24-bays","DSS224J-S3 2U 24 BAYS 2.5"" HDD/SSD 12G SAS DUAL EXPANDER JBOD 500W HRP","global","169_Controller Support","string","12Gb/s Host-based RAID Controller cards and HBAs with external connectivity"
"gid://shopify/Product/1774389624902","dss224j-s3-2u-24-bays","DSS224J-S3 2U 24 BAYS 2.5"" HDD/SSD 12G SAS DUAL EXPANDER JBOD 500W HRP","global","resource_Data Sheet","string","DS_DSS224J-S3_E"
"gid://shopify/Product/1774389624902","dss224j-s3-2u-24-bays","DSS224J-S3 2U 24 BAYS 2.5"" HDD/SSD 12G SAS DUAL EXPANDER JBOD 500W HRP","global","processor","string","JBOD"
"gid://shopify/Product/2041801310278","dss224n-un-2u-24-bays-nvme-redundant-node-single-epyc-1200w-hrp","DSS224N-UN 2U 24 BAYS NVMe REDUNDANT NODE SINGLE EPYC 1200W HRP","global","title","string","DSS224N-UN"
"gid://shopify/Product/2041801310278","dss224n-un-2u-24-bays-nvme-redundant-node-single-epyc-1200w-hrp","DSS224N-UN 2U 24 BAYS NVMe REDUNDANT NODE SINGLE EPYC 1200W HRP","global","resource_Data Sheet","string","DS_DSS224N-UN_E"
"gid://shopify/Product/2041801310278","dss224n-un-2u-24-bays-nvme-redundant-node-single-epyc-1200w-hrp","DSS224N-UN 2U 24 BAYS NVMe REDUNDANT NODE SINGLE EPYC 1200W HRP","global","820_Weights","string","Net Weight: 55lbs w/o Hard Drives<br> Gross Weight: 77lbs"
"gid://shopify/Product/2041801310278","dss224n-un-2u-24-bays-nvme-redundant-node-single-epyc-1200w-hrp","DSS224N-UN 2U 24 BAYS NVMe REDUNDANT NODE SINGLE EPYC 1200W HRP","global","810_Dimensions (W x H x D)","string","System: 30”x19”x3.5” (LxWxH)<br>Packaging: 37”x 25”x12”(LxWxH)"
"gid://shopify/Product/2041801310278","dss224n-un-2u-24-bays-nvme-redundant-node-single-epyc-1200w-hrp","DSS224N-UN 2U 24 BAYS NVMe REDUNDANT NODE SINGLE EPYC 1200W HRP","global","800_Physical","string","Physical"
"gid://shopify/Product/2041801310278","dss224n-un-2u-24-bays-nvme-redundant-node-single-epyc-1200w-hrp","DSS224N-UN 2U 24 BAYS NVMe REDUNDANT NODE SINGLE EPYC 1200W HRP","global","741_Compliance","string","CE, FCC Class A, RoHS 6/6 compliant"
"gid://shopify/Product/2041801310278","dss224n-un-2u-24-bays-nvme-redundant-node-single-epyc-1200w-hrp","DSS224N-UN 2U 24 BAYS NVMe REDUNDANT NODE SINGLE EPYC 1200W HRP","global","740_ECCN","string","4A994"
"gid://shopify/Product/2041801310278","dss224n-un-2u-24-bays-nvme-redundant-node-single-epyc-1200w-hrp","DSS224N-UN 2U 24 BAYS NVMe REDUNDANT NODE SINGLE EPYC 1200W HRP","global","739_HTS Code","string","8473 30 5100"
"gid://shopify/Product/2041801310278","dss224n-un-2u-24-bays-nvme-redundant-node-single-epyc-1200w-hrp","DSS224N-UN 2U 24 BAYS NVMe REDUNDANT NODE SINGLE EPYC 1200W HRP","global","730_Relative Humidity","string","5% ~ 95% relative humidity, non-condensing"
"gid://shopify/Product/2041801310278","dss224n-un-2u-24-bays-nvme-redundant-node-single-epyc-1200w-hrp","DSS224N-UN 2U 24 BAYS NVMe REDUNDANT NODE SINGLE EPYC 1200W HRP","global","720_Storage Temperature","string","-20&deg;C ~ 70&deg;C"
"gid://shopify/Product/2041801310278","dss224n-un-2u-24-bays-nvme-redundant-node-single-epyc-1200w-hrp","DSS224N-UN 2U 24 BAYS NVMe REDUNDANT NODE SINGLE EPYC 1200W HRP","global","710_Operating Temperature","string","0&deg;C ~ 35&deg;C"
"gid://shopify/Product/2041801310278","dss224n-un-2u-24-bays-nvme-redundant-node-single-epyc-1200w-hrp","DSS224N-UN 2U 24 BAYS NVMe REDUNDANT NODE SINGLE EPYC 1200W HRP","global","700_Environment","string","Environment"
"gid://shopify/Product/2041801310278","dss224n-un-2u-24-bays-nvme-redundant-node-single-epyc-1200w-hrp","DSS224N-UN 2U 24 BAYS NVMe REDUNDANT NODE SINGLE EPYC 1200W HRP","global","501_Power","string","1+1 1200W AC/DC or -48VDC/DC high efficiency 80plus Platinum redundant power supplies"
"gid://shopify/Product/2041801310278","dss224n-un-2u-24-bays-nvme-redundant-node-single-epyc-1200w-hrp","DSS224N-UN 2U 24 BAYS NVMe REDUNDANT NODE SINGLE EPYC 1200W HRP","global","302_Front I/O","string","Power On/Off switch & LED<br> Locate switch & LED<br>Reset switch<br> System warning LED<br> 4x LAN LED"
"gid://shopify/Product/2041801310278","dss224n-un-2u-24-bays-nvme-redundant-node-single-epyc-1200w-hrp","DSS224N-UN 2U 24 BAYS NVMe REDUNDANT NODE SINGLE EPYC 1200W HRP","global","299_Other Features","string","Dedicated GbE for IPMI 2.0"
"gid://shopify/Product/2041801310278","dss224n-un-2u-24-bays-nvme-redundant-node-single-epyc-1200w-hrp","DSS224N-UN 2U 24 BAYS NVMe REDUNDANT NODE SINGLE EPYC 1200W HRP","global","220_Cooling","string","Each node: 5x 40mm fans"
"gid://shopify/Product/2041801310278","dss224n-un-2u-24-bays-nvme-redundant-node-single-epyc-1200w-hrp","DSS224N-UN 2U 24 BAYS NVMe REDUNDANT NODE SINGLE EPYC 1200W HRP","global","211_Supported OS","string","Windows 2012 R2<br> Windows 2016 Server<br> RHEL 7.4<br> SLES 12 SP2<br> Ubuntu 17.04<br> For other OS, please contact us"
"gid://shopify/Product/2041801310278","dss224n-un-2u-24-bays-nvme-redundant-node-single-epyc-1200w-hrp","DSS224N-UN 2U 24 BAYS NVMe REDUNDANT NODE SINGLE EPYC 1200W HRP","global","171_Driver Bays","string","24x 2.5” 15mm hot-swap U.2 NVMe drive bays <br> each node has 2x internal 7mm SATA drives for OS"
"gid://shopify/Product/2041801310278","dss224n-un-2u-24-bays-nvme-redundant-node-single-epyc-1200w-hrp","DSS224N-UN 2U 24 BAYS NVMe REDUNDANT NODE SINGLE EPYC 1200W HRP","global","161_Network","string","Each Node: 2x GbE ports, 1x GbE dedicated for IPMI"
"gid://shopify/Product/2041801310278","dss224n-un-2u-24-bays-nvme-redundant-node-single-epyc-1200w-hrp","DSS224N-UN 2U 24 BAYS NVMe REDUNDANT NODE SINGLE EPYC 1200W HRP","global","130_System Memory","string","Each Node: Supports up to 16x DIMMs DDR4 RDIMM/L 2400"
"gid://shopify/Product/2041801310278","dss224n-un-2u-24-bays-nvme-redundant-node-single-epyc-1200w-hrp","DSS224N-UN 2U 24 BAYS NVMe REDUNDANT NODE SINGLE EPYC 1200W HRP","global","110_Processor","string","Each Node: Supports single socket AMD EPYC&trade; up to 180W TDP socket SP3"
"gid://shopify/Product/2041801310278","dss224n-un-2u-24-bays-nvme-redundant-node-single-epyc-1200w-hrp","DSS224N-UN 2U 24 BAYS NVMe REDUNDANT NODE SINGLE EPYC 1200W HRP","global","100_System","string","System"
"gid://shopify/Product/2041801310278","dss224n-un-2u-24-bays-nvme-redundant-node-single-epyc-1200w-hrp","DSS224N-UN 2U 24 BAYS NVMe REDUNDANT NODE SINGLE EPYC 1200W HRP","global","processor","string","AMD"
"gid://shopify/Product/2041801310278","dss224n-un-2u-24-bays-nvme-redundant-node-single-epyc-1200w-hrp","DSS224N-UN 2U 24 BAYS NVMe REDUNDANT NODE SINGLE EPYC 1200W HRP","global","product series","string","DuraStreams"
"gid://shopify/Product/2041801310278","dss224n-un-2u-24-bays-nvme-redundant-node-single-epyc-1200w-hrp","DSS224N-UN 2U 24 BAYS NVMe REDUNDANT NODE SINGLE EPYC 1200W HRP","global","family","string","server"
"gid://shopify/Product/1774390181958","dss224s-d5-2u-24-bays","DSS224S-D5 2U 24 BAYS 2.5"" 12G SAS REDUNDANT NODE DUAL XEON SP 1200W HRP","global","100_System","string","System"
"gid://shopify/Product/1774390181958","dss224s-d5-2u-24-bays","DSS224S-D5 2U 24 BAYS 2.5"" 12G SAS REDUNDANT NODE DUAL XEON SP 1200W HRP","global","110_Processor","string","Each Node: Supports Single Socket Intel&reg; Xeon&reg; P Skylake up to 205W TDP socket LGA3647"
"gid://shopify/Product/1774390181958","dss224s-d5-2u-24-bays","DSS224S-D5 2U 24 BAYS 2.5"" 12G SAS REDUNDANT NODE DUAL XEON SP 1200W HRP","global","120_System Chipset","string","Intel C621 chipset"
"gid://shopify/Product/1774390181958","dss224s-d5-2u-24-bays","DSS224S-D5 2U 24 BAYS 2.5"" 12G SAS REDUNDANT NODE DUAL XEON SP 1200W HRP","global","130_System Memory","string","Each node: Supports 16x DIMMs DDR4 RDIMM/RDIMM 3DS/LRDIMM/LRDIMM 3DS 2666"
"gid://shopify/Product/1774390181958","dss224s-d5-2u-24-bays","DSS224S-D5 2U 24 BAYS 2.5"" 12G SAS REDUNDANT NODE DUAL XEON SP 1200W HRP","global","170_Storage","string","Each node: 36 ports 12G SAS Expander with 3 SFF8643 Connectors"
"gid://shopify/Product/1774390181958","dss224s-d5-2u-24-bays","DSS224S-D5 2U 24 BAYS 2.5"" 12G SAS REDUNDANT NODE DUAL XEON SP 1200W HRP","global","305_Expansion","string","Each node: 2x PCIe Gen3 x 16 slots; 1x PCIe Gen3 x16 OCP Storage Mezz,; 1x PCIe Gen3 x16 OCP NIC"
"gid://shopify/Product/1774390181958","dss224s-d5-2u-24-bays","DSS224S-D5 2U 24 BAYS 2.5"" 12G SAS REDUNDANT NODE DUAL XEON SP 1200W HRP","global","700_Environment","string","Environment"
"gid://shopify/Product/1774390181958","dss224s-d5-2u-24-bays","DSS224S-D5 2U 24 BAYS 2.5"" 12G SAS REDUNDANT NODE DUAL XEON SP 1200W HRP","global","710_Operating Temperature","string","0&deg;C ~ 35&deg;C"
"gid://shopify/Product/1774390181958","dss224s-d5-2u-24-bays","DSS224S-D5 2U 24 BAYS 2.5"" 12G SAS REDUNDANT NODE DUAL XEON SP 1200W HRP","global","720_Storage Temperature","string","-20&deg;C ~ 70&deg;C"
"gid://shopify/Product/1774390181958","dss224s-d5-2u-24-bays","DSS224S-D5 2U 24 BAYS 2.5"" 12G SAS REDUNDANT NODE DUAL XEON SP 1200W HRP","global","730_Relative Humidity","string","5% ~ 95% relative humidity, non-condensing"
"gid://shopify/Product/1774390181958","dss224s-d5-2u-24-bays","DSS224S-D5 2U 24 BAYS 2.5"" 12G SAS REDUNDANT NODE DUAL XEON SP 1200W HRP","global","800_Physical","string","Physical"
"gid://shopify/Product/1774390181958","dss224s-d5-2u-24-bays","DSS224S-D5 2U 24 BAYS 2.5"" 12G SAS REDUNDANT NODE DUAL XEON SP 1200W HRP","global","810_Dimensions (W x H x D)","string","System: 27""x19""x7"" (DxWxH) Packaging: 38""x 25.2""x18""(LxWxH)"
"gid://shopify/Product/1774390181958","dss224s-d5-2u-24-bays","DSS224S-D5 2U 24 BAYS 2.5"" 12G SAS REDUNDANT NODE DUAL XEON SP 1200W HRP","global","820_Weights","string","Gross: 51.78KG/114LBS; Net: 33.9KG/75LBS"
"gid://shopify/Product/1774390181958","dss224s-d5-2u-24-bays","DSS224S-D5 2U 24 BAYS 2.5"" 12G SAS REDUNDANT NODE DUAL XEON SP 1200W HRP","global","family","string","server"
"gid://shopify/Product/1774390181958","dss224s-d5-2u-24-bays","DSS224S-D5 2U 24 BAYS 2.5"" 12G SAS REDUNDANT NODE DUAL XEON SP 1200W HRP","global","product series","string","DuraStreams"
"gid://shopify/Product/1774390181958","dss224s-d5-2u-24-bays","DSS224S-D5 2U 24 BAYS 2.5"" 12G SAS REDUNDANT NODE DUAL XEON SP 1200W HRP","global","resource_Data Sheet","string","DS_DSS224S-D5_E"
"gid://shopify/Product/1774390181958","dss224s-d5-2u-24-bays","DSS224S-D5 2U 24 BAYS 2.5"" 12G SAS REDUNDANT NODE DUAL XEON SP 1200W HRP","global","title","string","DSS224S-D5"
"gid://shopify/Product/1774390181958","dss224s-d5-2u-24-bays","DSS224S-D5 2U 24 BAYS 2.5"" 12G SAS REDUNDANT NODE DUAL XEON SP 1200W HRP","global","171_Driver Bays","string","24x 2.5"" 12Gbps/6Gbps SAS dual ported HDD bays Each node has 2x internal 2.5"" OS drive bay"
"gid://shopify/Product/1774390181958","dss224s-d5-2u-24-bays","DSS224S-D5 2U 24 BAYS 2.5"" 12G SAS REDUNDANT NODE DUAL XEON SP 1200W HRP","global","220_Cooling","string","Each node: 5x 40mm fans"
"gid://shopify/Product/1774390181958","dss224s-d5-2u-24-bays","DSS224S-D5 2U 24 BAYS 2.5"" 12G SAS REDUNDANT NODE DUAL XEON SP 1200W HRP","global","739_HTS Code","string","8473 30 5100"
"gid://shopify/Product/1774390181958","dss224s-d5-2u-24-bays","DSS224S-D5 2U 24 BAYS 2.5"" 12G SAS REDUNDANT NODE DUAL XEON SP 1200W HRP","global","740_ECCN","string","4A994"
"gid://shopify/Product/1774390181958","dss224s-d5-2u-24-bays","DSS224S-D5 2U 24 BAYS 2.5"" 12G SAS REDUNDANT NODE DUAL XEON SP 1200W HRP","global","741_Compliance","string","CE, FCC Class A, RoHS 6/6 compliant"
"gid://shopify/Product/1774390181958","dss224s-d5-2u-24-bays","DSS224S-D5 2U 24 BAYS 2.5"" 12G SAS REDUNDANT NODE DUAL XEON SP 1200W HRP","global","resource_AVL","string","DSS224S-D5-AVL"
"gid://shopify/Product/1774390181958","dss224s-d5-2u-24-bays","DSS224S-D5 2U 24 BAYS 2.5"" 12G SAS REDUNDANT NODE DUAL XEON SP 1200W HRP","global","resource_BIOS","string","Tyan S7106GM2NR, Tyan S7106GM2NR-L2"
"gid://shopify/Product/1774390181958","dss224s-d5-2u-24-bays","DSS224S-D5 2U 24 BAYS 2.5"" 12G SAS REDUNDANT NODE DUAL XEON SP 1200W HRP","global","resource_Product Brief","string","PB-DuraStreams_Intel_E"
"gid://shopify/Product/1774390181958","dss224s-d5-2u-24-bays","DSS224S-D5 2U 24 BAYS 2.5"" 12G SAS REDUNDANT NODE DUAL XEON SP 1200W HRP","global","processor","string","Intel"
"gid://shopify/Product/1774390542406","dss224s-un-2u-24-bays","DSS224S-UN 2U 24 BAYS 2.5"" 12G SAS REDUNDANT NODE SINGLE EPYC 1200W HRP","global","100_System","string","System"
"gid://shopify/Product/1774390542406","dss224s-un-2u-24-bays","DSS224S-UN 2U 24 BAYS 2.5"" 12G SAS REDUNDANT NODE SINGLE EPYC 1200W HRP","global","110_Processor","string","Each Node: Supports single socket AMD EPYC&trade; up to 180W TDP socket SP3"
"gid://shopify/Product/1774390542406","dss224s-un-2u-24-bays","DSS224S-UN 2U 24 BAYS 2.5"" 12G SAS REDUNDANT NODE SINGLE EPYC 1200W HRP","global","130_System Memory","string","Each Node: Supports up to 16x DIMMs DDR4 RDIMM/L 2400"
"gid://shopify/Product/1774390542406","dss224s-un-2u-24-bays","DSS224S-UN 2U 24 BAYS 2.5"" 12G SAS REDUNDANT NODE SINGLE EPYC 1200W HRP","global","170_Storage","string","Each Node: 36 ports 12G SAS Expander with 3 SFF8643 connecters"
"gid://shopify/Product/1774390542406","dss224s-un-2u-24-bays","DSS224S-UN 2U 24 BAYS 2.5"" 12G SAS REDUNDANT NODE SINGLE EPYC 1200W HRP","global","305_Expansion","string","Each Node: 2x PCI-E3.0 x16; 1x PCI-E3.0 x16 OCP 2.0"
"gid://shopify/Product/1774390542406","dss224s-un-2u-24-bays","DSS224S-UN 2U 24 BAYS 2.5"" 12G SAS REDUNDANT NODE SINGLE EPYC 1200W HRP","global","700_Environment","string","Environment"
"gid://shopify/Product/1774390542406","dss224s-un-2u-24-bays","DSS224S-UN 2U 24 BAYS 2.5"" 12G SAS REDUNDANT NODE SINGLE EPYC 1200W HRP","global","710_Operating Temperature","string","0&deg;C ~ 35&deg;C"
"gid://shopify/Product/1774390542406","dss224s-un-2u-24-bays","DSS224S-UN 2U 24 BAYS 2.5"" 12G SAS REDUNDANT NODE SINGLE EPYC 1200W HRP","global","720_Storage Temperature","string","-20&deg;C ~ 70&deg;C"
"gid://shopify/Product/1774390542406","dss224s-un-2u-24-bays","DSS224S-UN 2U 24 BAYS 2.5"" 12G SAS REDUNDANT NODE SINGLE EPYC 1200W HRP","global","730_Relative Humidity","string","5% ~ 95% relative humidity, non-condensing"
"gid://shopify/Product/1774390542406","dss224s-un-2u-24-bays","DSS224S-UN 2U 24 BAYS 2.5"" 12G SAS REDUNDANT NODE SINGLE EPYC 1200W HRP","global","800_Physical","string","Physical"
"gid://shopify/Product/1774390542406","dss224s-un-2u-24-bays","DSS224S-UN 2U 24 BAYS 2.5"" 12G SAS REDUNDANT NODE SINGLE EPYC 1200W HRP","global","810_Dimensions (W x H x D)","string","System: 27""x19""x7"" (LxWxH) Packaging: 38“x25.2""x18""(LxWxH)"
"gid://shopify/Product/1774390542406","dss224s-un-2u-24-bays","DSS224S-UN 2U 24 BAYS 2.5"" 12G SAS REDUNDANT NODE SINGLE EPYC 1200W HRP","global","820_Weights","string","Gross Weight: 51.78kg/114lbs Net Weight: 33.9kg/75lbs"
"gid://shopify/Product/1774390542406","dss224s-un-2u-24-bays","DSS224S-UN 2U 24 BAYS 2.5"" 12G SAS REDUNDANT NODE SINGLE EPYC 1200W HRP","global","family","string","server"
"gid://shopify/Product/1774390542406","dss224s-un-2u-24-bays","DSS224S-UN 2U 24 BAYS 2.5"" 12G SAS REDUNDANT NODE SINGLE EPYC 1200W HRP","global","product series","string","DuraStreams"
"gid://shopify/Product/1774390542406","dss224s-un-2u-24-bays","DSS224S-UN 2U 24 BAYS 2.5"" 12G SAS REDUNDANT NODE SINGLE EPYC 1200W HRP","global","resource_Data Sheet","string","DS_DSS224S-UN_E"
"gid://shopify/Product/1774390542406","dss224s-un-2u-24-bays","DSS224S-UN 2U 24 BAYS 2.5"" 12G SAS REDUNDANT NODE SINGLE EPYC 1200W HRP","global","title","string","DSS224S-UN"
"gid://shopify/Product/1774390542406","dss224s-un-2u-24-bays","DSS224S-UN 2U 24 BAYS 2.5"" 12G SAS REDUNDANT NODE SINGLE EPYC 1200W HRP","global","171_Driver Bays","string","24x 2.5"" 12Gbps/6Gbps SAS dual ported HDD bays Each Node has 2x internal 2.5"" OS drive bay"
"gid://shopify/Product/1774390542406","dss224s-un-2u-24-bays","DSS224S-UN 2U 24 BAYS 2.5"" 12G SAS REDUNDANT NODE SINGLE EPYC 1200W HRP","global","220_Cooling","string","Each node: 5x 40mm fans"
"gid://shopify/Product/1774390542406","dss224s-un-2u-24-bays","DSS224S-UN 2U 24 BAYS 2.5"" 12G SAS REDUNDANT NODE SINGLE EPYC 1200W HRP","global","739_HTS Code","string","8473 30 5100"
"gid://shopify/Product/1774390542406","dss224s-un-2u-24-bays","DSS224S-UN 2U 24 BAYS 2.5"" 12G SAS REDUNDANT NODE SINGLE EPYC 1200W HRP","global","740_ECCN","string","4A994"
"gid://shopify/Product/1774390542406","dss224s-un-2u-24-bays","DSS224S-UN 2U 24 BAYS 2.5"" 12G SAS REDUNDANT NODE SINGLE EPYC 1200W HRP","global","741_Compliance","string","CE, FCC Class A, RoHS 6/6 compliant"
"gid://shopify/Product/1774390542406","dss224s-un-2u-24-bays","DSS224S-UN 2U 24 BAYS 2.5"" 12G SAS REDUNDANT NODE SINGLE EPYC 1200W HRP","global","resource_AVL","string","DSS224S-UN-AVL"
"gid://shopify/Product/1774390542406","dss224s-un-2u-24-bays","DSS224S-UN 2U 24 BAYS 2.5"" 12G SAS REDUNDANT NODE SINGLE EPYC 1200W HRP","global","resource_BIOS","string","Tyan S8026GM2NRE"
"gid://shopify/Product/1774390542406","dss224s-un-2u-24-bays","DSS224S-UN 2U 24 BAYS 2.5"" 12G SAS REDUNDANT NODE SINGLE EPYC 1200W HRP","global","resource_Install Guide","string","DSS224S-UN-QG"
"gid://shopify/Product/1774390542406","dss224s-un-2u-24-bays","DSS224S-UN 2U 24 BAYS 2.5"" 12G SAS REDUNDANT NODE SINGLE EPYC 1200W HRP","global","resource_Product Brief","string","PB-DuraStreams_AMD_E"
"gid://shopify/Product/1774390542406","dss224s-un-2u-24-bays","DSS224S-UN 2U 24 BAYS 2.5"" 12G SAS REDUNDANT NODE SINGLE EPYC 1200W HRP","global","processor","string","AMD"
"gid://shopify/Product/1774391623750","dss248j-s3-2u-short-depth-design-with-48x-hot-swappable-2-5-7mm-sata-ssd-or-hdd-bays","DSS248J-S3 2U short-depth design with 48x hot-swappable 2.5""-7mm SATA SSD or HDD bays","global","700_Environment","string","Environment"
"gid://shopify/Product/1774391623750","dss248j-s3-2u-short-depth-design-with-48x-hot-swappable-2-5-7mm-sata-ssd-or-hdd-bays","DSS248J-S3 2U short-depth design with 48x hot-swappable 2.5""-7mm SATA SSD or HDD bays","global","800_Physical","string","Physical"
"gid://shopify/Product/1774392475718","dss316j-s3-3u-16-bays","DSS316J-S3 3U 16 BAYS 3.5' HDD 12G SAS DUAL EXPANDER JBOD 500W HRP","global","100_System","string","System"
"gid://shopify/Product/1774392475718","dss316j-s3-3u-16-bays","DSS316J-S3 3U 16 BAYS 3.5' HDD 12G SAS DUAL EXPANDER JBOD 500W HRP","global","170_Storage","string","16x 3.5"" 12Gbps/6Gbps SAS/SATA Tray-less bays"
"gid://shopify/Product/1774392475718","dss316j-s3-3u-16-bays","DSS316J-S3 3U 16 BAYS 3.5' HDD 12G SAS DUAL EXPANDER JBOD 500W HRP","global","700_Environment","string","Environment"
"gid://shopify/Product/1774392475718","dss316j-s3-3u-16-bays","DSS316J-S3 3U 16 BAYS 3.5' HDD 12G SAS DUAL EXPANDER JBOD 500W HRP","global","710_Operating Temperature","string","0&deg;C ~ 35&deg;C"
"gid://shopify/Product/1774392475718","dss316j-s3-3u-16-bays","DSS316J-S3 3U 16 BAYS 3.5' HDD 12G SAS DUAL EXPANDER JBOD 500W HRP","global","720_Storage Temperature","string","-20&deg;C ~ 70&deg;C"
"gid://shopify/Product/1774392475718","dss316j-s3-3u-16-bays","DSS316J-S3 3U 16 BAYS 3.5' HDD 12G SAS DUAL EXPANDER JBOD 500W HRP","global","730_Relative Humidity","string","5% ~ 95% relative humidity, non-condensing"
"gid://shopify/Product/1774392475718","dss316j-s3-3u-16-bays","DSS316J-S3 3U 16 BAYS 3.5' HDD 12G SAS DUAL EXPANDER JBOD 500W HRP","global","800_Physical","string","Physical"
"gid://shopify/Product/1774392475718","dss316j-s3-3u-16-bays","DSS316J-S3 3U 16 BAYS 3.5' HDD 12G SAS DUAL EXPANDER JBOD 500W HRP","global","810_Dimensions (W x H x D)","string","System: 20.5""x19""x5.25"" (LxWxH) Packaging: 35.5""x 23.5""x18""(LxWxH)"
"gid://shopify/Product/1774392475718","dss316j-s3-3u-16-bays","DSS316J-S3 3U 16 BAYS 3.5' HDD 12G SAS DUAL EXPANDER JBOD 500W HRP","global","820_Weights","string","50lbs w/o Hard Drives"
"gid://shopify/Product/1774392475718","dss316j-s3-3u-16-bays","DSS316J-S3 3U 16 BAYS 3.5' HDD 12G SAS DUAL EXPANDER JBOD 500W HRP","global","family","string","server"
"gid://shopify/Product/1774392475718","dss316j-s3-3u-16-bays","DSS316J-S3 3U 16 BAYS 3.5' HDD 12G SAS DUAL EXPANDER JBOD 500W HRP","global","product series","string","Durastream"
"gid://shopify/Product/1774392475718","dss316j-s3-3u-16-bays","DSS316J-S3 3U 16 BAYS 3.5' HDD 12G SAS DUAL EXPANDER JBOD 500W HRP","global","resource_Data Sheet","string","DS_DSS316J-S3_E"
"gid://shopify/Product/1774392475718","dss316j-s3-3u-16-bays","DSS316J-S3 3U 16 BAYS 3.5' HDD 12G SAS DUAL EXPANDER JBOD 500W HRP","global","title","string","DSS316J-S3 3U 16 BAYS 3.5' HDD 12G SAS DUAL EXPANDER JBOD 500W HRP"
"gid://shopify/Product/1774392475718","dss316j-s3-3u-16-bays","DSS316J-S3 3U 16 BAYS 3.5' HDD 12G SAS DUAL EXPANDER JBOD 500W HRP","global","220_Cooling","string","Two Redundant 80mm hot-swap exhaust fan modules with Smart Fan Control for optimal cooling"
"gid://shopify/Product/1774392475718","dss316j-s3-3u-16-bays","DSS316J-S3 3U 16 BAYS 3.5' HDD 12G SAS DUAL EXPANDER JBOD 500W HRP","global","739_HTS Code","string","8473 30 5100"
"gid://shopify/Product/1774392475718","dss316j-s3-3u-16-bays","DSS316J-S3 3U 16 BAYS 3.5' HDD 12G SAS DUAL EXPANDER JBOD 500W HRP","global","740_ECCN","string","4A994"
"gid://shopify/Product/1774392475718","dss316j-s3-3u-16-bays","DSS316J-S3 3U 16 BAYS 3.5' HDD 12G SAS DUAL EXPANDER JBOD 500W HRP","global","741_Compliance","string","CE, FCC Class A, RoHS 6/6 compliant"
"gid://shopify/Product/1774392475718","dss316j-s3-3u-16-bays","DSS316J-S3 3U 16 BAYS 3.5' HDD 12G SAS DUAL EXPANDER JBOD 500W HRP","global","resource_AVL","string","DSS316J-AVL"
"gid://shopify/Product/1774392475718","dss316j-s3-3u-16-bays","DSS316J-S3 3U 16 BAYS 3.5' HDD 12G SAS DUAL EXPANDER JBOD 500W HRP","global","resource_BIOS","string","JNM-2.0.5-BIOS"
"gid://shopify/Product/1774392475718","dss316j-s3-3u-16-bays","DSS316J-S3 3U 16 BAYS 3.5' HDD 12G SAS DUAL EXPANDER JBOD 500W HRP","global","resource_Install Guide","string","DSS316J-S3-Quick-Guide-v2"
"gid://shopify/Product/1774392475718","dss316j-s3-3u-16-bays","DSS316J-S3 3U 16 BAYS 3.5' HDD 12G SAS DUAL EXPANDER JBOD 500W HRP","global","301_I/O","string","2x SFF8644 12G SAS lanes Uplink host / expander <br>1x SFF8644 12G SAS lanes Downlink / expander <br>1x RJ45 for remote management / expander <br>1x mini Jack for RS232 management"
"gid://shopify/Product/1774392475718","dss316j-s3-3u-16-bays","DSS316J-S3 3U 16 BAYS 3.5' HDD 12G SAS DUAL EXPANDER JBOD 500W HRP","global","115_Expander","string","Single or Dual LSI 12G SAS Expander"
"gid://shopify/Product/1774392475718","dss316j-s3-3u-16-bays","DSS316J-S3 3U 16 BAYS 3.5' HDD 12G SAS DUAL EXPANDER JBOD 500W HRP","global","172_Enclosure Management","string","Web GUI Ethernet Mgmt Port, HDD Status/ Identifier LEDs, Smart Fan, Thermal Monitor, HDD Monitor, Voltage Monitor, Inband SES3 Support"
"gid://shopify/Product/1774392475718","dss316j-s3-3u-16-bays","DSS316J-S3 3U 16 BAYS 3.5' HDD 12G SAS DUAL EXPANDER JBOD 500W HRP","global","resource_Firmware","string","fwsas3x36-Firmware"
"gid://shopify/Product/1774392475718","dss316j-s3-3u-16-bays","DSS316J-S3 3U 16 BAYS 3.5' HDD 12G SAS DUAL EXPANDER JBOD 500W HRP","global","resource_MFG file","string","mfgsas3x36R-MFG-File"
"gid://shopify/Product/1774392475718","dss316j-s3-3u-16-bays","DSS316J-S3 3U 16 BAYS 3.5' HDD 12G SAS DUAL EXPANDER JBOD 500W HRP","global","169_Controller Support","string","12Gb/s Host-based RAID Controller cards and HBAs with external connectivity"
"gid://shopify/Product/1774393032774","dss316s-d5-3u-16-bays-3-5-hdd-12g-sas-redundant-node-dual-xeon-sp-1200w-hrp","DSS316S-D5 3U 16 BAYS 3.5"" HDD 12G SAS REDUNDANT NODE DUAL XEON SP 1200W HRP","global","100_System","string","System"
"gid://shopify/Product/1774393032774","dss316s-d5-3u-16-bays-3-5-hdd-12g-sas-redundant-node-dual-xeon-sp-1200w-hrp","DSS316S-D5 3U 16 BAYS 3.5"" HDD 12G SAS REDUNDANT NODE DUAL XEON SP 1200W HRP","global","110_Processor","string","Each Node: Supports Single Socket Intel&reg; Xeon&reg; P Skylake up to 205W TDP socket LGA3647"
"gid://shopify/Product/1774393032774","dss316s-d5-3u-16-bays-3-5-hdd-12g-sas-redundant-node-dual-xeon-sp-1200w-hrp","DSS316S-D5 3U 16 BAYS 3.5"" HDD 12G SAS REDUNDANT NODE DUAL XEON SP 1200W HRP","global","120_System Chipset","string","Intel C621 chipset"
"gid://shopify/Product/1774393032774","dss316s-d5-3u-16-bays-3-5-hdd-12g-sas-redundant-node-dual-xeon-sp-1200w-hrp","DSS316S-D5 3U 16 BAYS 3.5"" HDD 12G SAS REDUNDANT NODE DUAL XEON SP 1200W HRP","global","130_System Memory","string","Each node: Supports 16x DIMMs DDR4 RDIMM/RDIMM 3DS/LRDIMM/LRDIMM 3DS 2666"
"gid://shopify/Product/1774393032774","dss316s-d5-3u-16-bays-3-5-hdd-12g-sas-redundant-node-dual-xeon-sp-1200w-hrp","DSS316S-D5 3U 16 BAYS 3.5"" HDD 12G SAS REDUNDANT NODE DUAL XEON SP 1200W HRP","global","170_Storage","string","Each node: 36 ports 12G SAS Expander with 3 SFF8643 Connectors"
"gid://shopify/Product/1774393032774","dss316s-d5-3u-16-bays-3-5-hdd-12g-sas-redundant-node-dual-xeon-sp-1200w-hrp","DSS316S-D5 3U 16 BAYS 3.5"" HDD 12G SAS REDUNDANT NODE DUAL XEON SP 1200W HRP","global","305_Expansion","string","Each node: 2x PCIe Gen3 x 8 slots; 1x PCIe Gen3 x 16 slots; 1x PCIe Gen3 x 16 Storage Mezz; 1x PCIe Gen3 x 16 OCP NIC"
"gid://shopify/Product/1774393032774","dss316s-d5-3u-16-bays-3-5-hdd-12g-sas-redundant-node-dual-xeon-sp-1200w-hrp","DSS316S-D5 3U 16 BAYS 3.5"" HDD 12G SAS REDUNDANT NODE DUAL XEON SP 1200W HRP","global","700_Environment","string","Environment"
"gid://shopify/Product/1774393032774","dss316s-d5-3u-16-bays-3-5-hdd-12g-sas-redundant-node-dual-xeon-sp-1200w-hrp","DSS316S-D5 3U 16 BAYS 3.5"" HDD 12G SAS REDUNDANT NODE DUAL XEON SP 1200W HRP","global","710_Operating Temperature","string","0&deg;C ~ 35&deg;C"
"gid://shopify/Product/1774393032774","dss316s-d5-3u-16-bays-3-5-hdd-12g-sas-redundant-node-dual-xeon-sp-1200w-hrp","DSS316S-D5 3U 16 BAYS 3.5"" HDD 12G SAS REDUNDANT NODE DUAL XEON SP 1200W HRP","global","720_Storage Temperature","string","-20&deg;C ~ 70&deg;C"
"gid://shopify/Product/1774393032774","dss316s-d5-3u-16-bays-3-5-hdd-12g-sas-redundant-node-dual-xeon-sp-1200w-hrp","DSS316S-D5 3U 16 BAYS 3.5"" HDD 12G SAS REDUNDANT NODE DUAL XEON SP 1200W HRP","global","730_Relative Humidity","string","5% ~ 95% relative humidity, non-condensing"
"gid://shopify/Product/1774393032774","dss316s-d5-3u-16-bays-3-5-hdd-12g-sas-redundant-node-dual-xeon-sp-1200w-hrp","DSS316S-D5 3U 16 BAYS 3.5"" HDD 12G SAS REDUNDANT NODE DUAL XEON SP 1200W HRP","global","800_Physical","string","Physical"
"gid://shopify/Product/1774393032774","dss316s-d5-3u-16-bays-3-5-hdd-12g-sas-redundant-node-dual-xeon-sp-1200w-hrp","DSS316S-D5 3U 16 BAYS 3.5"" HDD 12G SAS REDUNDANT NODE DUAL XEON SP 1200W HRP","global","810_Dimensions (W x H x D)","string","System: 27""x19""x5.25"" (LxWxH) Packaging: 38""x 25.5""x15""(LxWxH)"
"gid://shopify/Product/1774393032774","dss316s-d5-3u-16-bays-3-5-hdd-12g-sas-redundant-node-dual-xeon-sp-1200w-hrp","DSS316S-D5 3U 16 BAYS 3.5"" HDD 12G SAS REDUNDANT NODE DUAL XEON SP 1200W HRP","global","820_Weights","string","Gross: 37.95KG/83.5LBS; Net: 33.6KG/74LBS"
"gid://shopify/Product/1774393032774","dss316s-d5-3u-16-bays-3-5-hdd-12g-sas-redundant-node-dual-xeon-sp-1200w-hrp","DSS316S-D5 3U 16 BAYS 3.5"" HDD 12G SAS REDUNDANT NODE DUAL XEON SP 1200W HRP","global","family","string","server"
"gid://shopify/Product/1774393032774","dss316s-d5-3u-16-bays-3-5-hdd-12g-sas-redundant-node-dual-xeon-sp-1200w-hrp","DSS316S-D5 3U 16 BAYS 3.5"" HDD 12G SAS REDUNDANT NODE DUAL XEON SP 1200W HRP","global","product series","string","DuraStreams"
"gid://shopify/Product/1774393032774","dss316s-d5-3u-16-bays-3-5-hdd-12g-sas-redundant-node-dual-xeon-sp-1200w-hrp","DSS316S-D5 3U 16 BAYS 3.5"" HDD 12G SAS REDUNDANT NODE DUAL XEON SP 1200W HRP","global","title","string","DSS316S-D5"
"gid://shopify/Product/1774393032774","dss316s-d5-3u-16-bays-3-5-hdd-12g-sas-redundant-node-dual-xeon-sp-1200w-hrp","DSS316S-D5 3U 16 BAYS 3.5"" HDD 12G SAS REDUNDANT NODE DUAL XEON SP 1200W HRP","global","171_Driver Bays","string","16 hot-swap 3.5"" 12G/6G SAS/SATA drive bay Each node: 2x internal 2.5"" 7mm for OS drive bays"
"gid://shopify/Product/1774393032774","dss316s-d5-3u-16-bays-3-5-hdd-12g-sas-redundant-node-dual-xeon-sp-1200w-hrp","DSS316S-D5 3U 16 BAYS 3.5"" HDD 12G SAS REDUNDANT NODE DUAL XEON SP 1200W HRP","global","220_Cooling","string","Each node: 4x 60mm fans"
"gid://shopify/Product/1774393032774","dss316s-d5-3u-16-bays-3-5-hdd-12g-sas-redundant-node-dual-xeon-sp-1200w-hrp","DSS316S-D5 3U 16 BAYS 3.5"" HDD 12G SAS REDUNDANT NODE DUAL XEON SP 1200W HRP","global","739_HTS Code","string","8473 30 5100"
"gid://shopify/Product/1774393032774","dss316s-d5-3u-16-bays-3-5-hdd-12g-sas-redundant-node-dual-xeon-sp-1200w-hrp","DSS316S-D5 3U 16 BAYS 3.5"" HDD 12G SAS REDUNDANT NODE DUAL XEON SP 1200W HRP","global","740_ECCN","string","4A994"
"gid://shopify/Product/1774393032774","dss316s-d5-3u-16-bays-3-5-hdd-12g-sas-redundant-node-dual-xeon-sp-1200w-hrp","DSS316S-D5 3U 16 BAYS 3.5"" HDD 12G SAS REDUNDANT NODE DUAL XEON SP 1200W HRP","global","741_Compliance","string","CE, FCC Class A, RoHS 6/6 compliant"
"gid://shopify/Product/1774393032774","dss316s-d5-3u-16-bays-3-5-hdd-12g-sas-redundant-node-dual-xeon-sp-1200w-hrp","DSS316S-D5 3U 16 BAYS 3.5"" HDD 12G SAS REDUNDANT NODE DUAL XEON SP 1200W HRP","global","resource_BIOS","string","Tyan S7106GM2NR, Tyan S7106GM2NR-L2"
"gid://shopify/Product/1774393032774","dss316s-d5-3u-16-bays-3-5-hdd-12g-sas-redundant-node-dual-xeon-sp-1200w-hrp","DSS316S-D5 3U 16 BAYS 3.5"" HDD 12G SAS REDUNDANT NODE DUAL XEON SP 1200W HRP","global","resource_MFG file","string","mfgsas3x36R-MFG-File"
"gid://shopify/Product/1774393032774","dss316s-d5-3u-16-bays-3-5-hdd-12g-sas-redundant-node-dual-xeon-sp-1200w-hrp","DSS316S-D5 3U 16 BAYS 3.5"" HDD 12G SAS REDUNDANT NODE DUAL XEON SP 1200W HRP","global","resource_Firmware","string","fwsas3x36-Firmware"
"gid://shopify/Product/1774393032774","dss316s-d5-3u-16-bays-3-5-hdd-12g-sas-redundant-node-dual-xeon-sp-1200w-hrp","DSS316S-D5 3U 16 BAYS 3.5"" HDD 12G SAS REDUNDANT NODE DUAL XEON SP 1200W HRP","global","301_I/O","string","2x SFF8644 12G SAS lanes Uplink host / expander <br>1x SFF8644 12G SAS lanes Downlink / expander <br>1x RJ45 for remote management / expander <br>1x mini Jack for RS232 management"
"gid://shopify/Product/1774393032774","dss316s-d5-3u-16-bays-3-5-hdd-12g-sas-redundant-node-dual-xeon-sp-1200w-hrp","DSS316S-D5 3U 16 BAYS 3.5"" HDD 12G SAS REDUNDANT NODE DUAL XEON SP 1200W HRP","global","172_Enclosure Management","string","Web GUI Ethernet Mgmt Port, HDD Status/ Identifier LEDs, Smart Fan, Thermal Monitor, HDD Monitor, Voltage Monitor, Inband SES3 Support"
"gid://shopify/Product/1774393032774","dss316s-d5-3u-16-bays-3-5-hdd-12g-sas-redundant-node-dual-xeon-sp-1200w-hrp","DSS316S-D5 3U 16 BAYS 3.5"" HDD 12G SAS REDUNDANT NODE DUAL XEON SP 1200W HRP","global","169_Controller Support","string","12Gb/s Host-based RAID Controller cards and HBAs with external connectivity"
"gid://shopify/Product/1774393032774","dss316s-d5-3u-16-bays-3-5-hdd-12g-sas-redundant-node-dual-xeon-sp-1200w-hrp","DSS316S-D5 3U 16 BAYS 3.5"" HDD 12G SAS REDUNDANT NODE DUAL XEON SP 1200W HRP","global","115_Expander","string","Single or Dual LSI 12G SAS Expander"
"gid://shopify/Product/1774393032774","dss316s-d5-3u-16-bays-3-5-hdd-12g-sas-redundant-node-dual-xeon-sp-1200w-hrp","DSS316S-D5 3U 16 BAYS 3.5"" HDD 12G SAS REDUNDANT NODE DUAL XEON SP 1200W HRP","global","resource_Data Sheet","string","DS_DSS316S-D5_E"
"gid://shopify/Product/1774393032774","dss316s-d5-3u-16-bays-3-5-hdd-12g-sas-redundant-node-dual-xeon-sp-1200w-hrp","DSS316S-D5 3U 16 BAYS 3.5"" HDD 12G SAS REDUNDANT NODE DUAL XEON SP 1200W HRP","global","processor","string","Intel"
"gid://shopify/Product/1774393032774","dss316s-d5-3u-16-bays-3-5-hdd-12g-sas-redundant-node-dual-xeon-sp-1200w-hrp","DSS316S-D5 3U 16 BAYS 3.5"" HDD 12G SAS REDUNDANT NODE DUAL XEON SP 1200W HRP","global","resource_Install Guide","string","DSS316S-D5-QG"
"gid://shopify/Product/1774393032774","dss316s-d5-3u-16-bays-3-5-hdd-12g-sas-redundant-node-dual-xeon-sp-1200w-hrp","DSS316S-D5 3U 16 BAYS 3.5"" HDD 12G SAS REDUNDANT NODE DUAL XEON SP 1200W HRP","global","resource_Product Brief","string","PB-DuraStreams_Intel_E"
"gid://shopify/Product/1774393032774","dss316s-d5-3u-16-bays-3-5-hdd-12g-sas-redundant-node-dual-xeon-sp-1200w-hrp","DSS316S-D5 3U 16 BAYS 3.5"" HDD 12G SAS REDUNDANT NODE DUAL XEON SP 1200W HRP","global","resource_AVL","string","DSS212S-D5-DSS316S-D5-AVL"
"gid://shopify/Product/1774393360454","dss316s-un-3u-16-bays-3-5-hdd-12g-sas-redundant-node-single-epyc-1200w-hrp","DSS316S-UN 3U 16 BAYS 3.5"" HDD 12G SAS REDUNDANT NODE SINGLE EPYC 1200W HRP","global","100_System","string","System"
"gid://shopify/Product/1774393360454","dss316s-un-3u-16-bays-3-5-hdd-12g-sas-redundant-node-single-epyc-1200w-hrp","DSS316S-UN 3U 16 BAYS 3.5"" HDD 12G SAS REDUNDANT NODE SINGLE EPYC 1200W HRP","global","110_Processor","string","Each Node: Supports single socket AMD EPYC&trade; up to 180W TDP socket SP3"
"gid://shopify/Product/1774393360454","dss316s-un-3u-16-bays-3-5-hdd-12g-sas-redundant-node-single-epyc-1200w-hrp","DSS316S-UN 3U 16 BAYS 3.5"" HDD 12G SAS REDUNDANT NODE SINGLE EPYC 1200W HRP","global","130_System Memory","string","Each Node: Supports up to 16x DIMMs DDR4 RDIMM/L 2400"
"gid://shopify/Product/1774393360454","dss316s-un-3u-16-bays-3-5-hdd-12g-sas-redundant-node-single-epyc-1200w-hrp","DSS316S-UN 3U 16 BAYS 3.5"" HDD 12G SAS REDUNDANT NODE SINGLE EPYC 1200W HRP","global","170_Storage","string","Each Node:36 ports 12G SAS Expander with 3 SFF8643 Connectors"
"gid://shopify/Product/1774393360454","dss316s-un-3u-16-bays-3-5-hdd-12g-sas-redundant-node-single-epyc-1200w-hrp","DSS316S-UN 3U 16 BAYS 3.5"" HDD 12G SAS REDUNDANT NODE SINGLE EPYC 1200W HRP","global","305_Expansion","string","Each Node: 2x PCI-E3.0 x8; 1x PCI-E3.0 x16; 1x PCI-E3.0 x16 OCP 2.0"
"gid://shopify/Product/1774393360454","dss316s-un-3u-16-bays-3-5-hdd-12g-sas-redundant-node-single-epyc-1200w-hrp","DSS316S-UN 3U 16 BAYS 3.5"" HDD 12G SAS REDUNDANT NODE SINGLE EPYC 1200W HRP","global","700_Environment","string","Environment"
"gid://shopify/Product/1774393360454","dss316s-un-3u-16-bays-3-5-hdd-12g-sas-redundant-node-single-epyc-1200w-hrp","DSS316S-UN 3U 16 BAYS 3.5"" HDD 12G SAS REDUNDANT NODE SINGLE EPYC 1200W HRP","global","710_Operating Temperature","string","0&deg;C ~ 35&deg;C"
"gid://shopify/Product/1774393360454","dss316s-un-3u-16-bays-3-5-hdd-12g-sas-redundant-node-single-epyc-1200w-hrp","DSS316S-UN 3U 16 BAYS 3.5"" HDD 12G SAS REDUNDANT NODE SINGLE EPYC 1200W HRP","global","720_Storage Temperature","string","-20&deg;C ~ 70&deg;C"
"gid://shopify/Product/1774393360454","dss316s-un-3u-16-bays-3-5-hdd-12g-sas-redundant-node-single-epyc-1200w-hrp","DSS316S-UN 3U 16 BAYS 3.5"" HDD 12G SAS REDUNDANT NODE SINGLE EPYC 1200W HRP","global","730_Relative Humidity","string","5% ~ 95% relative humidity, non-condensing"
"gid://shopify/Product/1774393360454","dss316s-un-3u-16-bays-3-5-hdd-12g-sas-redundant-node-single-epyc-1200w-hrp","DSS316S-UN 3U 16 BAYS 3.5"" HDD 12G SAS REDUNDANT NODE SINGLE EPYC 1200W HRP","global","800_Physical","string","Physical"
"gid://shopify/Product/1774393360454","dss316s-un-3u-16-bays-3-5-hdd-12g-sas-redundant-node-single-epyc-1200w-hrp","DSS316S-UN 3U 16 BAYS 3.5"" HDD 12G SAS REDUNDANT NODE SINGLE EPYC 1200W HRP","global","810_Dimensions (W x H x D)","string","System: 27""x19""x5.25"" (LxWxH) Packaging: 38“x25.5""x15""(LxWxH)"
"gid://shopify/Product/1774393360454","dss316s-un-3u-16-bays-3-5-hdd-12g-sas-redundant-node-single-epyc-1200w-hrp","DSS316S-UN 3U 16 BAYS 3.5"" HDD 12G SAS REDUNDANT NODE SINGLE EPYC 1200W HRP","global","820_Weights","string","Gross Weight: 37.95kg/85.3lbs Net Weight: 33.6kg/74lbs"
"gid://shopify/Product/1774393360454","dss316s-un-3u-16-bays-3-5-hdd-12g-sas-redundant-node-single-epyc-1200w-hrp","DSS316S-UN 3U 16 BAYS 3.5"" HDD 12G SAS REDUNDANT NODE SINGLE EPYC 1200W HRP","global","family","string","server"
"gid://shopify/Product/1774393360454","dss316s-un-3u-16-bays-3-5-hdd-12g-sas-redundant-node-single-epyc-1200w-hrp","DSS316S-UN 3U 16 BAYS 3.5"" HDD 12G SAS REDUNDANT NODE SINGLE EPYC 1200W HRP","global","product series","string","DuraStreams"
"gid://shopify/Product/1774393360454","dss316s-un-3u-16-bays-3-5-hdd-12g-sas-redundant-node-single-epyc-1200w-hrp","DSS316S-UN 3U 16 BAYS 3.5"" HDD 12G SAS REDUNDANT NODE SINGLE EPYC 1200W HRP","global","resource_Data Sheet","string","DS_DSS316S-UN_E"
"gid://shopify/Product/1774393360454","dss316s-un-3u-16-bays-3-5-hdd-12g-sas-redundant-node-single-epyc-1200w-hrp","DSS316S-UN 3U 16 BAYS 3.5"" HDD 12G SAS REDUNDANT NODE SINGLE EPYC 1200W HRP","global","title","string","DSS316S-UN"
"gid://shopify/Product/1774393360454","dss316s-un-3u-16-bays-3-5-hdd-12g-sas-redundant-node-single-epyc-1200w-hrp","DSS316S-UN 3U 16 BAYS 3.5"" HDD 12G SAS REDUNDANT NODE SINGLE EPYC 1200W HRP","global","171_Driver Bays","string","16 hot-swap 3.5"" 12G/6G SAS/SATA drive bay Each Node: 2x internal 2.5"" 7mm for OS drive bay"
"gid://shopify/Product/1774393360454","dss316s-un-3u-16-bays-3-5-hdd-12g-sas-redundant-node-single-epyc-1200w-hrp","DSS316S-UN 3U 16 BAYS 3.5"" HDD 12G SAS REDUNDANT NODE SINGLE EPYC 1200W HRP","global","220_Cooling","string","4x 60mm fans"
"gid://shopify/Product/1774393360454","dss316s-un-3u-16-bays-3-5-hdd-12g-sas-redundant-node-single-epyc-1200w-hrp","DSS316S-UN 3U 16 BAYS 3.5"" HDD 12G SAS REDUNDANT NODE SINGLE EPYC 1200W HRP","global","739_HTS Code","string","8473 30 5100"
"gid://shopify/Product/1774393360454","dss316s-un-3u-16-bays-3-5-hdd-12g-sas-redundant-node-single-epyc-1200w-hrp","DSS316S-UN 3U 16 BAYS 3.5"" HDD 12G SAS REDUNDANT NODE SINGLE EPYC 1200W HRP","global","740_ECCN","string","4A994"
"gid://shopify/Product/1774393360454","dss316s-un-3u-16-bays-3-5-hdd-12g-sas-redundant-node-single-epyc-1200w-hrp","DSS316S-UN 3U 16 BAYS 3.5"" HDD 12G SAS REDUNDANT NODE SINGLE EPYC 1200W HRP","global","741_Compliance","string","CE, FCC Class A, RoHS 6/6 compliant"
"gid://shopify/Product/1774393360454","dss316s-un-3u-16-bays-3-5-hdd-12g-sas-redundant-node-single-epyc-1200w-hrp","DSS316S-UN 3U 16 BAYS 3.5"" HDD 12G SAS REDUNDANT NODE SINGLE EPYC 1200W HRP","global","resource_AVL","string","DSS212S-UN-DSS316S-UN-AVL"
"gid://shopify/Product/1774393360454","dss316s-un-3u-16-bays-3-5-hdd-12g-sas-redundant-node-single-epyc-1200w-hrp","DSS316S-UN 3U 16 BAYS 3.5"" HDD 12G SAS REDUNDANT NODE SINGLE EPYC 1200W HRP","global","resource_BIOS","string","Tyan S8026GM2NRE"
"gid://shopify/Product/1774393360454","dss316s-un-3u-16-bays-3-5-hdd-12g-sas-redundant-node-single-epyc-1200w-hrp","DSS316S-UN 3U 16 BAYS 3.5"" HDD 12G SAS REDUNDANT NODE SINGLE EPYC 1200W HRP","global","resource_Product Brief","string","PB-DuraStreams_AMD_E"
"gid://shopify/Product/1774393360454","dss316s-un-3u-16-bays-3-5-hdd-12g-sas-redundant-node-single-epyc-1200w-hrp","DSS316S-UN 3U 16 BAYS 3.5"" HDD 12G SAS REDUNDANT NODE SINGLE EPYC 1200W HRP","global","processor","string","AMD"
"gid://shopify/Product/1774393786438","dss424j-s3-4u-24-bays","DSS424J-S3 4U 24 BAYS 3.5' HDD 12G SAS DUAL EXPANDER JBOD 800W HRP","global","100_System","string","System"
"gid://shopify/Product/1774393786438","dss424j-s3-4u-24-bays","DSS424J-S3 4U 24 BAYS 3.5' HDD 12G SAS DUAL EXPANDER JBOD 800W HRP","global","170_Storage","string","24x 3.5"" 12Gbps/6Gbps SAS/SATA Tray-less bays"
"gid://shopify/Product/1774393786438","dss424j-s3-4u-24-bays","DSS424J-S3 4U 24 BAYS 3.5' HDD 12G SAS DUAL EXPANDER JBOD 800W HRP","global","700_Environment","string","Environment"
"gid://shopify/Product/1774393786438","dss424j-s3-4u-24-bays","DSS424J-S3 4U 24 BAYS 3.5' HDD 12G SAS DUAL EXPANDER JBOD 800W HRP","global","710_Operating Temperature","string","0&deg;C ~ 35&deg;C"
"gid://shopify/Product/1774393786438","dss424j-s3-4u-24-bays","DSS424J-S3 4U 24 BAYS 3.5' HDD 12G SAS DUAL EXPANDER JBOD 800W HRP","global","720_Storage Temperature","string","-20&deg;C ~ 70&deg;C"
"gid://shopify/Product/1774393786438","dss424j-s3-4u-24-bays","DSS424J-S3 4U 24 BAYS 3.5' HDD 12G SAS DUAL EXPANDER JBOD 800W HRP","global","730_Relative Humidity","string","5% ~ 95% relative humidity, non-condensing"
"gid://shopify/Product/1774393786438","dss424j-s3-4u-24-bays","DSS424J-S3 4U 24 BAYS 3.5' HDD 12G SAS DUAL EXPANDER JBOD 800W HRP","global","800_Physical","string","Physical"
"gid://shopify/Product/1774393786438","dss424j-s3-4u-24-bays","DSS424J-S3 4U 24 BAYS 3.5' HDD 12G SAS DUAL EXPANDER JBOD 800W HRP","global","810_Dimensions (W x H x D)","string","System: 20.5""x19""x7"" (DxWxH) Packaging: 30.5""x 23.5""x21.6""(LxWxH)"
"gid://shopify/Product/1774393786438","dss424j-s3-4u-24-bays","DSS424J-S3 4U 24 BAYS 3.5' HDD 12G SAS DUAL EXPANDER JBOD 800W HRP","global","820_Weights","string","60lbs w/o Hard Drives"
"gid://shopify/Product/1774393786438","dss424j-s3-4u-24-bays","DSS424J-S3 4U 24 BAYS 3.5' HDD 12G SAS DUAL EXPANDER JBOD 800W HRP","global","family","string","server"
"gid://shopify/Product/1774393786438","dss424j-s3-4u-24-bays","DSS424J-S3 4U 24 BAYS 3.5' HDD 12G SAS DUAL EXPANDER JBOD 800W HRP","global","product series","string","DuraStreams"
"gid://shopify/Product/1774393786438","dss424j-s3-4u-24-bays","DSS424J-S3 4U 24 BAYS 3.5' HDD 12G SAS DUAL EXPANDER JBOD 800W HRP","global","title","string","DSS424J-S3"
"gid://shopify/Product/1774393786438","dss424j-s3-4u-24-bays","DSS424J-S3 4U 24 BAYS 3.5' HDD 12G SAS DUAL EXPANDER JBOD 800W HRP","global","220_Cooling","string","Two Redundant 80mm hot-swap exhaust fan modules with Smart Fan Control for optimal cooling"
"gid://shopify/Product/1774393786438","dss424j-s3-4u-24-bays","DSS424J-S3 4U 24 BAYS 3.5' HDD 12G SAS DUAL EXPANDER JBOD 800W HRP","global","739_HTS Code","string","8473 30 5100"
"gid://shopify/Product/1774393786438","dss424j-s3-4u-24-bays","DSS424J-S3 4U 24 BAYS 3.5' HDD 12G SAS DUAL EXPANDER JBOD 800W HRP","global","740_ECCN","string","4A994"
"gid://shopify/Product/1774393786438","dss424j-s3-4u-24-bays","DSS424J-S3 4U 24 BAYS 3.5' HDD 12G SAS DUAL EXPANDER JBOD 800W HRP","global","741_Compliance","string","CE, FCC Class A, RoHS 6/6 compliant"
"gid://shopify/Product/1774393786438","dss424j-s3-4u-24-bays","DSS424J-S3 4U 24 BAYS 3.5' HDD 12G SAS DUAL EXPANDER JBOD 800W HRP","global","resource_BIOS","string","JNM-2.0.5-BIOS"
"gid://shopify/Product/1774393786438","dss424j-s3-4u-24-bays","DSS424J-S3 4U 24 BAYS 3.5' HDD 12G SAS DUAL EXPANDER JBOD 800W HRP","global","301_I/O","string","2x SFF8644 12G SAS lanes Uplink host / expander <br>1x SFF8644 12G SAS lanes Downlink / expander <br>1x RJ45 for remote management / expander <br>1x mini Jack for RS232 management"
"gid://shopify/Product/1774393786438","dss424j-s3-4u-24-bays","DSS424J-S3 4U 24 BAYS 3.5' HDD 12G SAS DUAL EXPANDER JBOD 800W HRP","global","115_Expander","string","Single or Dual LSI 12G SAS Expander"
"gid://shopify/Product/1774393786438","dss424j-s3-4u-24-bays","DSS424J-S3 4U 24 BAYS 3.5' HDD 12G SAS DUAL EXPANDER JBOD 800W HRP","global","172_Enclosure Management","string","Web GUI Ethernet Mgmt Port, HDD Status/Identifier LEDs, Smart Fan, Thermal Monitor, HDD Monitor, Voltage Monitor, Inband SES3 Support"
"gid://shopify/Product/1774393786438","dss424j-s3-4u-24-bays","DSS424J-S3 4U 24 BAYS 3.5' HDD 12G SAS DUAL EXPANDER JBOD 800W HRP","global","resource_Firmware","string","fwsas3x36-Firmware"
"gid://shopify/Product/1774393786438","dss424j-s3-4u-24-bays","DSS424J-S3 4U 24 BAYS 3.5' HDD 12G SAS DUAL EXPANDER JBOD 800W HRP","global","resource_MFG file","string","mfgsas3x36R-MFG-File"
"gid://shopify/Product/1774393786438","dss424j-s3-4u-24-bays","DSS424J-S3 4U 24 BAYS 3.5' HDD 12G SAS DUAL EXPANDER JBOD 800W HRP","global","169_Controller Support","string","12Gb/s Host-based RAID Controller cards and HBAs with external connectivity"
"gid://shopify/Product/1774393786438","dss424j-s3-4u-24-bays","DSS424J-S3 4U 24 BAYS 3.5' HDD 12G SAS DUAL EXPANDER JBOD 800W HRP","global","resource_Data Sheet","string","DS_DSS424J-S3_E"
"gid://shopify/Product/1774393786438","dss424j-s3-4u-24-bays","DSS424J-S3 4U 24 BAYS 3.5' HDD 12G SAS DUAL EXPANDER JBOD 800W HRP","global","processor","string","JBOD"
"gid://shopify/Product/1774394277958","dss424s-d5-4u-24-bays","DSS424S-D5 4U 24 BAYS 3.5"" HDD 12G SAS REDUNDANT NODE DUAL XEON SP 1200W HRP","global","100_System","string","System"
"gid://shopify/Product/1774394277958","dss424s-d5-4u-24-bays","DSS424S-D5 4U 24 BAYS 3.5"" HDD 12G SAS REDUNDANT NODE DUAL XEON SP 1200W HRP","global","110_Processor","string","Each Node: Supports Single Socket Intel&reg; Xeon&reg; P Skylake up to 205W TDP socket LGA3647"
"gid://shopify/Product/1774394277958","dss424s-d5-4u-24-bays","DSS424S-D5 4U 24 BAYS 3.5"" HDD 12G SAS REDUNDANT NODE DUAL XEON SP 1200W HRP","global","120_System Chipset","string","Intel C621 chipset"
"gid://shopify/Product/1774394277958","dss424s-d5-4u-24-bays","DSS424S-D5 4U 24 BAYS 3.5"" HDD 12G SAS REDUNDANT NODE DUAL XEON SP 1200W HRP","global","130_System Memory","string","Each node: Supports up to 12x DIMMs DDR4 RDIMM/RDIMM 3DS/LRDIMM/LRDIMM 3DS 2666"
"gid://shopify/Product/1774394277958","dss424s-d5-4u-24-bays","DSS424S-D5 4U 24 BAYS 3.5"" HDD 12G SAS REDUNDANT NODE DUAL XEON SP 1200W HRP","global","170_Storage","string","Each node: 36 ports 12G SAS Expander with 3 SFF8643 Connectors"
"gid://shopify/Product/1774394277958","dss424s-d5-4u-24-bays","DSS424S-D5 4U 24 BAYS 3.5"" HDD 12G SAS REDUNDANT NODE DUAL XEON SP 1200W HRP","global","305_Expansion","string","Each node: 2x PCIe Gen3 x16 slots; 5x PCIe Gen3 x8 slots"
"gid://shopify/Product/1774394277958","dss424s-d5-4u-24-bays","DSS424S-D5 4U 24 BAYS 3.5"" HDD 12G SAS REDUNDANT NODE DUAL XEON SP 1200W HRP","global","700_Environment","string","Environment"
"gid://shopify/Product/1774394277958","dss424s-d5-4u-24-bays","DSS424S-D5 4U 24 BAYS 3.5"" HDD 12G SAS REDUNDANT NODE DUAL XEON SP 1200W HRP","global","710_Operating Temperature","string","0&deg;C ~ 35&deg;C"
"gid://shopify/Product/1774394277958","dss424s-d5-4u-24-bays","DSS424S-D5 4U 24 BAYS 3.5"" HDD 12G SAS REDUNDANT NODE DUAL XEON SP 1200W HRP","global","720_Storage Temperature","string","-20&deg;C ~ 70&deg;C"
"gid://shopify/Product/1774394277958","dss424s-d5-4u-24-bays","DSS424S-D5 4U 24 BAYS 3.5"" HDD 12G SAS REDUNDANT NODE DUAL XEON SP 1200W HRP","global","730_Relative Humidity","string","5% ~ 95% relative humidity, non-condensing"
"gid://shopify/Product/1774394277958","dss424s-d5-4u-24-bays","DSS424S-D5 4U 24 BAYS 3.5"" HDD 12G SAS REDUNDANT NODE DUAL XEON SP 1200W HRP","global","800_Physical","string","Physical"
"gid://shopify/Product/1774394277958","dss424s-d5-4u-24-bays","DSS424S-D5 4U 24 BAYS 3.5"" HDD 12G SAS REDUNDANT NODE DUAL XEON SP 1200W HRP","global","810_Dimensions (W x H x D)","string","System: 27""x19""x7"" (LxWxH) Packaging: 38“x25.2""x18""(LxWxH)"
"gid://shopify/Product/1774394277958","dss424s-d5-4u-24-bays","DSS424S-D5 4U 24 BAYS 3.5"" HDD 12G SAS REDUNDANT NODE DUAL XEON SP 1200W HRP","global","820_Weights","string","Gross Weight: 51.78kg/114lbs, Net Weight: 33.9kg/75lbs"
"gid://shopify/Product/1774394277958","dss424s-d5-4u-24-bays","DSS424S-D5 4U 24 BAYS 3.5"" HDD 12G SAS REDUNDANT NODE DUAL XEON SP 1200W HRP","global","family","string","server"
"gid://shopify/Product/1774394277958","dss424s-d5-4u-24-bays","DSS424S-D5 4U 24 BAYS 3.5"" HDD 12G SAS REDUNDANT NODE DUAL XEON SP 1200W HRP","global","product series","string","DuraStreams"
"gid://shopify/Product/1774394277958","dss424s-d5-4u-24-bays","DSS424S-D5 4U 24 BAYS 3.5"" HDD 12G SAS REDUNDANT NODE DUAL XEON SP 1200W HRP","global","resource_Data Sheet","string","DS_DSS424S-D5_E"
"gid://shopify/Product/1774394277958","dss424s-d5-4u-24-bays","DSS424S-D5 4U 24 BAYS 3.5"" HDD 12G SAS REDUNDANT NODE DUAL XEON SP 1200W HRP","global","title","string","DSS424S-D5"
"gid://shopify/Product/1774394277958","dss424s-d5-4u-24-bays","DSS424S-D5 4U 24 BAYS 3.5"" HDD 12G SAS REDUNDANT NODE DUAL XEON SP 1200W HRP","global","171_Driver Bays","string","24 hot-swap 3.5"" 12G/6G SAS/SATA drive bay Each node: 2x internal 2.5"" 7mm for OS drive bays"
"gid://shopify/Product/1774394277958","dss424s-d5-4u-24-bays","DSS424S-D5 4U 24 BAYS 3.5"" HDD 12G SAS REDUNDANT NODE DUAL XEON SP 1200W HRP","global","220_Cooling","string","Each node: 4x 60mm fans"
"gid://shopify/Product/1774394277958","dss424s-d5-4u-24-bays","DSS424S-D5 4U 24 BAYS 3.5"" HDD 12G SAS REDUNDANT NODE DUAL XEON SP 1200W HRP","global","739_HTS Code","string","8473 30 5100"
"gid://shopify/Product/1774394277958","dss424s-d5-4u-24-bays","DSS424S-D5 4U 24 BAYS 3.5"" HDD 12G SAS REDUNDANT NODE DUAL XEON SP 1200W HRP","global","740_ECCN","string","4A994"
"gid://shopify/Product/1774394277958","dss424s-d5-4u-24-bays","DSS424S-D5 4U 24 BAYS 3.5"" HDD 12G SAS REDUNDANT NODE DUAL XEON SP 1200W HRP","global","741_Compliance","string","CE, FCC Class A, RoHS 6/6 compliant"
"gid://shopify/Product/1774394277958","dss424s-d5-4u-24-bays","DSS424S-D5 4U 24 BAYS 3.5"" HDD 12G SAS REDUNDANT NODE DUAL XEON SP 1200W HRP","global","resource_AVL","string","DSS424S-D5-AVL"
"gid://shopify/Product/1774394277958","dss424s-d5-4u-24-bays","DSS424S-D5 4U 24 BAYS 3.5"" HDD 12G SAS REDUNDANT NODE DUAL XEON SP 1200W HRP","global","resource_BIOS","string","Tyan S7100GM2NR"
"gid://shopify/Product/1774394277958","dss424s-d5-4u-24-bays","DSS424S-D5 4U 24 BAYS 3.5"" HDD 12G SAS REDUNDANT NODE DUAL XEON SP 1200W HRP","global","resource_Install Guide","string","DSS424SF-D5-QG"
"gid://shopify/Product/1774394277958","dss424s-d5-4u-24-bays","DSS424S-D5 4U 24 BAYS 3.5"" HDD 12G SAS REDUNDANT NODE DUAL XEON SP 1200W HRP","global","resource_Product Brief","string","PB-DuraStreams_Intel_E"
"gid://shopify/Product/1774394277958","dss424s-d5-4u-24-bays","DSS424S-D5 4U 24 BAYS 3.5"" HDD 12G SAS REDUNDANT NODE DUAL XEON SP 1200W HRP","global","processor","string","Intel"
"gid://shopify/Product/1774394802246","dss424s-un-4u-24-bays","DSS424S-UN 4U 24 BAYS 3.5"" HDD 12G SAS REDUNDANT NODE SINGLE EPYC 1200W HRP","global","100_System","string","System"
"gid://shopify/Product/1774394802246","dss424s-un-4u-24-bays","DSS424S-UN 4U 24 BAYS 3.5"" HDD 12G SAS REDUNDANT NODE SINGLE EPYC 1200W HRP","global","110_Processor","string","Each Node: Supports single socket AMD EPYC&trade; up to 180W TDP socket SP3"
"gid://shopify/Product/1774394802246","dss424s-un-4u-24-bays","DSS424S-UN 4U 24 BAYS 3.5"" HDD 12G SAS REDUNDANT NODE SINGLE EPYC 1200W HRP","global","130_System Memory","string","Each Node: Supports up to 16x DIMMs DDR4 RDIMM/L 2400"
"gid://shopify/Product/1774394802246","dss424s-un-4u-24-bays","DSS424S-UN 4U 24 BAYS 3.5"" HDD 12G SAS REDUNDANT NODE SINGLE EPYC 1200W HRP","global","170_Storage","string","Each node: 36 ports 12G SAS Expander with 3 SFF8643 Connectors"
"gid://shopify/Product/1774394802246","dss424s-un-4u-24-bays","DSS424S-UN 4U 24 BAYS 3.5"" HDD 12G SAS REDUNDANT NODE SINGLE EPYC 1200W HRP","global","305_Expansion","string","Each Node: 4x PCI-E3.0 x16; 3x PCI-E3.0 x8"
"gid://shopify/Product/1774394802246","dss424s-un-4u-24-bays","DSS424S-UN 4U 24 BAYS 3.5"" HDD 12G SAS REDUNDANT NODE SINGLE EPYC 1200W HRP","global","700_Environment","string","Environment"
"gid://shopify/Product/1774394802246","dss424s-un-4u-24-bays","DSS424S-UN 4U 24 BAYS 3.5"" HDD 12G SAS REDUNDANT NODE SINGLE EPYC 1200W HRP","global","710_Operating Temperature","string","0&deg;C ~ 35&deg;C"
"gid://shopify/Product/1774394802246","dss424s-un-4u-24-bays","DSS424S-UN 4U 24 BAYS 3.5"" HDD 12G SAS REDUNDANT NODE SINGLE EPYC 1200W HRP","global","720_Storage Temperature","string","-20&deg;C ~ 70&deg;C"
"gid://shopify/Product/1774394802246","dss424s-un-4u-24-bays","DSS424S-UN 4U 24 BAYS 3.5"" HDD 12G SAS REDUNDANT NODE SINGLE EPYC 1200W HRP","global","730_Relative Humidity","string","5% ~ 95% relative humidity, non-condensing"
"gid://shopify/Product/1774394802246","dss424s-un-4u-24-bays","DSS424S-UN 4U 24 BAYS 3.5"" HDD 12G SAS REDUNDANT NODE SINGLE EPYC 1200W HRP","global","800_Physical","string","Physical"
"gid://shopify/Product/1774394802246","dss424s-un-4u-24-bays","DSS424S-UN 4U 24 BAYS 3.5"" HDD 12G SAS REDUNDANT NODE SINGLE EPYC 1200W HRP","global","810_Dimensions (W x H x D)","string","System: 27""x19""x7"" (DxWxH) Packaging: 38""x 25.2""x18""(LxWxH)"
"gid://shopify/Product/1774394802246","dss424s-un-4u-24-bays","DSS424S-UN 4U 24 BAYS 3.5"" HDD 12G SAS REDUNDANT NODE SINGLE EPYC 1200W HRP","global","820_Weights","string","Gross: 51.78KG/114LBS Net: 33.9KG/75LBS"
"gid://shopify/Product/1774394802246","dss424s-un-4u-24-bays","DSS424S-UN 4U 24 BAYS 3.5"" HDD 12G SAS REDUNDANT NODE SINGLE EPYC 1200W HRP","global","family","string","server"
"gid://shopify/Product/1774394802246","dss424s-un-4u-24-bays","DSS424S-UN 4U 24 BAYS 3.5"" HDD 12G SAS REDUNDANT NODE SINGLE EPYC 1200W HRP","global","product series","string","DuraStreams"
"gid://shopify/Product/1774394802246","dss424s-un-4u-24-bays","DSS424S-UN 4U 24 BAYS 3.5"" HDD 12G SAS REDUNDANT NODE SINGLE EPYC 1200W HRP","global","resource_Data Sheet","string","DS_DSS424S-UN_E"
"gid://shopify/Product/1774394802246","dss424s-un-4u-24-bays","DSS424S-UN 4U 24 BAYS 3.5"" HDD 12G SAS REDUNDANT NODE SINGLE EPYC 1200W HRP","global","title","string","DSS424S-UN"
"gid://shopify/Product/1774394802246","dss424s-un-4u-24-bays","DSS424S-UN 4U 24 BAYS 3.5"" HDD 12G SAS REDUNDANT NODE SINGLE EPYC 1200W HRP","global","171_Driver Bays","string","24 hot-swap 3.5"" 12G/6G SAS/SATA drive bay Each node: 2x internal 2.5"" 7mm for OS drive bays"
"gid://shopify/Product/1774394802246","dss424s-un-4u-24-bays","DSS424S-UN 4U 24 BAYS 3.5"" HDD 12G SAS REDUNDANT NODE SINGLE EPYC 1200W HRP","global","220_Cooling","string","Each node: 4x 60mm fans"
"gid://shopify/Product/1774394802246","dss424s-un-4u-24-bays","DSS424S-UN 4U 24 BAYS 3.5"" HDD 12G SAS REDUNDANT NODE SINGLE EPYC 1200W HRP","global","739_HTS Code","string","8473 30 5100"
"gid://shopify/Product/1774394802246","dss424s-un-4u-24-bays","DSS424S-UN 4U 24 BAYS 3.5"" HDD 12G SAS REDUNDANT NODE SINGLE EPYC 1200W HRP","global","740_ECCN","string","4A994"
"gid://shopify/Product/1774394802246","dss424s-un-4u-24-bays","DSS424S-UN 4U 24 BAYS 3.5"" HDD 12G SAS REDUNDANT NODE SINGLE EPYC 1200W HRP","global","741_Compliance","string","CE, FCC Class A, RoHS 6/6 compliant"
"gid://shopify/Product/1774394802246","dss424s-un-4u-24-bays","DSS424S-UN 4U 24 BAYS 3.5"" HDD 12G SAS REDUNDANT NODE SINGLE EPYC 1200W HRP","global","resource_AVL","string","DSS424S-UN-AVL"
"gid://shopify/Product/1774394802246","dss424s-un-4u-24-bays","DSS424S-UN 4U 24 BAYS 3.5"" HDD 12G SAS REDUNDANT NODE SINGLE EPYC 1200W HRP","global","resource_BIOS","string","Tyan S8026GM2NRE"
"gid://shopify/Product/1774394802246","dss424s-un-4u-24-bays","DSS424S-UN 4U 24 BAYS 3.5"" HDD 12G SAS REDUNDANT NODE SINGLE EPYC 1200W HRP","global","resource_Install Guide","string","DSS424S-UN-QG"
"gid://shopify/Product/1774394802246","dss424s-un-4u-24-bays","DSS424S-UN 4U 24 BAYS 3.5"" HDD 12G SAS REDUNDANT NODE SINGLE EPYC 1200W HRP","global","resource_Product Brief","string","PB-DuraStreams_AMD_E"
"gid://shopify/Product/1774394802246","dss424s-un-4u-24-bays","DSS424S-UN 4U 24 BAYS 3.5"" HDD 12G SAS REDUNDANT NODE SINGLE EPYC 1200W HRP","global","processor","string","AMD"
"gid://shopify/Product/2041801834566","dss448s-d5","DSS448S-D5 4U 48 BAYS SAS DUAL INTEL XEON","global","810_Dimensions (W x H x D)","string","System: 39” x 19” x 7-1/4” (LxWxH)<br>Packaging: 46”x 25.5”x18”(LxWxH)"
"gid://shopify/Product/2041801834566","dss448s-d5","DSS448S-D5 4U 48 BAYS SAS DUAL INTEL XEON","global","800_Physical","string","Physical"
"gid://shopify/Product/2041801834566","dss448s-d5","DSS448S-D5 4U 48 BAYS SAS DUAL INTEL XEON","global","741_Compliance","string","CE, FCC Class A, RoHS 6/6 compliant"
"gid://shopify/Product/2041801834566","dss448s-d5","DSS448S-D5 4U 48 BAYS SAS DUAL INTEL XEON","global","740_ECCN","string","4A994"
"gid://shopify/Product/2041801834566","dss448s-d5","DSS448S-D5 4U 48 BAYS SAS DUAL INTEL XEON","global","739_HTS Code","string","8473 30 5100"
"gid://shopify/Product/2041801834566","dss448s-d5","DSS448S-D5 4U 48 BAYS SAS DUAL INTEL XEON","global","730_Relative Humidity","string","5% ~ 95% relative humidity, non-condensing"
"gid://shopify/Product/2041801834566","dss448s-d5","DSS448S-D5 4U 48 BAYS SAS DUAL INTEL XEON","global","720_Storage Temperature","string","-20&deg;C ~ 70&deg;C"
"gid://shopify/Product/2041801834566","dss448s-d5","DSS448S-D5 4U 48 BAYS SAS DUAL INTEL XEON","global","710_Operating Temperature","string","0&deg;C ~ 35&deg;C"
"gid://shopify/Product/2041801834566","dss448s-d5","DSS448S-D5 4U 48 BAYS SAS DUAL INTEL XEON","global","700_Environment","string","Environment"
"gid://shopify/Product/2041801834566","dss448s-d5","DSS448S-D5 4U 48 BAYS SAS DUAL INTEL XEON","global","501_Power","string","1+1 1600W AC/DC 80 Plus Platinum Redundant PSU <br>Optional -48V DC input availble upon request"
"gid://shopify/Product/2041801834566","dss448s-d5","DSS448S-D5 4U 48 BAYS SAS DUAL INTEL XEON","global","305_Expansion","string","Each node: 2x PCIe 3.0 x16 slots and 3x PCIe 3.0 x8 slots; 1x PCIe 3.0 x4 slots (in x8 slot)"
"gid://shopify/Product/2041801834566","dss448s-d5","DSS448S-D5 4U 48 BAYS SAS DUAL INTEL XEON","global","303_Back I/O","string","VGA<br> 2x GbE RJ45<br> 1x GbE IPMI<br> 2x USB 2.0<br> 1x USB 3.0<br> 1x COM Serial (per node)"
"gid://shopify/Product/2041801834566","dss448s-d5","DSS448S-D5 4U 48 BAYS SAS DUAL INTEL XEON","global","302_Front I/O","string","Power On/Off with LED<br> Reset Switch<br> NMI Switch<br> Locate Switch with LED<br> 4xLAN LED<br> Warning LED"
"gid://shopify/Product/2041801834566","dss448s-d5","DSS448S-D5 4U 48 BAYS SAS DUAL INTEL XEON","global","299_Other Features","string","Dedicated GbE for IPMI 2.0"
"gid://shopify/Product/2041801834566","dss448s-d5","DSS448S-D5 4U 48 BAYS SAS DUAL INTEL XEON","global","220_Cooling","string","4x 60mmx38mm fans (per node)"
"gid://shopify/Product/2041801834566","dss448s-d5","DSS448S-D5 4U 48 BAYS SAS DUAL INTEL XEON","global","211_Supported OS","string","Windows 2012 R2<br> RHEL 7.4<br> SLES 12 SP2<br>Windows 2016<br> VMWare ESXi 6.5<br> FreeBSD 11<br>Centos 7.3<br> For other OS, please contact us"
"gid://shopify/Product/2041801834566","dss448s-d5","DSS448S-D5 4U 48 BAYS SAS DUAL INTEL XEON","global","171_Driver Bays","string","48x hot-swap 3.5” 12G SAS HDD drive bays<br>2x internal 2.5” 7mm for OS drive bays<br>4x dual-port NVMe U.2 SSD days shared by 2 nodes"
"gid://shopify/Product/2041801834566","dss448s-d5","DSS448S-D5 4U 48 BAYS SAS DUAL INTEL XEON","global","170_Storage","string","Two 36 ports Broadcom 12G SAS Expander"
"gid://shopify/Product/2041801834566","dss448s-d5","DSS448S-D5 4U 48 BAYS SAS DUAL INTEL XEON","global","161_Network","string","Each node 2x GbE ports, 1x GbE dedicated for IPMI"
"gid://shopify/Product/2041801834566","dss448s-d5","DSS448S-D5 4U 48 BAYS SAS DUAL INTEL XEON","global","130_System Memory","string","8x DIMMs, Up to 1TB ECC DDR4 RDIMM/RDIMM/LRDIMM 2666/2400/2133 (per node)"
"gid://shopify/Product/2041801834566","dss448s-d5","DSS448S-D5 4U 48 BAYS SAS DUAL INTEL XEON","global","120_System Chipset","string","Intel C621 chipset"
"gid://shopify/Product/2041801834566","dss448s-d5","DSS448S-D5 4U 48 BAYS SAS DUAL INTEL XEON","global","110_Processor","string","Dual Intel® Xeon® SP Skylake / Cascade Lake up to 140W TDP socket"
"gid://shopify/Product/2041801834566","dss448s-d5","DSS448S-D5 4U 48 BAYS SAS DUAL INTEL XEON","global","100_System","string","System"
"gid://shopify/Product/2041801834566","dss448s-d5","DSS448S-D5 4U 48 BAYS SAS DUAL INTEL XEON","global","processor","string","Intel"
"gid://shopify/Product/2041801834566","dss448s-d5","DSS448S-D5 4U 48 BAYS SAS DUAL INTEL XEON","global","product series","string","DuraStreams"
"gid://shopify/Product/2041801834566","dss448s-d5","DSS448S-D5 4U 48 BAYS SAS DUAL INTEL XEON","global","family","string","server"
"gid://shopify/Product/2041801834566","dss448s-d5","DSS448S-D5 4U 48 BAYS SAS DUAL INTEL XEON","global","title","string","DSS448S-D5"
"gid://shopify/Product/2041801834566","dss448s-d5","DSS448S-D5 4U 48 BAYS SAS DUAL INTEL XEON","global","resource_Data Sheet","string","DS_DSS448S-D5_E"
"gid://shopify/Product/2041801834566","dss448s-d5","DSS448S-D5 4U 48 BAYS SAS DUAL INTEL XEON","global","820_Weights","string","Net Weight: 40lbs with SSDs<br> Gross Weight: 55lbs"
"gid://shopify/Product/3946157310022","dss448s-ur","DSS448S-UR 4U 48 BAYS SAS DUAL 2ND GEN AMD EPYC","global","100_System","string","System"
"gid://shopify/Product/3946157310022","dss448s-ur","DSS448S-UR 4U 48 BAYS SAS DUAL 2ND GEN AMD EPYC","global","110_Processor","string","Each Node: Supports Single Socket AMD ROME &trade; up to 205W TDP socket SP3"
"gid://shopify/Product/3946157310022","dss448s-ur","DSS448S-UR 4U 48 BAYS SAS DUAL 2ND GEN AMD EPYC","global","120_System Chipset","string","N/A"
"gid://shopify/Product/3946157310022","dss448s-ur","DSS448S-UR 4U 48 BAYS SAS DUAL 2ND GEN AMD EPYC","global","130_System Memory","string","Each Node: Supports up to 8x DIMMs DDR4 2666/3200 MHz"
"gid://shopify/Product/3946157310022","dss448s-ur","DSS448S-UR 4U 48 BAYS SAS DUAL 2ND GEN AMD EPYC","global","161_Network","string","Each node 2x GbE ports, 1x GbE dedicated for IPMI"
"gid://shopify/Product/3946157310022","dss448s-ur","DSS448S-UR 4U 48 BAYS SAS DUAL 2ND GEN AMD EPYC","global","170_Storage","string","Two 36 ports Broadcom 12G SAS Expander"
"gid://shopify/Product/3946157310022","dss448s-ur","DSS448S-UR 4U 48 BAYS SAS DUAL 2ND GEN AMD EPYC","global","171_Driver Bays","string","48x hot-swap 3.5&quot; 12G SAS HDD drive bays
2x internal 2.5&quot; 7mm for OS drive bays
4x dual-port NVMe U.2 SSD days shared by 2 nodes"
"gid://shopify/Product/3946157310022","dss448s-ur","DSS448S-UR 4U 48 BAYS SAS DUAL 2ND GEN AMD EPYC","global","211_Supported OS","string","Windows 2012 R2, RHEL 7.4, SLES 12 SP2; Windows 2016, VMWare ESXi 6.5, FreeBSD 11; Centos 7.3; For other OS please contact us"
"gid://shopify/Product/3946157310022","dss448s-ur","DSS448S-UR 4U 48 BAYS SAS DUAL 2ND GEN AMD EPYC","global","220_Cooling","string","4x 60mmx38mm fans (per node)"
"gid://shopify/Product/3946157310022","dss448s-ur","DSS448S-UR 4U 48 BAYS SAS DUAL 2ND GEN AMD EPYC","global","299_Other Features","string","Dedicated GbE for IPMI 2.0"
"gid://shopify/Product/3946157310022","dss448s-ur","DSS448S-UR 4U 48 BAYS SAS DUAL 2ND GEN AMD EPYC","global","302_Front I/O","string","Power On/Off with LED, Reset Switch, NMI Switch, Locate Switch with LED, 4xLAN LED, Warning LED 1x USB 3.0"
"gid://shopify/Product/3946157310022","dss448s-ur","DSS448S-UR 4U 48 BAYS SAS DUAL 2ND GEN AMD EPYC","global","303_Back I/O","string","VGA, 2x GbE RJ45, 1x GbE IPMI, 2x USB 2.0, 1x USB 3.0, 1x COM Serial (per node)"
"gid://shopify/Product/3946157310022","dss448s-ur","DSS448S-UR 4U 48 BAYS SAS DUAL 2ND GEN AMD EPYC","global","305_Expansion","string","Each Node: 5x PCIe 3.0/4.0 x16"
"gid://shopify/Product/3946157310022","dss448s-ur","DSS448S-UR 4U 48 BAYS SAS DUAL 2ND GEN AMD EPYC","global","501_Power","string","1+1 1600W AC/DC 80 Plus Platinum Redundant PSU
Optional -48V DC input availble upon request"
"gid://shopify/Product/3946157310022","dss448s-ur","DSS448S-UR 4U 48 BAYS SAS DUAL 2ND GEN AMD EPYC","global","700_Environment","string","Environment"
"gid://shopify/Product/3946157310022","dss448s-ur","DSS448S-UR 4U 48 BAYS SAS DUAL 2ND GEN AMD EPYC","global","710_Operating Temperature","string","0&deg;C ~ 35&deg;C"
"gid://shopify/Product/3946157310022","dss448s-ur","DSS448S-UR 4U 48 BAYS SAS DUAL 2ND GEN AMD EPYC","global","720_Storage Temperature","string","-20&deg;C ~ 70&deg;C"
"gid://shopify/Product/3946157310022","dss448s-ur","DSS448S-UR 4U 48 BAYS SAS DUAL 2ND GEN AMD EPYC","global","730_Relative Humidity","string","5% ~ 95% relative humidity, non-condensing"
"gid://shopify/Product/3946157310022","dss448s-ur","DSS448S-UR 4U 48 BAYS SAS DUAL 2ND GEN AMD EPYC","global","739_HTS Code","string","8473 30 5100"
"gid://shopify/Product/3946157310022","dss448s-ur","DSS448S-UR 4U 48 BAYS SAS DUAL 2ND GEN AMD EPYC","global","740_ECCN","string","4A994"
"gid://shopify/Product/3946157310022","dss448s-ur","DSS448S-UR 4U 48 BAYS SAS DUAL 2ND GEN AMD EPYC","global","741_Compliance","string","CE, FCC Class A, RoHS 6/6 compliant"
"gid://shopify/Product/3946157310022","dss448s-ur","DSS448S-UR 4U 48 BAYS SAS DUAL 2ND GEN AMD EPYC","global","800_Physical","string","Physical"
"gid://shopify/Product/3946157310022","dss448s-ur","DSS448S-UR 4U 48 BAYS SAS DUAL 2ND GEN AMD EPYC","global","810_Dimensions (W x H x D)","string","System: 39&quot; x 19&quot; x 7-1/4&quot; (LxWxH)
Packaging: 46&quot;x 25.5&quot;x18&quot;(LxWxH)"
"gid://shopify/Product/3946157310022","dss448s-ur","DSS448S-UR 4U 48 BAYS SAS DUAL 2ND GEN AMD EPYC","global","820_Weights","string","Net Weight: 40lbs with SSDs; Gross Weight: 55lbs"
"gid://shopify/Product/3946157310022","dss448s-ur","DSS448S-UR 4U 48 BAYS SAS DUAL 2ND GEN AMD EPYC","global","family","string","server"
"gid://shopify/Product/3946157310022","dss448s-ur","DSS448S-UR 4U 48 BAYS SAS DUAL 2ND GEN AMD EPYC","global","processor","string","AMD"
"gid://shopify/Product/3946157310022","dss448s-ur","DSS448S-UR 4U 48 BAYS SAS DUAL 2ND GEN AMD EPYC","global","product series","string","DuraStreams"
"gid://shopify/Product/3946157310022","dss448s-ur","DSS448S-UR 4U 48 BAYS SAS DUAL 2ND GEN AMD EPYC","global","resource_Data Sheet","string","DS_DSS448S-UR_E"
"gid://shopify/Product/3946157310022","dss448s-ur","DSS448S-UR 4U 48 BAYS SAS DUAL 2ND GEN AMD EPYC","global","title","string","DSS448S-UR"
"gid://shopify/Product/1774395392070","edrawer4048j-s3-4u-48-bays","eDrawer4048J-S3 4U 48 BAYS 3.5"" HDD 12G SAS DUAL EXPANDER JBOD 1100W HRP","global","170_Storage","string","48x 3.5"" 12/6Gbps SAS/SATA Trayless bays"
"gid://shopify/Product/1774395392070","edrawer4048j-s3-4u-48-bays","eDrawer4048J-S3 4U 48 BAYS 3.5"" HDD 12G SAS DUAL EXPANDER JBOD 1100W HRP","global","700_Environment","string","Environment"
"gid://shopify/Product/1774395392070","edrawer4048j-s3-4u-48-bays","eDrawer4048J-S3 4U 48 BAYS 3.5"" HDD 12G SAS DUAL EXPANDER JBOD 1100W HRP","global","710_Operating Temperature","string","0&deg;C ~ 35&deg;C"
"gid://shopify/Product/1774395392070","edrawer4048j-s3-4u-48-bays","eDrawer4048J-S3 4U 48 BAYS 3.5"" HDD 12G SAS DUAL EXPANDER JBOD 1100W HRP","global","720_Storage Temperature","string","-20&deg;C ~ 70&deg;C"
"gid://shopify/Product/1774395392070","edrawer4048j-s3-4u-48-bays","eDrawer4048J-S3 4U 48 BAYS 3.5"" HDD 12G SAS DUAL EXPANDER JBOD 1100W HRP","global","730_Relative Humidity","string","5% ~ 95% relative humidity, non-condensing"
"gid://shopify/Product/1774395392070","edrawer4048j-s3-4u-48-bays","eDrawer4048J-S3 4U 48 BAYS 3.5"" HDD 12G SAS DUAL EXPANDER JBOD 1100W HRP","global","800_Physical","string","Physical"
"gid://shopify/Product/1774395392070","edrawer4048j-s3-4u-48-bays","eDrawer4048J-S3 4U 48 BAYS 3.5"" HDD 12G SAS DUAL EXPANDER JBOD 1100W HRP","global","810_Dimensions (W x H x D)","string","System: 29""x19""x7"" (LxWxH) Packaging: 45.5“x25""x23"" (LxWxH) palletized"
"gid://shopify/Product/1774395392070","edrawer4048j-s3-4u-48-bays","eDrawer4048J-S3 4U 48 BAYS 3.5"" HDD 12G SAS DUAL EXPANDER JBOD 1100W HRP","global","820_Weights","string","108lbs w/o Hard Drives"
"gid://shopify/Product/1774395392070","edrawer4048j-s3-4u-48-bays","eDrawer4048J-S3 4U 48 BAYS 3.5"" HDD 12G SAS DUAL EXPANDER JBOD 1100W HRP","global","family","string","server"
"gid://shopify/Product/1774395392070","edrawer4048j-s3-4u-48-bays","eDrawer4048J-S3 4U 48 BAYS 3.5"" HDD 12G SAS DUAL EXPANDER JBOD 1100W HRP","global","product series","string","ScaleStreams"
"gid://shopify/Product/1774395392070","edrawer4048j-s3-4u-48-bays","eDrawer4048J-S3 4U 48 BAYS 3.5"" HDD 12G SAS DUAL EXPANDER JBOD 1100W HRP","global","title","string","eDrawer4048J-S3"
"gid://shopify/Product/1774395392070","edrawer4048j-s3-4u-48-bays","eDrawer4048J-S3 4U 48 BAYS 3.5"" HDD 12G SAS DUAL EXPANDER JBOD 1100W HRP","global","220_Cooling","string","Six 80mm hot-swap exhaust fan modules with Smart Fan Control for optimal cooling"
"gid://shopify/Product/1774395392070","edrawer4048j-s3-4u-48-bays","eDrawer4048J-S3 4U 48 BAYS 3.5"" HDD 12G SAS DUAL EXPANDER JBOD 1100W HRP","global","739_HTS Code","string","8473 30 5100"
"gid://shopify/Product/1774395392070","edrawer4048j-s3-4u-48-bays","eDrawer4048J-S3 4U 48 BAYS 3.5"" HDD 12G SAS DUAL EXPANDER JBOD 1100W HRP","global","740_ECCN","string","4A994"
"gid://shopify/Product/1774395392070","edrawer4048j-s3-4u-48-bays","eDrawer4048J-S3 4U 48 BAYS 3.5"" HDD 12G SAS DUAL EXPANDER JBOD 1100W HRP","global","741_Compliance","string","CE, FCC Class A, RoHS 6/6 compliant"
"gid://shopify/Product/1774395392070","edrawer4048j-s3-4u-48-bays","eDrawer4048J-S3 4U 48 BAYS 3.5"" HDD 12G SAS DUAL EXPANDER JBOD 1100W HRP","global","resource_BIOS","string","JNM-2.0.5-BIOS"
"gid://shopify/Product/1774395392070","edrawer4048j-s3-4u-48-bays","eDrawer4048J-S3 4U 48 BAYS 3.5"" HDD 12G SAS DUAL EXPANDER JBOD 1100W HRP","global","301_I/O","string","8x 12Gbps SAS SFF8644 for Uplink 4x 12Gbps SAS SFF8644 for Downlink"
"gid://shopify/Product/1774395392070","edrawer4048j-s3-4u-48-bays","eDrawer4048J-S3 4U 48 BAYS 3.5"" HDD 12G SAS DUAL EXPANDER JBOD 1100W HRP","global","115_Expander","string","Two LSI SAS 12Gbps Expander"
"gid://shopify/Product/1774395392070","edrawer4048j-s3-4u-48-bays","eDrawer4048J-S3 4U 48 BAYS 3.5"" HDD 12G SAS DUAL EXPANDER JBOD 1100W HRP","global","172_Enclosure Management","string","Web GUI Ethernet Mgmt Port, HDD Status/ Identifier LEDs, Smart Fan, Thermal Monitor, HDD Monitor, Voltage Monitor, Inband SES3 Support"
"gid://shopify/Product/1774395392070","edrawer4048j-s3-4u-48-bays","eDrawer4048J-S3 4U 48 BAYS 3.5"" HDD 12G SAS DUAL EXPANDER JBOD 1100W HRP","global","resource_Firmware","string","eDrasw48&72-Beta2"
"gid://shopify/Product/1774395392070","edrawer4048j-s3-4u-48-bays","eDrawer4048J-S3 4U 48 BAYS 3.5"" HDD 12G SAS DUAL EXPANDER JBOD 1100W HRP","global","resource_MFG file","string","sas3-MFG-File"
"gid://shopify/Product/1774395392070","edrawer4048j-s3-4u-48-bays","eDrawer4048J-S3 4U 48 BAYS 3.5"" HDD 12G SAS DUAL EXPANDER JBOD 1100W HRP","global","169_Controller Support","string","12 & 6Gb/s Host-based RAID Controller cards and HBAs with external connectivity"
"gid://shopify/Product/1774395392070","edrawer4048j-s3-4u-48-bays","eDrawer4048J-S3 4U 48 BAYS 3.5"" HDD 12G SAS DUAL EXPANDER JBOD 1100W HRP","global","resource_Data Sheet","string","DS_eDrawer4048J-S3_E"
"gid://shopify/Product/1774395392070","edrawer4048j-s3-4u-48-bays","eDrawer4048J-S3 4U 48 BAYS 3.5"" HDD 12G SAS DUAL EXPANDER JBOD 1100W HRP","global","processor","string","JBOD"
"gid://shopify/Product/1774396735558","edrawer4048s-d5-4u-48-bays","eDrawer4048S-D5 4U 48 Bays 3.5"" HDD 12G SAS Dual XeonSP","global","110_Processor","string","Supports Dual Intel Xeon SP (Skylake) up to 205W TDP socket LGA3647"
"gid://shopify/Product/1774396735558","edrawer4048s-d5-4u-48-bays","eDrawer4048S-D5 4U 48 Bays 3.5"" HDD 12G SAS Dual XeonSP","global","120_System Chipset","string","Intel C621 chipset"
"gid://shopify/Product/1774396735558","edrawer4048s-d5-4u-48-bays","eDrawer4048S-D5 4U 48 Bays 3.5"" HDD 12G SAS Dual XeonSP","global","130_System Memory","string","Supports 12x DDR4 ECC RDIMM/LRDIMM 2133/2400/2666 MT/s (optional 16x DIMMs up to 2 TB)"
"gid://shopify/Product/1774396735558","edrawer4048s-d5-4u-48-bays","eDrawer4048S-D5 4U 48 Bays 3.5"" HDD 12G SAS Dual XeonSP","global","170_Storage","string","Two 36 ports 12G SAS Expander 6 SFF8643 24 PORTS 12G SAS To HBA/RAID up to 19GB/s band with throughput"
"gid://shopify/Product/1774396735558","edrawer4048s-d5-4u-48-bays","eDrawer4048S-D5 4U 48 Bays 3.5"" HDD 12G SAS Dual XeonSP","global","305_Expansion","string","4 PCIe Gen3 x16 slots, 3x PCIe Gen3 x8 slots"
"gid://shopify/Product/1774396735558","edrawer4048s-d5-4u-48-bays","eDrawer4048S-D5 4U 48 Bays 3.5"" HDD 12G SAS Dual XeonSP","global","700_Environment","string","Environment"
"gid://shopify/Product/1774396735558","edrawer4048s-d5-4u-48-bays","eDrawer4048S-D5 4U 48 Bays 3.5"" HDD 12G SAS Dual XeonSP","global","710_Operating Temperature","string","0&deg;C ~ 35&deg;C"
"gid://shopify/Product/1774396735558","edrawer4048s-d5-4u-48-bays","eDrawer4048S-D5 4U 48 Bays 3.5"" HDD 12G SAS Dual XeonSP","global","720_Storage Temperature","string","-20&deg;C ~ 70&deg;C"
"gid://shopify/Product/1774396735558","edrawer4048s-d5-4u-48-bays","eDrawer4048S-D5 4U 48 Bays 3.5"" HDD 12G SAS Dual XeonSP","global","730_Relative Humidity","string","5% ~ 95% relative humidity, non-condensing"
"gid://shopify/Product/1774396735558","edrawer4048s-d5-4u-48-bays","eDrawer4048S-D5 4U 48 Bays 3.5"" HDD 12G SAS Dual XeonSP","global","800_Physical","string","Physical"
"gid://shopify/Product/1774396735558","edrawer4048s-d5-4u-48-bays","eDrawer4048S-D5 4U 48 Bays 3.5"" HDD 12G SAS Dual XeonSP","global","810_Dimensions (W x H x D)","string","System: 34.5""x19""x7"" (LxWxH) Packaging: 47.6“x24.8""x13.6""(LxWxH)"
"gid://shopify/Product/1774396735558","edrawer4048s-d5-4u-48-bays","eDrawer4048S-D5 4U 48 Bays 3.5"" HDD 12G SAS Dual XeonSP","global","820_Weights","string","Gross Weight: 51.78KG/114LBS Net: 33.9KG/75LBS"
"gid://shopify/Product/1774396735558","edrawer4048s-d5-4u-48-bays","eDrawer4048S-D5 4U 48 Bays 3.5"" HDD 12G SAS Dual XeonSP","global","BACK-I/O","string","DB15 VGA, 2x RJ45 1GbE/10GbE, 1x RJ45 MGMT, 2x USB 2.0, 2x USB 3.0"
"gid://shopify/Product/1774396735558","edrawer4048s-d5-4u-48-bays","eDrawer4048S-D5 4U 48 Bays 3.5"" HDD 12G SAS Dual XeonSP","global","CPU","string","Support Dual Intel® Xeon® E5-2600v3/v4 up to 145W TDP socket R3"
"gid://shopify/Product/1774396735558","edrawer4048s-d5-4u-48-bays","eDrawer4048S-D5 4U 48 Bays 3.5"" HDD 12G SAS Dual XeonSP","global","Data-Sheet","string","https://cdn.shopify.com/s/files/1/0028/7509/7153/t/6/assets/eDrawer4048S-D4-1528222347421.pdf?12305219206148138814"
"gid://shopify/Product/1774396735558","edrawer4048s-d5-4u-48-bays","eDrawer4048S-D5 4U 48 Bays 3.5"" HDD 12G SAS Dual XeonSP","global","ETHERNET","string","Dual GbE or Dual 10 GbE"
"gid://shopify/Product/1774396735558","edrawer4048s-d5-4u-48-bays","eDrawer4048S-D5 4U 48 Bays 3.5"" HDD 12G SAS Dual XeonSP","global","EXPANSION","string","Support up to total 6 PCIe slot; 1 PCIe3 x8; 4 PCIe3 x16, 1 PCIe2 x4 or 6x PCIe3 x8"
"gid://shopify/Product/1774396735558","edrawer4048s-d5-4u-48-bays","eDrawer4048S-D5 4U 48 Bays 3.5"" HDD 12G SAS Dual XeonSP","global","family","string","server"
"gid://shopify/Product/1774396735558","edrawer4048s-d5-4u-48-bays","eDrawer4048S-D5 4U 48 Bays 3.5"" HDD 12G SAS Dual XeonSP","global","FRONT-I/O","string","Power On/OFF with LED, reset Switch, NMI switch, Locate Switch with LED, 4xLAN LED, Warning LED"
"gid://shopify/Product/1774396735558","edrawer4048s-d5-4u-48-bays","eDrawer4048S-D5 4U 48 Bays 3.5"" HDD 12G SAS Dual XeonSP","global","POWER-INPUT","string","1+1 1200W AC/DC 80 Plus Redundant PSU optional -48V DC input available upon request"
"gid://shopify/Product/1774396735558","edrawer4048s-d5-4u-48-bays","eDrawer4048S-D5 4U 48 Bays 3.5"" HDD 12G SAS Dual XeonSP","global","product series","string","ScaleStreams"
"gid://shopify/Product/1774396735558","edrawer4048s-d5-4u-48-bays","eDrawer4048S-D5 4U 48 Bays 3.5"" HDD 12G SAS Dual XeonSP","global","resource_Data Sheet","string","DS_eDrawer4048S-D5_E"
"gid://shopify/Product/1774396735558","edrawer4048s-d5-4u-48-bays","eDrawer4048S-D5 4U 48 Bays 3.5"" HDD 12G SAS Dual XeonSP","global","STORAGE","string","Two 36 ports 12G SAS Expander 6 SFF8643 24 ports 12G SAS To HBA/RAID up to 19GB/s bandwidth Throughput"
"gid://shopify/Product/1774396735558","edrawer4048s-d5-4u-48-bays","eDrawer4048S-D5 4U 48 Bays 3.5"" HDD 12G SAS Dual XeonSP","global","SYSTEM-CHIPSET","string","Intel® C612 chipset"
"gid://shopify/Product/1774396735558","edrawer4048s-d5-4u-48-bays","eDrawer4048S-D5 4U 48 Bays 3.5"" HDD 12G SAS Dual XeonSP","global","SYSTEM-MEMORY","string","Support 16x DDR4 ECC RDIMM/LRDIMM 1600/1866/2133/2400MT/s max. 2048GB capacity"
"gid://shopify/Product/1774396735558","edrawer4048s-d5-4u-48-bays","eDrawer4048S-D5 4U 48 Bays 3.5"" HDD 12G SAS Dual XeonSP","global","title","string","eDrawer4048S-D5"
"gid://shopify/Product/1774396735558","edrawer4048s-d5-4u-48-bays","eDrawer4048S-D5 4U 48 Bays 3.5"" HDD 12G SAS Dual XeonSP","global","171_Driver Bays","string","48 hot-swap 3.5""6G/12G SAS/SATA drive bay 4x 2.5"" 7mm SATA rear hot-swap bay 2x internal 2.5"" 7mm for OS drive bays"
"gid://shopify/Product/1774396735558","edrawer4048s-d5-4u-48-bays","eDrawer4048S-D5 4U 48 Bays 3.5"" HDD 12G SAS Dual XeonSP","global","220_Cooling","string","4x 97 mm exhaust blower"
"gid://shopify/Product/1774396735558","edrawer4048s-d5-4u-48-bays","eDrawer4048S-D5 4U 48 Bays 3.5"" HDD 12G SAS Dual XeonSP","global","739_HTS Code","string","8473 30 5100"
"gid://shopify/Product/1774396735558","edrawer4048s-d5-4u-48-bays","eDrawer4048S-D5 4U 48 Bays 3.5"" HDD 12G SAS Dual XeonSP","global","740_ECCN","string","4A994"
"gid://shopify/Product/1774396735558","edrawer4048s-d5-4u-48-bays","eDrawer4048S-D5 4U 48 Bays 3.5"" HDD 12G SAS Dual XeonSP","global","741_Compliance","string","CE, FCC Class A, RoHS 6/6 compliant"
"gid://shopify/Product/1774396735558","edrawer4048s-d5-4u-48-bays","eDrawer4048S-D5 4U 48 Bays 3.5"" HDD 12G SAS Dual XeonSP","global","AVL","string","https://cdn.shopify.com/s/files/1/0028/7509/7153/t/6/assets/Premio_eDrawer4048S-D4-AVL-1528222347428.pdf?12305219206148138814"
"gid://shopify/Product/1774396735558","edrawer4048s-d5-4u-48-bays","eDrawer4048S-D5 4U 48 Bays 3.5"" HDD 12G SAS Dual XeonSP","global","Compliance","string","CE, FCC Class A, RoHS 6/6 compliant"
"gid://shopify/Product/1774396735558","edrawer4048s-d5-4u-48-bays","eDrawer4048S-D5 4U 48 Bays 3.5"" HDD 12G SAS Dual XeonSP","global","Cooling","string","4x 97mm exhaust blower"
"gid://shopify/Product/1774396735558","edrawer4048s-d5-4u-48-bays","eDrawer4048S-D5 4U 48 Bays 3.5"" HDD 12G SAS Dual XeonSP","global","DIMENSIONS","string","System: 34.5”x19”x7” (LxWxH) Packaging: 47.6”x 24.8”x13.6”(LxWxH)"
"gid://shopify/Product/1774396735558","edrawer4048s-d5-4u-48-bays","eDrawer4048S-D5 4U 48 Bays 3.5"" HDD 12G SAS Dual XeonSP","global","Drive-Bays","string","48 hot-swap 3.5” 6G/12G SAS/SATA drive bay 4x 2.5” 7mm SATA rear hot-swap bay 2x internal 2.5” 7mm for OS drive bays"
"gid://shopify/Product/1774396735558","edrawer4048s-d5-4u-48-bays","eDrawer4048S-D5 4U 48 Bays 3.5"" HDD 12G SAS Dual XeonSP","global","Environmental","string","Operating Temperature: 0°C to 35°C NonOperating Temperature: -20°C to 70°C Humidity: 5% to 95% non-condensing"
"gid://shopify/Product/1774396735558","edrawer4048s-d5-4u-48-bays","eDrawer4048S-D5 4U 48 Bays 3.5"" HDD 12G SAS Dual XeonSP","global","Install-Guide","string","https://cdn.shopify.com/s/files/1/0028/7509/7153/t/6/assets/Premio_eDrawer4048S-Quick-Guide-v3.70-1528222347436.pdf?18269033515047635632"
"gid://shopify/Product/1774396735558","edrawer4048s-d5-4u-48-bays","eDrawer4048S-D5 4U 48 Bays 3.5"" HDD 12G SAS Dual XeonSP","global","Ordering-Info","string","BB44833D4AS18-A E4U 48 BAYS 3.5"" HDD 12G SAS DUAL XEON v4 1200W HRP"
"gid://shopify/Product/1774396735558","edrawer4048s-d5-4u-48-bays","eDrawer4048S-D5 4U 48 Bays 3.5"" HDD 12G SAS Dual XeonSP","global","resource_AVL","string","eDrawer4048S-D5-AVL"
"gid://shopify/Product/1774396735558","edrawer4048s-d5-4u-48-bays","eDrawer4048S-D5 4U 48 Bays 3.5"" HDD 12G SAS Dual XeonSP","global","resource_BIOS","string","Tyan S7100GM2NR"
"gid://shopify/Product/1774396735558","edrawer4048s-d5-4u-48-bays","eDrawer4048S-D5 4U 48 Bays 3.5"" HDD 12G SAS Dual XeonSP","global","resource_Install Guide","string","eDrawer4048S-D5-QG"
"gid://shopify/Product/1774396735558","edrawer4048s-d5-4u-48-bays","eDrawer4048S-D5 4U 48 Bays 3.5"" HDD 12G SAS Dual XeonSP","global","Supported-OS","string","Windows 2012 R2, RHEL 6.5, SLES 11 SP3, Windows 2008 R2, VMWare ESXi 5.5, FreeBSD 9.2 Centos 6.5; For other OS please contact us"
"gid://shopify/Product/1774396735558","edrawer4048s-d5-4u-48-bays","eDrawer4048S-D5 4U 48 Bays 3.5"" HDD 12G SAS Dual XeonSP","global","WEIGHT","string","Gross: 51.78KG/114LBS; Net: 33.9KG/75LBS"
"gid://shopify/Product/1774396735558","edrawer4048s-d5-4u-48-bays","eDrawer4048S-D5 4U 48 Bays 3.5"" HDD 12G SAS Dual XeonSP","global","resource_Product Brief","string","PB-ScaleStreams_Intel_E"
"gid://shopify/Product/1774396735558","edrawer4048s-d5-4u-48-bays","eDrawer4048S-D5 4U 48 Bays 3.5"" HDD 12G SAS Dual XeonSP","global","processor","string","Intel"
"gid://shopify/Product/1774397227078","edrawer4048s-un-4u-48-bays","eDrawer4048S-UN 4U 48 Bays 3.5"" HDD 12G SAS Single EPYC","global","110_Processor","string","Supports Single Socket AMD EPYC&trade; up to 180W TDP socket SP3"
"gid://shopify/Product/1774397227078","edrawer4048s-un-4u-48-bays","eDrawer4048S-UN 4U 48 Bays 3.5"" HDD 12G SAS Single EPYC","global","130_System Memory","string","Supports up to 16x DIMMs DDR4 RDIMM/L 2400"
"gid://shopify/Product/1774397227078","edrawer4048s-un-4u-48-bays","eDrawer4048S-UN 4U 48 Bays 3.5"" HDD 12G SAS Single EPYC","global","170_Storage","string","Two 36 ports 12G SAS Expander 6 SFF8643 24 ports 12G SAS To HBA/RAID up to 19GB/s bandwidth Throughput"
"gid://shopify/Product/1774397227078","edrawer4048s-un-4u-48-bays","eDrawer4048S-UN 4U 48 Bays 3.5"" HDD 12G SAS Single EPYC","global","305_Expansion","string","4x PCI-E3.0 x16; 3x PCI-E3.0 x8"
"gid://shopify/Product/1774397227078","edrawer4048s-un-4u-48-bays","eDrawer4048S-UN 4U 48 Bays 3.5"" HDD 12G SAS Single EPYC","global","700_Environment","string","Environment"
"gid://shopify/Product/1774397227078","edrawer4048s-un-4u-48-bays","eDrawer4048S-UN 4U 48 Bays 3.5"" HDD 12G SAS Single EPYC","global","710_Operating Temperature","string","0&deg;C ~ 35&deg;C"
"gid://shopify/Product/1774397227078","edrawer4048s-un-4u-48-bays","eDrawer4048S-UN 4U 48 Bays 3.5"" HDD 12G SAS Single EPYC","global","720_Storage Temperature","string","-20&deg;C ~ 70&deg;C"
"gid://shopify/Product/1774397227078","edrawer4048s-un-4u-48-bays","eDrawer4048S-UN 4U 48 Bays 3.5"" HDD 12G SAS Single EPYC","global","730_Relative Humidity","string","5% ~ 95% relative humidity, non-condensing"
"gid://shopify/Product/1774397227078","edrawer4048s-un-4u-48-bays","eDrawer4048S-UN 4U 48 Bays 3.5"" HDD 12G SAS Single EPYC","global","800_Physical","string","Physical"
"gid://shopify/Product/1774397227078","edrawer4048s-un-4u-48-bays","eDrawer4048S-UN 4U 48 Bays 3.5"" HDD 12G SAS Single EPYC","global","810_Dimensions (W x H x D)","string","System: 34.5""x19""x7"" (LxWxH) Packaging: 47.6""x 24.8""x13.6""(LxWxH)"
"gid://shopify/Product/1774397227078","edrawer4048s-un-4u-48-bays","eDrawer4048S-UN 4U 48 Bays 3.5"" HDD 12G SAS Single EPYC","global","820_Weights","string","Gross: 51.78KG/114LBS; Net: 33.9KG/75LBS"
"gid://shopify/Product/1774397227078","edrawer4048s-un-4u-48-bays","eDrawer4048S-UN 4U 48 Bays 3.5"" HDD 12G SAS Single EPYC","global","BACK-I/O","string","2x USB 2.0 ports; 2x USB 3.0 ports; 1x VGA port, COM, 2x 10GbE SFP+, 1x GbE IPMI"
"gid://shopify/Product/1774397227078","edrawer4048s-un-4u-48-bays","eDrawer4048S-UN 4U 48 Bays 3.5"" HDD 12G SAS Single EPYC","global","CPU","string","Supports Single Socket AMD EPYC™ up to 180W TDP socket SP3"
"gid://shopify/Product/1774397227078","edrawer4048s-un-4u-48-bays","eDrawer4048S-UN 4U 48 Bays 3.5"" HDD 12G SAS Single EPYC","global","Data-Sheet","string","https://cdn.shopify.com/s/files/1/0028/7509/7153/t/6/assets/ScaleStreams-eDrawer-4048S-UN-1528224385371.pdf?14207129528239123768"
"gid://shopify/Product/1774397227078","edrawer4048s-un-4u-48-bays","eDrawer4048S-UN 4U 48 Bays 3.5"" HDD 12G SAS Single EPYC","global","ETHERNET","string","2x 10GbE ports, 1x GbE dedicated for IPMI"
"gid://shopify/Product/1774397227078","edrawer4048s-un-4u-48-bays","eDrawer4048S-UN 4U 48 Bays 3.5"" HDD 12G SAS Single EPYC","global","EXPANSION","string","4x PCI-E3.0 x16; 3x PCI-E3.0 x8"
"gid://shopify/Product/1774397227078","edrawer4048s-un-4u-48-bays","eDrawer4048S-UN 4U 48 Bays 3.5"" HDD 12G SAS Single EPYC","global","family","string","server"
"gid://shopify/Product/1774397227078","edrawer4048s-un-4u-48-bays","eDrawer4048S-UN 4U 48 Bays 3.5"" HDD 12G SAS Single EPYC","global","FRONT-I/O","string","Power On/OFF with LED, reset Switch, NMI switch, Locate Switch with LED, 4xLAN LED, Warning LED"
"gid://shopify/Product/1774397227078","edrawer4048s-un-4u-48-bays","eDrawer4048S-UN 4U 48 Bays 3.5"" HDD 12G SAS Single EPYC","global","POWER-INPUT","string","1+1 1200W AC/DC 80 Plus Redundant PSU, optional -48V DC input availble upon request"
"gid://shopify/Product/1774397227078","edrawer4048s-un-4u-48-bays","eDrawer4048S-UN 4U 48 Bays 3.5"" HDD 12G SAS Single EPYC","global","product series","string","ScaleStreams"
"gid://shopify/Product/1774397227078","edrawer4048s-un-4u-48-bays","eDrawer4048S-UN 4U 48 Bays 3.5"" HDD 12G SAS Single EPYC","global","STORAGE","string","Two 36 ports 12G SAS Expander 6 SFF8643 24 ports 12G SAS To HBA/RAID up to 19GB/s bandwidth Throughput"
"gid://shopify/Product/1774397227078","edrawer4048s-un-4u-48-bays","eDrawer4048S-UN 4U 48 Bays 3.5"" HDD 12G SAS Single EPYC","global","SYSTEM-MEMORY","string","Supports up to 16x DIMMs DDR4 RDIMM/L 2400"
"gid://shopify/Product/1774397227078","edrawer4048s-un-4u-48-bays","eDrawer4048S-UN 4U 48 Bays 3.5"" HDD 12G SAS Single EPYC","global","title","string","eDrawer4048S-UN"
"gid://shopify/Product/1774397227078","edrawer4048s-un-4u-48-bays","eDrawer4048S-UN 4U 48 Bays 3.5"" HDD 12G SAS Single EPYC","global","171_Driver Bays","string","48 hot-swap 3.5"" 6G/12G SAS/SATA drive bay 4x 2.5"" 7mm SATA rear hot-swap bay 2x internal 2.5"" 7mm for OS drive bays"
"gid://shopify/Product/1774397227078","edrawer4048s-un-4u-48-bays","eDrawer4048S-UN 4U 48 Bays 3.5"" HDD 12G SAS Single EPYC","global","220_Cooling","string","4x 97mm exhaust blower"
"gid://shopify/Product/1774397227078","edrawer4048s-un-4u-48-bays","eDrawer4048S-UN 4U 48 Bays 3.5"" HDD 12G SAS Single EPYC","global","739_HTS Code","string","8473 30 5100"
"gid://shopify/Product/1774397227078","edrawer4048s-un-4u-48-bays","eDrawer4048S-UN 4U 48 Bays 3.5"" HDD 12G SAS Single EPYC","global","740_ECCN","string","4A994"
"gid://shopify/Product/1774397227078","edrawer4048s-un-4u-48-bays","eDrawer4048S-UN 4U 48 Bays 3.5"" HDD 12G SAS Single EPYC","global","741_Compliance","string","CE, FCC Class A, RoHS 6/6 compliant"
"gid://shopify/Product/1774397227078","edrawer4048s-un-4u-48-bays","eDrawer4048S-UN 4U 48 Bays 3.5"" HDD 12G SAS Single EPYC","global","AVL","string","https://cdn.shopify.com/s/files/1/0028/7509/7153/t/6/assets/eDrawer4048S-UN-AVL-1528224385385.pdf?14207129528239123768"
"gid://shopify/Product/1774397227078","edrawer4048s-un-4u-48-bays","eDrawer4048S-UN 4U 48 Bays 3.5"" HDD 12G SAS Single EPYC","global","Compliance","string","CE, FCC Class A, RoHS 6/6 compliant"
"gid://shopify/Product/1774397227078","edrawer4048s-un-4u-48-bays","eDrawer4048S-UN 4U 48 Bays 3.5"" HDD 12G SAS Single EPYC","global","Cooling","string","4x 97mm exhaust blower"
"gid://shopify/Product/1774397227078","edrawer4048s-un-4u-48-bays","eDrawer4048S-UN 4U 48 Bays 3.5"" HDD 12G SAS Single EPYC","global","DIMENSIONS","string","System: 34.5”x19”x7” (LxWxH) Packaging: 47.6”x 24.8”x13.6”(LxWxH)"
"gid://shopify/Product/1774397227078","edrawer4048s-un-4u-48-bays","eDrawer4048S-UN 4U 48 Bays 3.5"" HDD 12G SAS Single EPYC","global","Drive-Bays","string","48 hot-swap 3.5” 6G/12G SAS/SATA drive bay 4x 2.5” 7mm SATA rear hot-swap bay 2x internal 2.5” 7mm for OS drive bays"
"gid://shopify/Product/1774397227078","edrawer4048s-un-4u-48-bays","eDrawer4048S-UN 4U 48 Bays 3.5"" HDD 12G SAS Single EPYC","global","Environmental","string","Operating Temperature: 0°C to 35°C Non-Operating Temperature: -20°C to 70°C Humidity: 5% to 95% non-condensing"
"gid://shopify/Product/1774397227078","edrawer4048s-un-4u-48-bays","eDrawer4048S-UN 4U 48 Bays 3.5"" HDD 12G SAS Single EPYC","global","Install-Guide","string","https://cdn.shopify.com/s/files/1/0028/7509/7153/t/6/assets/eDrawer4048S-UN-Quick-Guide-v1.00-1528224385411.pdf?9483147123315046363"
"gid://shopify/Product/1774397227078","edrawer4048s-un-4u-48-bays","eDrawer4048S-UN 4U 48 Bays 3.5"" HDD 12G SAS Single EPYC","global","Logistic","string","HTS Code: 8473 30 5100; ECCN: 4A994"
"gid://shopify/Product/1774397227078","edrawer4048s-un-4u-48-bays","eDrawer4048S-UN 4U 48 Bays 3.5"" HDD 12G SAS Single EPYC","global","Ordering-Info","string","BB44833UNGB18-A - 4U 48 BAYS 3.5"" HDD 12G SAS SINGLE EPYC 1200W HRP"
"gid://shopify/Product/1774397227078","edrawer4048s-un-4u-48-bays","eDrawer4048S-UN 4U 48 Bays 3.5"" HDD 12G SAS Single EPYC","global","Product-Brief","string","https://cdn.shopify.com/s/files/1/0028/7509/7153/t/6/assets/ScaleStreams_AMD_ProductBrief_Premio-1528224385397.pdf?14207129528239123768"
"gid://shopify/Product/1774397227078","edrawer4048s-un-4u-48-bays","eDrawer4048S-UN 4U 48 Bays 3.5"" HDD 12G SAS Single EPYC","global","resource_BIOS","string","BIOS Gigabyte MZ31-AR0"
"gid://shopify/Product/1774397227078","edrawer4048s-un-4u-48-bays","eDrawer4048S-UN 4U 48 Bays 3.5"" HDD 12G SAS Single EPYC","global","Supported-OS","string","Windows 2012 R2, RHEL 6.5, SLES 11 SP3, Windows 2008 R2, VMWare ESXi 5.5, FreeBSD 9.2 Centos 6.5; For other OS please contact us"
"gid://shopify/Product/1774397227078","edrawer4048s-un-4u-48-bays","eDrawer4048S-UN 4U 48 Bays 3.5"" HDD 12G SAS Single EPYC","global","WEIGHT","string","Gross: 51.78KG/114LBS; Net: 33.9KG/75LBS"
"gid://shopify/Product/1774397227078","edrawer4048s-un-4u-48-bays","eDrawer4048S-UN 4U 48 Bays 3.5"" HDD 12G SAS Single EPYC","global","resource_Firmware","string","Firmware Gigabyte MZ31-AR0"
"gid://shopify/Product/1774397227078","edrawer4048s-un-4u-48-bays","eDrawer4048S-UN 4U 48 Bays 3.5"" HDD 12G SAS Single EPYC","global","resource_Install Guide","string","eDrawer4048S-UN-QG"
"gid://shopify/Product/1774397227078","edrawer4048s-un-4u-48-bays","eDrawer4048S-UN 4U 48 Bays 3.5"" HDD 12G SAS Single EPYC","global","resource_AVL","string","eDrawer4048S-UN-AVL"
"gid://shopify/Product/1774397227078","edrawer4048s-un-4u-48-bays","eDrawer4048S-UN 4U 48 Bays 3.5"" HDD 12G SAS Single EPYC","global","resource_Data Sheet","string","DS_eDrawer4048S-UN_E"
"gid://shopify/Product/1774397227078","edrawer4048s-un-4u-48-bays","eDrawer4048S-UN 4U 48 Bays 3.5"" HDD 12G SAS Single EPYC","global","resource_Product Brief","string","PB-ScaleStreams_AMD_E"
"gid://shopify/Product/1774397227078","edrawer4048s-un-4u-48-bays","eDrawer4048S-UN 4U 48 Bays 3.5"" HDD 12G SAS Single EPYC","global","processor","string","AMD"
"gid://shopify/Product/1774397521990","edrawer4060j-s3-4u-60-bays","eDrawer4060J-S3 4U 60 BAYS 3.5"" HDD 12G SAS DUAL EXPANDER JBOD 1200W HRP","global","170_Storage","string","60x 3.5"" 12Gbps/6Gbps SAS or SATA HDD bays Patented Trayless drive bay design"
"gid://shopify/Product/1774397521990","edrawer4060j-s3-4u-60-bays","eDrawer4060J-S3 4U 60 BAYS 3.5"" HDD 12G SAS DUAL EXPANDER JBOD 1200W HRP","global","700_Environment","string","Environment"
"gid://shopify/Product/1774397521990","edrawer4060j-s3-4u-60-bays","eDrawer4060J-S3 4U 60 BAYS 3.5"" HDD 12G SAS DUAL EXPANDER JBOD 1200W HRP","global","710_Operating Temperature","string","0&deg;C ~ 35&deg;C"
"gid://shopify/Product/1774397521990","edrawer4060j-s3-4u-60-bays","eDrawer4060J-S3 4U 60 BAYS 3.5"" HDD 12G SAS DUAL EXPANDER JBOD 1200W HRP","global","720_Storage Temperature","string","-20&deg;C ~ 70&deg;C"
"gid://shopify/Product/1774397521990","edrawer4060j-s3-4u-60-bays","eDrawer4060J-S3 4U 60 BAYS 3.5"" HDD 12G SAS DUAL EXPANDER JBOD 1200W HRP","global","730_Relative Humidity","string","5% ~ 95% relative humidity, non-condensing"
"gid://shopify/Product/1774397521990","edrawer4060j-s3-4u-60-bays","eDrawer4060J-S3 4U 60 BAYS 3.5"" HDD 12G SAS DUAL EXPANDER JBOD 1200W HRP","global","800_Physical","string","Physical"
"gid://shopify/Product/1774397521990","edrawer4060j-s3-4u-60-bays","eDrawer4060J-S3 4U 60 BAYS 3.5"" HDD 12G SAS DUAL EXPANDER JBOD 1200W HRP","global","810_Dimensions (W x H x D)","string","System: 32""x19""x7"" (LxWxH) Packaging: 48“x25""x27""(LxWxH) palletized"
"gid://shopify/Product/1774397521990","edrawer4060j-s3-4u-60-bays","eDrawer4060J-S3 4U 60 BAYS 3.5"" HDD 12G SAS DUAL EXPANDER JBOD 1200W HRP","global","820_Weights","string","Gross Weight: 80lbs without Hard Drives <br>Net Weight: 70lbs without Hard Drive"
"gid://shopify/Product/1774397521990","edrawer4060j-s3-4u-60-bays","eDrawer4060J-S3 4U 60 BAYS 3.5"" HDD 12G SAS DUAL EXPANDER JBOD 1200W HRP","global","family","string","server"
"gid://shopify/Product/1774397521990","edrawer4060j-s3-4u-60-bays","eDrawer4060J-S3 4U 60 BAYS 3.5"" HDD 12G SAS DUAL EXPANDER JBOD 1200W HRP","global","product series","string","ScaleStreams"
"gid://shopify/Product/1774397521990","edrawer4060j-s3-4u-60-bays","eDrawer4060J-S3 4U 60 BAYS 3.5"" HDD 12G SAS DUAL EXPANDER JBOD 1200W HRP","global","title","string","eDrawer4060J-S3"
"gid://shopify/Product/1774397521990","edrawer4060j-s3-4u-60-bays","eDrawer4060J-S3 4U 60 BAYS 3.5"" HDD 12G SAS DUAL EXPANDER JBOD 1200W HRP","global","220_Cooling","string","Six 97mm redundant hot-swap exhaust fan modules with smart fan control"
"gid://shopify/Product/1774397521990","edrawer4060j-s3-4u-60-bays","eDrawer4060J-S3 4U 60 BAYS 3.5"" HDD 12G SAS DUAL EXPANDER JBOD 1200W HRP","global","739_HTS Code","string","8473 30 5100"
"gid://shopify/Product/1774397521990","edrawer4060j-s3-4u-60-bays","eDrawer4060J-S3 4U 60 BAYS 3.5"" HDD 12G SAS DUAL EXPANDER JBOD 1200W HRP","global","740_ECCN","string","4A994"
"gid://shopify/Product/1774397521990","edrawer4060j-s3-4u-60-bays","eDrawer4060J-S3 4U 60 BAYS 3.5"" HDD 12G SAS DUAL EXPANDER JBOD 1200W HRP","global","741_Compliance","string","CE, FCC Class A, RoHS 6/6 compliant"
"gid://shopify/Product/1774397521990","edrawer4060j-s3-4u-60-bays","eDrawer4060J-S3 4U 60 BAYS 3.5"" HDD 12G SAS DUAL EXPANDER JBOD 1200W HRP","global","resource_BIOS","string","JNM-2.0.5-BIOS"
"gid://shopify/Product/1774397521990","edrawer4060j-s3-4u-60-bays","eDrawer4060J-S3 4U 60 BAYS 3.5"" HDD 12G SAS DUAL EXPANDER JBOD 1200W HRP","global","301_I/O","string","Each expander has 4x 12Gbps SAS SFF8644 for Uplink and 4x 12Gbps SAS SFF8644 for Downlink"
"gid://shopify/Product/1774397521990","edrawer4060j-s3-4u-60-bays","eDrawer4060J-S3 4U 60 BAYS 3.5"" HDD 12G SAS DUAL EXPANDER JBOD 1200W HRP","global","115_Expander","string","Single or Dual Redundant expanders; Each expanders with two 12G LSI SAS3X48"
"gid://shopify/Product/1774397521990","edrawer4060j-s3-4u-60-bays","eDrawer4060J-S3 4U 60 BAYS 3.5"" HDD 12G SAS DUAL EXPANDER JBOD 1200W HRP","global","172_Enclosure Management","string","HDD Status/Identifier LeDs, Smart Fan, Thermal Monitor, HDD Monitor, Voltage Monitor, Inband SES Support"
"gid://shopify/Product/1774397521990","edrawer4060j-s3-4u-60-bays","eDrawer4060J-S3 4U 60 BAYS 3.5"" HDD 12G SAS DUAL EXPANDER JBOD 1200W HRP","global","resource_Firmware","string","sas3xfw_H60R-8X2_4CD1C-fw"
"gid://shopify/Product/1774397521990","edrawer4060j-s3-4u-60-bays","eDrawer4060J-S3 4U 60 BAYS 3.5"" HDD 12G SAS DUAL EXPANDER JBOD 1200W HRP","global","resource_MFG file","string","msas3_H60R-8X2_4CD1C-MFG-File"
"gid://shopify/Product/1774397521990","edrawer4060j-s3-4u-60-bays","eDrawer4060J-S3 4U 60 BAYS 3.5"" HDD 12G SAS DUAL EXPANDER JBOD 1200W HRP","global","169_Controller Support","string","6 or 12Gb/s Host-based SAS RAID or HBAs with external connectivity"
"gid://shopify/Product/1774397521990","edrawer4060j-s3-4u-60-bays","eDrawer4060J-S3 4U 60 BAYS 3.5"" HDD 12G SAS DUAL EXPANDER JBOD 1200W HRP","global","resource_Data Sheet","string","DS_eDrawer4060J-S3_E"
"gid://shopify/Product/1774397521990","edrawer4060j-s3-4u-60-bays","eDrawer4060J-S3 4U 60 BAYS 3.5"" HDD 12G SAS DUAL EXPANDER JBOD 1200W HRP","global","processor","string","JBOD"
"gid://shopify/Product/1774397816902","copy-of-edrawer4060j-s3-4u-60-bays","eDrawer4060S-D5 4U 60 Bay 3.5"" HDD 12G SAS Dual Xeon SP","global","110_Processor","string","Supports Dual Intel&reg; Xeon&reg; SP (Skylake) up to 205W TDP socket LGA3647"
"gid://shopify/Product/1774397816902","copy-of-edrawer4060j-s3-4u-60-bays","eDrawer4060S-D5 4U 60 Bay 3.5"" HDD 12G SAS Dual Xeon SP","global","120_System Chipset","string","Intel C621 chipset"
"gid://shopify/Product/1774397816902","copy-of-edrawer4060j-s3-4u-60-bays","eDrawer4060S-D5 4U 60 Bay 3.5"" HDD 12G SAS Dual Xeon SP","global","130_System Memory","string","Supports 8x DIMMs DDR4 RDIMM/RDIMM 3DS/LRDIMM/LRDIMM 3DS 2666"
"gid://shopify/Product/1774397816902","copy-of-edrawer4060j-s3-4u-60-bays","eDrawer4060S-D5 4U 60 Bay 3.5"" HDD 12G SAS Dual Xeon SP","global","170_Storage","string","Two 48 ports SAS Expander 6 SFF8643 24 ports 12G SAS/SATA to HBA/RAID"
"gid://shopify/Product/1774397816902","copy-of-edrawer4060j-s3-4u-60-bays","eDrawer4060S-D5 4U 60 Bay 3.5"" HDD 12G SAS Dual Xeon SP","global","305_Expansion","string","2 PCIe2 x16; 3 PCIe3 x8; 1 PCIe 3.0 x4 (in x8 slot)"
"gid://shopify/Product/1774397816902","copy-of-edrawer4060j-s3-4u-60-bays","eDrawer4060S-D5 4U 60 Bay 3.5"" HDD 12G SAS Dual Xeon SP","global","700_Environment","string","Environment"
"gid://shopify/Product/1774397816902","copy-of-edrawer4060j-s3-4u-60-bays","eDrawer4060S-D5 4U 60 Bay 3.5"" HDD 12G SAS Dual Xeon SP","global","710_Operating Temperature","string","0&deg;C ~ 35&deg;C"
"gid://shopify/Product/1774397816902","copy-of-edrawer4060j-s3-4u-60-bays","eDrawer4060S-D5 4U 60 Bay 3.5"" HDD 12G SAS Dual Xeon SP","global","720_Storage Temperature","string","-20&deg;C ~ 70&deg;C"
"gid://shopify/Product/1774397816902","copy-of-edrawer4060j-s3-4u-60-bays","eDrawer4060S-D5 4U 60 Bay 3.5"" HDD 12G SAS Dual Xeon SP","global","730_Relative Humidity","string","5% ~ 95% relative humidity, non-condensing"
"gid://shopify/Product/1774397816902","copy-of-edrawer4060j-s3-4u-60-bays","eDrawer4060S-D5 4U 60 Bay 3.5"" HDD 12G SAS Dual Xeon SP","global","800_Physical","string","Physical"
"gid://shopify/Product/1774397816902","copy-of-edrawer4060j-s3-4u-60-bays","eDrawer4060S-D5 4U 60 Bay 3.5"" HDD 12G SAS Dual Xeon SP","global","810_Dimensions (W x H x D)","string","System: 36.5""x19""x7"" (LxWxH) Packaging: 47.6"" x 24.8""x13.6""(LxWxH)"
"gid://shopify/Product/1774397816902","copy-of-edrawer4060j-s3-4u-60-bays","eDrawer4060S-D5 4U 60 Bay 3.5"" HDD 12G SAS Dual Xeon SP","global","820_Weights","string","Gross: 69Kg/152 Lbs; Net: 60Kg/132Lbs"
"gid://shopify/Product/1774397816902","copy-of-edrawer4060j-s3-4u-60-bays","eDrawer4060S-D5 4U 60 Bay 3.5"" HDD 12G SAS Dual Xeon SP","global","family","string","server"
"gid://shopify/Product/1774397816902","copy-of-edrawer4060j-s3-4u-60-bays","eDrawer4060S-D5 4U 60 Bay 3.5"" HDD 12G SAS Dual Xeon SP","global","product series","string","ScaleStreams"
"gid://shopify/Product/1774397816902","copy-of-edrawer4060j-s3-4u-60-bays","eDrawer4060S-D5 4U 60 Bay 3.5"" HDD 12G SAS Dual Xeon SP","global","resource_Data Sheet","string","DS_eDrawer4060S-D5_E"
"gid://shopify/Product/1774397816902","copy-of-edrawer4060j-s3-4u-60-bays","eDrawer4060S-D5 4U 60 Bay 3.5"" HDD 12G SAS Dual Xeon SP","global","title","string","eDrawer4060S-D5"
"gid://shopify/Product/1774397816902","copy-of-edrawer4060j-s3-4u-60-bays","eDrawer4060S-D5 4U 60 Bay 3.5"" HDD 12G SAS Dual Xeon SP","global","171_Driver Bays","string","60 hot-swap 3.5"" 6G SAS/SATA trayless drive bays 2x internal 2.5"" 7mm for OS drive bays"
"gid://shopify/Product/1774397816902","copy-of-edrawer4060j-s3-4u-60-bays","eDrawer4060S-D5 4U 60 Bay 3.5"" HDD 12G SAS Dual Xeon SP","global","220_Cooling","string","5x 97mm exhaust blower"
"gid://shopify/Product/1774397816902","copy-of-edrawer4060j-s3-4u-60-bays","eDrawer4060S-D5 4U 60 Bay 3.5"" HDD 12G SAS Dual Xeon SP","global","739_HTS Code","string","8473 30 5100"
"gid://shopify/Product/1774397816902","copy-of-edrawer4060j-s3-4u-60-bays","eDrawer4060S-D5 4U 60 Bay 3.5"" HDD 12G SAS Dual Xeon SP","global","740_ECCN","string","4A994"
"gid://shopify/Product/1774397816902","copy-of-edrawer4060j-s3-4u-60-bays","eDrawer4060S-D5 4U 60 Bay 3.5"" HDD 12G SAS Dual Xeon SP","global","741_Compliance","string","CE, FCC Class A, RoHS 6/6 compliant"
"gid://shopify/Product/1774397816902","copy-of-edrawer4060j-s3-4u-60-bays","eDrawer4060S-D5 4U 60 Bay 3.5"" HDD 12G SAS Dual Xeon SP","global","resource_AVL","string","eDrawer4060S-D5-AVL"
"gid://shopify/Product/1774397816902","copy-of-edrawer4060j-s3-4u-60-bays","eDrawer4060S-D5 4U 60 Bay 3.5"" HDD 12G SAS Dual Xeon SP","global","resource_BIOS","string","X11DPLI_7_703"
"gid://shopify/Product/1774397816902","copy-of-edrawer4060j-s3-4u-60-bays","eDrawer4060S-D5 4U 60 Bay 3.5"" HDD 12G SAS Dual Xeon SP","global","resource_Firmware","string","SMT_X11IPMI_102"
"gid://shopify/Product/1774397816902","copy-of-edrawer4060j-s3-4u-60-bays","eDrawer4060S-D5 4U 60 Bay 3.5"" HDD 12G SAS Dual Xeon SP","system_io","AVL","string","https://cdn.shopify.com/s/files/1/0028/7509/7153/t/6/assets/eDrawer4060SD5AVL-1529620475123.pdf?11480969637133221721"
"gid://shopify/Product/1774397816902","copy-of-edrawer4060j-s3-4u-60-bays","eDrawer4060S-D5 4U 60 Bay 3.5"" HDD 12G SAS Dual Xeon SP","system_io","Data-Sheet","string","https://cdn.shopify.com/s/files/1/0028/7509/7153/t/6/assets/eDrawer4060SD5premio-1529620475115.pdf?11480969637133221721"
"gid://shopify/Product/1774397816902","copy-of-edrawer4060j-s3-4u-60-bays","eDrawer4060S-D5 4U 60 Bay 3.5"" HDD 12G SAS Dual Xeon SP","system_io","Product-Brief","string","https://cdn.shopify.com/s/files/1/0028/7509/7153/t/6/assets/ScaleStreams_Intel_ProductBrief_Premio-1529620475129.pdf?2497497358054479494"
"gid://shopify/Product/1774397816902","copy-of-edrawer4060j-s3-4u-60-bays","eDrawer4060S-D5 4U 60 Bay 3.5"" HDD 12G SAS Dual Xeon SP","global","resource_Install Guide","string","eDrawer4060S-D5-QG"
"gid://shopify/Product/1774397816902","copy-of-edrawer4060j-s3-4u-60-bays","eDrawer4060S-D5 4U 60 Bay 3.5"" HDD 12G SAS Dual Xeon SP","global","resource_Product Brief","string","PB-ScaleStreams_Intel_E"
"gid://shopify/Product/1774397816902","copy-of-edrawer4060j-s3-4u-60-bays","eDrawer4060S-D5 4U 60 Bay 3.5"" HDD 12G SAS Dual Xeon SP","global","processor","string","Intel"
"gid://shopify/Product/1774398111814","edrawer4060s-un-4u-60-bays","eDrawer4060S-UN 4U 60 Bays 3.5"" HDD 12G SAS Single EPYC","global","110_Processor","string","Supports Single AMD EPYC (Naples) up to 108W TDP socket SP3"
"gid://shopify/Product/1774398111814","edrawer4060s-un-4u-60-bays","eDrawer4060S-UN 4U 60 Bays 3.5"" HDD 12G SAS Single EPYC","global","130_System Memory","string","Supports up to 8x DIMMs DDR4 RDIMM/RDIMM 3DS/LRDIMM/LRDIMM 3DS 2666 up to 1TB"
"gid://shopify/Product/1774398111814","edrawer4060s-un-4u-60-bays","eDrawer4060S-UN 4U 60 Bays 3.5"" HDD 12G SAS Single EPYC","global","170_Storage","string","Two 48 ports SAS Expander 6 SFF8643 24 ports 12G SAS/SATA to HBA/RAID"
"gid://shopify/Product/1774398111814","edrawer4060s-un-4u-60-bays","eDrawer4060S-UN 4U 60 Bays 3.5"" HDD 12G SAS Single EPYC","global","305_Expansion","string","3 PCIe 3.0 x16; 3 PCIe 3.0 x8"
"gid://shopify/Product/1774398111814","edrawer4060s-un-4u-60-bays","eDrawer4060S-UN 4U 60 Bays 3.5"" HDD 12G SAS Single EPYC","global","700_Environment","string","Environment"
"gid://shopify/Product/1774398111814","edrawer4060s-un-4u-60-bays","eDrawer4060S-UN 4U 60 Bays 3.5"" HDD 12G SAS Single EPYC","global","710_Operating Temperature","string","0&deg;C ~ 35&deg;C"
"gid://shopify/Product/1774398111814","edrawer4060s-un-4u-60-bays","eDrawer4060S-UN 4U 60 Bays 3.5"" HDD 12G SAS Single EPYC","global","720_Storage Temperature","string","-20&deg;C ~ 70&deg;C"
"gid://shopify/Product/1774398111814","edrawer4060s-un-4u-60-bays","eDrawer4060S-UN 4U 60 Bays 3.5"" HDD 12G SAS Single EPYC","global","730_Relative Humidity","string","5% ~ 95% relative humidity, non-condensing"
"gid://shopify/Product/1774398111814","edrawer4060s-un-4u-60-bays","eDrawer4060S-UN 4U 60 Bays 3.5"" HDD 12G SAS Single EPYC","global","800_Physical","string","Physical"
"gid://shopify/Product/1774398111814","edrawer4060s-un-4u-60-bays","eDrawer4060S-UN 4U 60 Bays 3.5"" HDD 12G SAS Single EPYC","global","810_Dimensions (W x H x D)","string","System: 36.5""x19""x7"" (LxWxH) Packaging: 47.6"" x 24.8""x13.6""(LxWxH)"
"gid://shopify/Product/1774398111814","edrawer4060s-un-4u-60-bays","eDrawer4060S-UN 4U 60 Bays 3.5"" HDD 12G SAS Single EPYC","global","820_Weights","string","Gross: 69Kg/152 Lbs; Net: 60Kg/132Lbs"
"gid://shopify/Product/1774398111814","edrawer4060s-un-4u-60-bays","eDrawer4060S-UN 4U 60 Bays 3.5"" HDD 12G SAS Single EPYC","global","family","string","server"
"gid://shopify/Product/1774398111814","edrawer4060s-un-4u-60-bays","eDrawer4060S-UN 4U 60 Bays 3.5"" HDD 12G SAS Single EPYC","global","product series","string","ScaleStreams"
"gid://shopify/Product/1774398111814","edrawer4060s-un-4u-60-bays","eDrawer4060S-UN 4U 60 Bays 3.5"" HDD 12G SAS Single EPYC","global","title","string","eDrawer4060S-UN"
"gid://shopify/Product/1774398111814","edrawer4060s-un-4u-60-bays","eDrawer4060S-UN 4U 60 Bays 3.5"" HDD 12G SAS Single EPYC","global","171_Driver Bays","string","60 hot-swap 3.5"" 6G SAS/SATA trayless drive bays 2x internal 2.5"" 7mm for OS drive bays"
"gid://shopify/Product/1774398111814","edrawer4060s-un-4u-60-bays","eDrawer4060S-UN 4U 60 Bays 3.5"" HDD 12G SAS Single EPYC","global","220_Cooling","string","5x 97mm exhaust blower"
"gid://shopify/Product/1774398111814","edrawer4060s-un-4u-60-bays","eDrawer4060S-UN 4U 60 Bays 3.5"" HDD 12G SAS Single EPYC","global","739_HTS Code","string","8473 30 5100"
"gid://shopify/Product/1774398111814","edrawer4060s-un-4u-60-bays","eDrawer4060S-UN 4U 60 Bays 3.5"" HDD 12G SAS Single EPYC","global","740_ECCN","string","4A994"
"gid://shopify/Product/1774398111814","edrawer4060s-un-4u-60-bays","eDrawer4060S-UN 4U 60 Bays 3.5"" HDD 12G SAS Single EPYC","global","741_Compliance","string","CE, FCC Class A, RoHS 6/6 compliant"
"gid://shopify/Product/1774398111814","edrawer4060s-un-4u-60-bays","eDrawer4060S-UN 4U 60 Bays 3.5"" HDD 12G SAS Single EPYC","system_io","AVL","string","https://cdn.shopify.com/s/files/1/0028/7509/7153/t/6/assets/eDrawer4060SD5AVL-1529620475123.pdf?11480969637133221721"
"gid://shopify/Product/1774398111814","edrawer4060s-un-4u-60-bays","eDrawer4060S-UN 4U 60 Bays 3.5"" HDD 12G SAS Single EPYC","system_io","Data-Sheet","string","https://cdn.shopify.com/s/files/1/0028/7509/7153/t/6/assets/eDrawer4060SD5premio-1529620475115.pdf?11480969637133221721"
"gid://shopify/Product/1774398111814","edrawer4060s-un-4u-60-bays","eDrawer4060S-UN 4U 60 Bays 3.5"" HDD 12G SAS Single EPYC","system_io","Product-Brief","string","https://cdn.shopify.com/s/files/1/0028/7509/7153/t/6/assets/ScaleStreams_Intel_ProductBrief_Premio-1529620475129.pdf?2497497358054479494"
"gid://shopify/Product/1774398111814","edrawer4060s-un-4u-60-bays","eDrawer4060S-UN 4U 60 Bays 3.5"" HDD 12G SAS Single EPYC","global","resource_Data Sheet","string","DS_eDrawer4060S-UN_E"
"gid://shopify/Product/1774398111814","edrawer4060s-un-4u-60-bays","eDrawer4060S-UN 4U 60 Bays 3.5"" HDD 12G SAS Single EPYC","global","resource_Product Brief","string","PB-ScaleStreams_AMD_E"
"gid://shopify/Product/1774398111814","edrawer4060s-un-4u-60-bays","eDrawer4060S-UN 4U 60 Bays 3.5"" HDD 12G SAS Single EPYC","global","processor","string","AMD"
"gid://shopify/Product/1774398406726","edrawer4072j-s3-4u-60-bays","eDrawer4072J-S3 4U 72 BAYS 3.5"" HDD 12G SAS DUAL EXPANDER JBOD 1100W HRP","global","170_Storage","string","72x 3.5"" 12/6Gbps SAS/SATA Trayless bays"
"gid://shopify/Product/1774398406726","edrawer4072j-s3-4u-60-bays","eDrawer4072J-S3 4U 72 BAYS 3.5"" HDD 12G SAS DUAL EXPANDER JBOD 1100W HRP","global","700_Environment","string","Environment"
"gid://shopify/Product/1774398406726","edrawer4072j-s3-4u-60-bays","eDrawer4072J-S3 4U 72 BAYS 3.5"" HDD 12G SAS DUAL EXPANDER JBOD 1100W HRP","global","710_Operating Temperature","string","0&deg;C ~ 35&deg;C"
"gid://shopify/Product/1774398406726","edrawer4072j-s3-4u-60-bays","eDrawer4072J-S3 4U 72 BAYS 3.5"" HDD 12G SAS DUAL EXPANDER JBOD 1100W HRP","global","720_Storage Temperature","string","-20&deg;C ~ 70&deg;C"
"gid://shopify/Product/1774398406726","edrawer4072j-s3-4u-60-bays","eDrawer4072J-S3 4U 72 BAYS 3.5"" HDD 12G SAS DUAL EXPANDER JBOD 1100W HRP","global","730_Relative Humidity","string","5% ~ 95% relative humidity, non-condensing"
"gid://shopify/Product/1774398406726","edrawer4072j-s3-4u-60-bays","eDrawer4072J-S3 4U 72 BAYS 3.5"" HDD 12G SAS DUAL EXPANDER JBOD 1100W HRP","global","800_Physical","string","Physical"
"gid://shopify/Product/1774398406726","edrawer4072j-s3-4u-60-bays","eDrawer4072J-S3 4U 72 BAYS 3.5"" HDD 12G SAS DUAL EXPANDER JBOD 1100W HRP","global","810_Dimensions (W x H x D)","string","System: 36""x19""x7"" (LxWxH) <br>Packaging: 47.6""x 25""x23""(LxWxH) palletized"
"gid://shopify/Product/1774398406726","edrawer4072j-s3-4u-60-bays","eDrawer4072J-S3 4U 72 BAYS 3.5"" HDD 12G SAS DUAL EXPANDER JBOD 1100W HRP","global","820_Weights","string","72lbs w/o Hard Drives"
"gid://shopify/Product/1774398406726","edrawer4072j-s3-4u-60-bays","eDrawer4072J-S3 4U 72 BAYS 3.5"" HDD 12G SAS DUAL EXPANDER JBOD 1100W HRP","global","family","string","server"
"gid://shopify/Product/1774398406726","edrawer4072j-s3-4u-60-bays","eDrawer4072J-S3 4U 72 BAYS 3.5"" HDD 12G SAS DUAL EXPANDER JBOD 1100W HRP","global","product series","string","ScaleStreams"
"gid://shopify/Product/1774398406726","edrawer4072j-s3-4u-60-bays","eDrawer4072J-S3 4U 72 BAYS 3.5"" HDD 12G SAS DUAL EXPANDER JBOD 1100W HRP","global","title","string","eDrawer4072J-S3"
"gid://shopify/Product/1774398406726","edrawer4072j-s3-4u-60-bays","eDrawer4072J-S3 4U 72 BAYS 3.5"" HDD 12G SAS DUAL EXPANDER JBOD 1100W HRP","global","220_Cooling","string","Six 80mm hot-swap exhaust fan modules with Smart Fan Control for optimal cooling"
"gid://shopify/Product/1774398406726","edrawer4072j-s3-4u-60-bays","eDrawer4072J-S3 4U 72 BAYS 3.5"" HDD 12G SAS DUAL EXPANDER JBOD 1100W HRP","global","739_HTS Code","string","8473 30 5100"
"gid://shopify/Product/1774398406726","edrawer4072j-s3-4u-60-bays","eDrawer4072J-S3 4U 72 BAYS 3.5"" HDD 12G SAS DUAL EXPANDER JBOD 1100W HRP","global","740_ECCN","string","4A994"
"gid://shopify/Product/1774398406726","edrawer4072j-s3-4u-60-bays","eDrawer4072J-S3 4U 72 BAYS 3.5"" HDD 12G SAS DUAL EXPANDER JBOD 1100W HRP","global","741_Compliance","string","CE, FCC Class A, RoHS 6/6 compliant"
"gid://shopify/Product/1774398406726","edrawer4072j-s3-4u-60-bays","eDrawer4072J-S3 4U 72 BAYS 3.5"" HDD 12G SAS DUAL EXPANDER JBOD 1100W HRP","global","resource_BIOS","string","JNM-2.0.5-BIOS"
"gid://shopify/Product/1774398406726","edrawer4072j-s3-4u-60-bays","eDrawer4072J-S3 4U 72 BAYS 3.5"" HDD 12G SAS DUAL EXPANDER JBOD 1100W HRP","global","301_I/O","string","8x 12Gbps SAS SFF8644 for Uplink 4x 12Gbps SAS SFF8644 for Downlink"
"gid://shopify/Product/1774398406726","edrawer4072j-s3-4u-60-bays","eDrawer4072J-S3 4U 72 BAYS 3.5"" HDD 12G SAS DUAL EXPANDER JBOD 1100W HRP","global","115_Expander","string","Two LSI SAS 12Gbps Expander"
"gid://shopify/Product/1774398406726","edrawer4072j-s3-4u-60-bays","eDrawer4072J-S3 4U 72 BAYS 3.5"" HDD 12G SAS DUAL EXPANDER JBOD 1100W HRP","global","172_Enclosure Management","string","1 x Realtek ALC886 HD audio codec"
"gid://shopify/Product/1774398406726","edrawer4072j-s3-4u-60-bays","eDrawer4072J-S3 4U 72 BAYS 3.5"" HDD 12G SAS DUAL EXPANDER JBOD 1100W HRP","global","resource_Firmware","string","H72R-6X_4WL1A-Beta7"
"gid://shopify/Product/1774398406726","edrawer4072j-s3-4u-60-bays","eDrawer4072J-S3 4U 72 BAYS 3.5"" HDD 12G SAS DUAL EXPANDER JBOD 1100W HRP","global","resource_MFG file","string","sas3-MFG-File"
"gid://shopify/Product/1774398406726","edrawer4072j-s3-4u-60-bays","eDrawer4072J-S3 4U 72 BAYS 3.5"" HDD 12G SAS DUAL EXPANDER JBOD 1100W HRP","global","169_Controller Support","string","12 & 6Gb/s Host-based RAID Controller cards and HBAs with external connectivity"
"gid://shopify/Product/1774398406726","edrawer4072j-s3-4u-60-bays","eDrawer4072J-S3 4U 72 BAYS 3.5"" HDD 12G SAS DUAL EXPANDER JBOD 1100W HRP","global","resource_Data Sheet","string","DS_eDrawer4072J-S3_E"
"gid://shopify/Product/1774398406726","edrawer4072j-s3-4u-60-bays","eDrawer4072J-S3 4U 72 BAYS 3.5"" HDD 12G SAS DUAL EXPANDER JBOD 1100W HRP","global","processor","string","JBOD"
"gid://shopify/Product/1774399848518","flachesan1l-d5-1u-20-bays","FlacheSAN1L-D5 1U 20 BAYS 7MM 12G SAS/SATA SSD DUAL XEON SP","global","100_System","string","System"
"gid://shopify/Product/1774399848518","flachesan1l-d5-1u-20-bays","FlacheSAN1L-D5 1U 20 BAYS 7MM 12G SAS/SATA SSD DUAL XEON SP","global","110_Processor","string","Supports Dual Intel&reg; Xeon&reg; SP (Skylake) up to 205W TDP socket LGA3647"
"gid://shopify/Product/1774399848518","flachesan1l-d5-1u-20-bays","FlacheSAN1L-D5 1U 20 BAYS 7MM 12G SAS/SATA SSD DUAL XEON SP","global","120_System Chipset","string","Intel&reg; C621 chipset"
"gid://shopify/Product/1774399848518","flachesan1l-d5-1u-20-bays","FlacheSAN1L-D5 1U 20 BAYS 7MM 12G SAS/SATA SSD DUAL XEON SP","global","130_System Memory","string","Supports up to 16x DIMMs DDR4 RDIMM/RDIMM 3DS/LRDIMM/LRDIMM 3DS 2666"
"gid://shopify/Product/1774399848518","flachesan1l-d5-1u-20-bays","FlacheSAN1L-D5 1U 20 BAYS 7MM 12G SAS/SATA SSD DUAL XEON SP","global","170_Storage","string","36 ports 12G SAS Expander with 3 SFF8643 Connectors (Optional)"
"gid://shopify/Product/1774399848518","flachesan1l-d5-1u-20-bays","FlacheSAN1L-D5 1U 20 BAYS 7MM 12G SAS/SATA SSD DUAL XEON SP","global","700_Environment","string","Environment"
"gid://shopify/Product/1774399848518","flachesan1l-d5-1u-20-bays","FlacheSAN1L-D5 1U 20 BAYS 7MM 12G SAS/SATA SSD DUAL XEON SP","global","710_Operating Temperature","string","0&deg;C ~ 35&deg;C"
"gid://shopify/Product/1774399848518","flachesan1l-d5-1u-20-bays","FlacheSAN1L-D5 1U 20 BAYS 7MM 12G SAS/SATA SSD DUAL XEON SP","global","720_Storage Temperature","string","-20&deg;C ~ 70&deg;C"
"gid://shopify/Product/1774399848518","flachesan1l-d5-1u-20-bays","FlacheSAN1L-D5 1U 20 BAYS 7MM 12G SAS/SATA SSD DUAL XEON SP","global","730_Relative Humidity","string","5% ~ 95% relative humidity, non-condensing"
"gid://shopify/Product/1774399848518","flachesan1l-d5-1u-20-bays","FlacheSAN1L-D5 1U 20 BAYS 7MM 12G SAS/SATA SSD DUAL XEON SP","global","800_Physical","string","Physical"
"gid://shopify/Product/1774399848518","flachesan1l-d5-1u-20-bays","FlacheSAN1L-D5 1U 20 BAYS 7MM 12G SAS/SATA SSD DUAL XEON SP","global","810_Dimensions (W x H x D)","string","System: 27""x19""x1.75"" (LxWxH) <br> Packaging: 39""x 24.25""x9""(LxWxH)"
"gid://shopify/Product/1774399848518","flachesan1l-d5-1u-20-bays","FlacheSAN1L-D5 1U 20 BAYS 7MM 12G SAS/SATA SSD DUAL XEON SP","global","820_Weights","string","Gross: 47lbs without drives; Net: 35lbs without drives"
"gid://shopify/Product/1774399848518","flachesan1l-d5-1u-20-bays","FlacheSAN1L-D5 1U 20 BAYS 7MM 12G SAS/SATA SSD DUAL XEON SP","global","BACK-I/O","string","VGA, 2x GigE RJ45, 1x GigE IPMI, 4x USB 3.0 2x COM Serial"
"gid://shopify/Product/1774399848518","flachesan1l-d5-1u-20-bays","FlacheSAN1L-D5 1U 20 BAYS 7MM 12G SAS/SATA SSD DUAL XEON SP","global","CPU","string","Supports Dual Intel® Xeon® SP (Skylake) up to 205W TDP socket LGA3647"
"gid://shopify/Product/1774399848518","flachesan1l-d5-1u-20-bays","FlacheSAN1L-D5 1U 20 BAYS 7MM 12G SAS/SATA SSD DUAL XEON SP","global","Data-Sheet","string","https://cdn.shopify.com/s/files/1/0028/7509/7153/t/6/assets/FlacheStreams-FlacheSAN1L-D5-1528328966611.pdf?4790941728903861877"
"gid://shopify/Product/1774399848518","flachesan1l-d5-1u-20-bays","FlacheSAN1L-D5 1U 20 BAYS 7MM 12G SAS/SATA SSD DUAL XEON SP","global","ETHERNET","string","2x GbE ports, 1x PHY dedicated for IPMI"
"gid://shopify/Product/1774399848518","flachesan1l-d5-1u-20-bays","FlacheSAN1L-D5 1U 20 BAYS 7MM 12G SAS/SATA SSD DUAL XEON SP","global","EXPANSION","string","2x PCIe Gen3 x 16 slots; 1x PCIe Gen3 x16 OCP Storage Mezz.; 1x PCIe Gen3 x16 OCP NIC"
"gid://shopify/Product/1774399848518","flachesan1l-d5-1u-20-bays","FlacheSAN1L-D5 1U 20 BAYS 7MM 12G SAS/SATA SSD DUAL XEON SP","global","family","string","server"
"gid://shopify/Product/1774399848518","flachesan1l-d5-1u-20-bays","FlacheSAN1L-D5 1U 20 BAYS 7MM 12G SAS/SATA SSD DUAL XEON SP","global","FRONT-I/O","string","Power On/Off switch & LED, Locate switch & LED, Reset switch, System warning LED, 4x LAN LED"
"gid://shopify/Product/1774399848518","flachesan1l-d5-1u-20-bays","FlacheSAN1L-D5 1U 20 BAYS 7MM 12G SAS/SATA SSD DUAL XEON SP","global","POWER-INPUT","string","1+1 500W AC/DC or -48VDC/DC high efficiency redundant power supplies"
"gid://shopify/Product/1774399848518","flachesan1l-d5-1u-20-bays","FlacheSAN1L-D5 1U 20 BAYS 7MM 12G SAS/SATA SSD DUAL XEON SP","global","product series","string","FlacheStreams"
"gid://shopify/Product/1774399848518","flachesan1l-d5-1u-20-bays","FlacheSAN1L-D5 1U 20 BAYS 7MM 12G SAS/SATA SSD DUAL XEON SP","global","resource_Data Sheet","string","DS_FlacheSAN1L-D5_E"
"gid://shopify/Product/1774399848518","flachesan1l-d5-1u-20-bays","FlacheSAN1L-D5 1U 20 BAYS 7MM 12G SAS/SATA SSD DUAL XEON SP","global","STORAGE","string","36 ports 12G SAS Expander with 3 SFF8643 Connectors (Optional)"
"gid://shopify/Product/1774399848518","flachesan1l-d5-1u-20-bays","FlacheSAN1L-D5 1U 20 BAYS 7MM 12G SAS/SATA SSD DUAL XEON SP","global","SYSTEM-CHIPSET","string","Intel® C621 chipset"
"gid://shopify/Product/1774399848518","flachesan1l-d5-1u-20-bays","FlacheSAN1L-D5 1U 20 BAYS 7MM 12G SAS/SATA SSD DUAL XEON SP","global","SYSTEM-MEMORY","string","Supports up to 16x DIMMs DDR4 RDIMM/RDIMM 3DS/LRDIMM/LRDIMM 3DS 2666"
"gid://shopify/Product/1774399848518","flachesan1l-d5-1u-20-bays","FlacheSAN1L-D5 1U 20 BAYS 7MM 12G SAS/SATA SSD DUAL XEON SP","global","title","string","FlacheSAN1L-D5"
"gid://shopify/Product/1774399848518","flachesan1l-d5-1u-20-bays","FlacheSAN1L-D5 1U 20 BAYS 7MM 12G SAS/SATA SSD DUAL XEON SP","bio","Tyan S7106GM2NR","string","S710GM2NR_v101.zip, https://premioinc.com/?ddownload=4742 | S7106GM2NR-BMC_v100.zip, https://premioinc.com/?ddownload=4743"
"gid://shopify/Product/1774399848518","flachesan1l-d5-1u-20-bays","FlacheSAN1L-D5 1U 20 BAYS 7MM 12G SAS/SATA SSD DUAL XEON SP","global","171_Driver Bays","string","20x 2.5"" 7mm hot-swap 6Gbps SATA drive bays; 2x Internal 2.5"" bays for OS drives"
"gid://shopify/Product/1774399848518","flachesan1l-d5-1u-20-bays","FlacheSAN1L-D5 1U 20 BAYS 7MM 12G SAS/SATA SSD DUAL XEON SP","global","220_Cooling","string","3x 97mm Blowers with Smart Fan Control"
"gid://shopify/Product/1774399848518","flachesan1l-d5-1u-20-bays","FlacheSAN1L-D5 1U 20 BAYS 7MM 12G SAS/SATA SSD DUAL XEON SP","global","739_HTS Code","string","8473 30 5100"
"gid://shopify/Product/1774399848518","flachesan1l-d5-1u-20-bays","FlacheSAN1L-D5 1U 20 BAYS 7MM 12G SAS/SATA SSD DUAL XEON SP","global","740_ECCN","string","4A994"
"gid://shopify/Product/1774399848518","flachesan1l-d5-1u-20-bays","FlacheSAN1L-D5 1U 20 BAYS 7MM 12G SAS/SATA SSD DUAL XEON SP","global","741_Compliance","string","CE, FCC Class A, RoHS 6/6 compliant"
"gid://shopify/Product/1774399848518","flachesan1l-d5-1u-20-bays","FlacheSAN1L-D5 1U 20 BAYS 7MM 12G SAS/SATA SSD DUAL XEON SP","global","AVL","string","https://cdn.shopify.com/s/files/1/0028/7509/7153/t/6/assets/FlacheSAN1L-D5-AVL-1528328966624.pdf?6427295639994230946"
"gid://shopify/Product/1774399848518","flachesan1l-d5-1u-20-bays","FlacheSAN1L-D5 1U 20 BAYS 7MM 12G SAS/SATA SSD DUAL XEON SP","global","Compliance","string","CE, FCC Class A, RoHS 6/6 compliant"
"gid://shopify/Product/1774399848518","flachesan1l-d5-1u-20-bays","FlacheSAN1L-D5 1U 20 BAYS 7MM 12G SAS/SATA SSD DUAL XEON SP","global","Cooling","string","3x 97mm Blowers with Smart Fan Control"
"gid://shopify/Product/1774399848518","flachesan1l-d5-1u-20-bays","FlacheSAN1L-D5 1U 20 BAYS 7MM 12G SAS/SATA SSD DUAL XEON SP","global","DIMENSIONS","string","System: 27”x19”x1.75” (LxWxH) Packaging: 39”x 24.25”x9”(LxWxH)"
"gid://shopify/Product/1774399848518","flachesan1l-d5-1u-20-bays","FlacheSAN1L-D5 1U 20 BAYS 7MM 12G SAS/SATA SSD DUAL XEON SP","global","Drive-Bays","string","20x 2.5” 7mm hot-swap 6Gbps SATA drive bays; 2x Internal 2.5” bays for OS drives"
"gid://shopify/Product/1774399848518","flachesan1l-d5-1u-20-bays","FlacheSAN1L-D5 1U 20 BAYS 7MM 12G SAS/SATA SSD DUAL XEON SP","global","Environmental","string","Operating Temperature: 0°C to 35°C Non-Operating Temperature: -20°C to 70°C Humidity: 5% to 95% non-condensing"
"gid://shopify/Product/1774399848518","flachesan1l-d5-1u-20-bays","FlacheSAN1L-D5 1U 20 BAYS 7MM 12G SAS/SATA SSD DUAL XEON SP","global","Install-Guide","string","https://cdn.shopify.com/s/files/1/0028/7509/7153/t/6/assets/FlacheSAN1L-D5-Quick-Guide-v1.00-1528328966635.pdf?12134908601743885510"
"gid://shopify/Product/1774399848518","flachesan1l-d5-1u-20-bays","FlacheSAN1L-D5 1U 20 BAYS 7MM 12G SAS/SATA SSD DUAL XEON SP","global","Logistic","string","HTS Code: 8473 30 5100; ECCN: 4A994"
"gid://shopify/Product/1774399848518","flachesan1l-d5-1u-20-bays","FlacheSAN1L-D5 1U 20 BAYS 7MM 12G SAS/SATA SSD DUAL XEON SP","global","Ordering-Info","string","BB1202FD5TY14-A - 1U 20 BAYS 7MM 12G SAS/SATA SSD DUAL XEON SP 500W HRP"
"gid://shopify/Product/1774399848518","flachesan1l-d5-1u-20-bays","FlacheSAN1L-D5 1U 20 BAYS 7MM 12G SAS/SATA SSD DUAL XEON SP","global","Product-Brief","string","https://cdn.shopify.com/s/files/1/0028/7509/7153/t/6/assets/FlacheStreams_Intel_ProductBrief_Premio-1528328966686.pdf?6427295639994230946"
"gid://shopify/Product/1774399848518","flachesan1l-d5-1u-20-bays","FlacheSAN1L-D5 1U 20 BAYS 7MM 12G SAS/SATA SSD DUAL XEON SP","global","resource_AVL","string","FlacheSAN1L-D5-AVL"
"gid://shopify/Product/1774399848518","flachesan1l-d5-1u-20-bays","FlacheSAN1L-D5 1U 20 BAYS 7MM 12G SAS/SATA SSD DUAL XEON SP","global","resource_BIOS","string","Tyan S7106GM2NR, Tyan S7106GM2NR-L2"
"gid://shopify/Product/1774399848518","flachesan1l-d5-1u-20-bays","FlacheSAN1L-D5 1U 20 BAYS 7MM 12G SAS/SATA SSD DUAL XEON SP","global","resource_Install Guide","string","FlacheSAN1L-D5-QG"
"gid://shopify/Product/1774399848518","flachesan1l-d5-1u-20-bays","FlacheSAN1L-D5 1U 20 BAYS 7MM 12G SAS/SATA SSD DUAL XEON SP","global","Supported-OS","string","Microsoft Windows Server 64bit 2012/R2, 2008/R2, Linux RHEL 5.10/6.5, SUSE Ent. Server 11 SP3, FreeBSD 9.2, Fedora Core 19, Ubuntu 12.04.2, VMWare ESXi 5.5"
"gid://shopify/Product/1774399848518","flachesan1l-d5-1u-20-bays","FlacheSAN1L-D5 1U 20 BAYS 7MM 12G SAS/SATA SSD DUAL XEON SP","global","Tyan S7106GM2NR","string","<a href = ""https://premioinc.com/?ddownload=4742"">S7106GM2NR_v101.zip</a><br><a href = ""https://premioinc.com/?ddownload=4743"">S7106GM2NR-BMC_v100.zip</a>"
"gid://shopify/Product/1774399848518","flachesan1l-d5-1u-20-bays","FlacheSAN1L-D5 1U 20 BAYS 7MM 12G SAS/SATA SSD DUAL XEON SP","global","Tyan S7106GM2NR-L2","string","<a href = ""https://premioinc.com/?ddownload=4742"">S7106GM2NR_v101.zip</a><br><a href = ""https://premioinc.com/?ddownload=4743"">S7106GM2NR-BMC_v100.zip</a>"
"gid://shopify/Product/1774399848518","flachesan1l-d5-1u-20-bays","FlacheSAN1L-D5 1U 20 BAYS 7MM 12G SAS/SATA SSD DUAL XEON SP","global","WEIGHT","string","Gross: 47lbs without drives; Net: 35lbs without drives"
"gid://shopify/Product/1774399848518","flachesan1l-d5-1u-20-bays","FlacheSAN1L-D5 1U 20 BAYS 7MM 12G SAS/SATA SSD DUAL XEON SP","global","resource_Product Brief","string","PB-FlacheStreams_Intel_E"
"gid://shopify/Product/1774399848518","flachesan1l-d5-1u-20-bays","FlacheSAN1L-D5 1U 20 BAYS 7MM 12G SAS/SATA SSD DUAL XEON SP","global","processor","string","Intel"
"gid://shopify/Product/1774400307270","flachesan1l-u5-1u-20-bays-7mm-12g-sas-sata-ssd-single-xeon-sp","FlacheSAN1L-U5 1U 20 BAYS 7MM 12G SAS/SATA SSD SINGLE XEON SP","global","100_System","string","System"
"gid://shopify/Product/1774400307270","flachesan1l-u5-1u-20-bays-7mm-12g-sas-sata-ssd-single-xeon-sp","FlacheSAN1L-U5 1U 20 BAYS 7MM 12G SAS/SATA SSD SINGLE XEON SP","global","110_Processor","string","Supports Single Socket Intel&reg; Xeon&reg; SP (Skylake) up to 205W TDP socket LGA3647"
"gid://shopify/Product/1774400307270","flachesan1l-u5-1u-20-bays-7mm-12g-sas-sata-ssd-single-xeon-sp","FlacheSAN1L-U5 1U 20 BAYS 7MM 12G SAS/SATA SSD SINGLE XEON SP","global","120_System Chipset","string","Intel&reg; C622 chipset"
"gid://shopify/Product/1774400307270","flachesan1l-u5-1u-20-bays-7mm-12g-sas-sata-ssd-single-xeon-sp","FlacheSAN1L-U5 1U 20 BAYS 7MM 12G SAS/SATA SSD SINGLE XEON SP","global","130_System Memory","string","Supports up to 6x DIMMs DDR4 RDIMM/RDIMM 3DS/LRDIMM/LRDIMM 3DS 2666"
"gid://shopify/Product/1774400307270","flachesan1l-u5-1u-20-bays-7mm-12g-sas-sata-ssd-single-xeon-sp","FlacheSAN1L-U5 1U 20 BAYS 7MM 12G SAS/SATA SSD SINGLE XEON SP","global","170_Storage","string","36 ports 12G SAS Expander with 3 SFF8643 Connecters (Optional), LSI3008 onboard (Optional)"
"gid://shopify/Product/1774400307270","flachesan1l-u5-1u-20-bays-7mm-12g-sas-sata-ssd-single-xeon-sp","FlacheSAN1L-U5 1U 20 BAYS 7MM 12G SAS/SATA SSD SINGLE XEON SP","global","305_Expansion","string","1 PCI-E 3.0 x8 (in x16)<br>2x PCI-E 3.0 x16"
"gid://shopify/Product/1774400307270","flachesan1l-u5-1u-20-bays-7mm-12g-sas-sata-ssd-single-xeon-sp","FlacheSAN1L-U5 1U 20 BAYS 7MM 12G SAS/SATA SSD SINGLE XEON SP","global","700_Environment","string","Environment"
"gid://shopify/Product/1774400307270","flachesan1l-u5-1u-20-bays-7mm-12g-sas-sata-ssd-single-xeon-sp","FlacheSAN1L-U5 1U 20 BAYS 7MM 12G SAS/SATA SSD SINGLE XEON SP","global","710_Operating Temperature","string","0&deg;C ~ 35&deg;C"
"gid://shopify/Product/1774400307270","flachesan1l-u5-1u-20-bays-7mm-12g-sas-sata-ssd-single-xeon-sp","FlacheSAN1L-U5 1U 20 BAYS 7MM 12G SAS/SATA SSD SINGLE XEON SP","global","720_Storage Temperature","string","-20&deg;C ~ 70&deg;C"
"gid://shopify/Product/1774400307270","flachesan1l-u5-1u-20-bays-7mm-12g-sas-sata-ssd-single-xeon-sp","FlacheSAN1L-U5 1U 20 BAYS 7MM 12G SAS/SATA SSD SINGLE XEON SP","global","730_Relative Humidity","string","5% ~ 95% relative humidity, non-condensing"
"gid://shopify/Product/1774400307270","flachesan1l-u5-1u-20-bays-7mm-12g-sas-sata-ssd-single-xeon-sp","FlacheSAN1L-U5 1U 20 BAYS 7MM 12G SAS/SATA SSD SINGLE XEON SP","global","800_Physical","string","Physical"
"gid://shopify/Product/1774400307270","flachesan1l-u5-1u-20-bays-7mm-12g-sas-sata-ssd-single-xeon-sp","FlacheSAN1L-U5 1U 20 BAYS 7MM 12G SAS/SATA SSD SINGLE XEON SP","global","810_Dimensions (W x H x D)","string","System: 23""x19""x1.75"" (LxWxH) Packaging: 31""x 24.5""x9""(LxWxH)"
"gid://shopify/Product/1774400307270","flachesan1l-u5-1u-20-bays-7mm-12g-sas-sata-ssd-single-xeon-sp","FlacheSAN1L-U5 1U 20 BAYS 7MM 12G SAS/SATA SSD SINGLE XEON SP","global","820_Weights","string","Gross: 47lbs without drives; Net: 35lbs without drives"
"gid://shopify/Product/1774400307270","flachesan1l-u5-1u-20-bays-7mm-12g-sas-sata-ssd-single-xeon-sp","FlacheSAN1L-U5 1U 20 BAYS 7MM 12G SAS/SATA SSD SINGLE XEON SP","global","BACK-I/O","string","2x USB 2.0 Ports; 2x USB 3.0 ports; 1x VGA port(s); 1x COM Ports; 2x 10GbE ports"
"gid://shopify/Product/1774400307270","flachesan1l-u5-1u-20-bays-7mm-12g-sas-sata-ssd-single-xeon-sp","FlacheSAN1L-U5 1U 20 BAYS 7MM 12G SAS/SATA SSD SINGLE XEON SP","global","CPU","string","Supports Single Socket Intel® Xeon® SP (Skylake) up to 205W TDP socket LGA3647"
"gid://shopify/Product/1774400307270","flachesan1l-u5-1u-20-bays-7mm-12g-sas-sata-ssd-single-xeon-sp","FlacheSAN1L-U5 1U 20 BAYS 7MM 12G SAS/SATA SSD SINGLE XEON SP","global","Data-Sheet","string","https://cdn.shopify.com/s/files/1/0028/7509/7153/t/6/assets/Premio-FlacheStreams-FlacheSAN1L-U5-1528330183194.pdf?9063904559413234883"
"gid://shopify/Product/1774400307270","flachesan1l-u5-1u-20-bays-7mm-12g-sas-sata-ssd-single-xeon-sp","FlacheSAN1L-U5 1U 20 BAYS 7MM 12G SAS/SATA SSD SINGLE XEON SP","global","ETHERNET","string","2x 10GbT ports, 1x GbE dedicated for IPMI"
"gid://shopify/Product/1774400307270","flachesan1l-u5-1u-20-bays-7mm-12g-sas-sata-ssd-single-xeon-sp","FlacheSAN1L-U5 1U 20 BAYS 7MM 12G SAS/SATA SSD SINGLE XEON SP","global","EXPANSION","string","1x PCI-E 3.0 x8; 2x PCI-E 3.0 x16"
"gid://shopify/Product/1774400307270","flachesan1l-u5-1u-20-bays-7mm-12g-sas-sata-ssd-single-xeon-sp","FlacheSAN1L-U5 1U 20 BAYS 7MM 12G SAS/SATA SSD SINGLE XEON SP","global","family","string","server"
"gid://shopify/Product/1774400307270","flachesan1l-u5-1u-20-bays-7mm-12g-sas-sata-ssd-single-xeon-sp","FlacheSAN1L-U5 1U 20 BAYS 7MM 12G SAS/SATA SSD SINGLE XEON SP","global","FRONT-I/O","string","Power On/Off switch & LED, Locate switch & LED, Reset switch, System warning LED, 4x LAN LED"
"gid://shopify/Product/1774400307270","flachesan1l-u5-1u-20-bays-7mm-12g-sas-sata-ssd-single-xeon-sp","FlacheSAN1L-U5 1U 20 BAYS 7MM 12G SAS/SATA SSD SINGLE XEON SP","global","POWER-INPUT","string","1+1 500W AC/DC or -48VDC/DC high efficiency redundant power supplies"
"gid://shopify/Product/1774400307270","flachesan1l-u5-1u-20-bays-7mm-12g-sas-sata-ssd-single-xeon-sp","FlacheSAN1L-U5 1U 20 BAYS 7MM 12G SAS/SATA SSD SINGLE XEON SP","global","product series","string","FlacheStreams"
"gid://shopify/Product/1774400307270","flachesan1l-u5-1u-20-bays-7mm-12g-sas-sata-ssd-single-xeon-sp","FlacheSAN1L-U5 1U 20 BAYS 7MM 12G SAS/SATA SSD SINGLE XEON SP","global","resource_Data Sheet","string","DS_FlacheSAN1L-U5_E"
"gid://shopify/Product/1774400307270","flachesan1l-u5-1u-20-bays-7mm-12g-sas-sata-ssd-single-xeon-sp","FlacheSAN1L-U5 1U 20 BAYS 7MM 12G SAS/SATA SSD SINGLE XEON SP","global","STORAGE","string","36 ports 12G SAS Expander with 3 SFF8643 Connectors (Optional), LSI3008 onboard (Optional)"
"gid://shopify/Product/1774400307270","flachesan1l-u5-1u-20-bays-7mm-12g-sas-sata-ssd-single-xeon-sp","FlacheSAN1L-U5 1U 20 BAYS 7MM 12G SAS/SATA SSD SINGLE XEON SP","global","SYSTEM-CHIPSET","string","Intel® C622 chipset"
"gid://shopify/Product/1774400307270","flachesan1l-u5-1u-20-bays-7mm-12g-sas-sata-ssd-single-xeon-sp","FlacheSAN1L-U5 1U 20 BAYS 7MM 12G SAS/SATA SSD SINGLE XEON SP","global","SYSTEM-MEMORY","string","Supports up to 6x DIMMs DDR4 RDIMM/RDIMM 3DS/LRDIMM/LRDIMM 3DS 2666"
"gid://shopify/Product/1774400307270","flachesan1l-u5-1u-20-bays-7mm-12g-sas-sata-ssd-single-xeon-sp","FlacheSAN1L-U5 1U 20 BAYS 7MM 12G SAS/SATA SSD SINGLE XEON SP","global","title","string","FlacheSAN1L-U5"
"gid://shopify/Product/1774400307270","flachesan1l-u5-1u-20-bays-7mm-12g-sas-sata-ssd-single-xeon-sp","FlacheSAN1L-U5 1U 20 BAYS 7MM 12G SAS/SATA SSD SINGLE XEON SP","global","171_Driver Bays","string","20x 2.5"" 7mm hot-swap 6Gbps SATA drive bays; 2x internal 2.5"" bays for OS drives"
"gid://shopify/Product/1774400307270","flachesan1l-u5-1u-20-bays-7mm-12g-sas-sata-ssd-single-xeon-sp","FlacheSAN1L-U5 1U 20 BAYS 7MM 12G SAS/SATA SSD SINGLE XEON SP","global","220_Cooling","string","3x 97mm Blowers with Smart Fan Control"
"gid://shopify/Product/1774400307270","flachesan1l-u5-1u-20-bays-7mm-12g-sas-sata-ssd-single-xeon-sp","FlacheSAN1L-U5 1U 20 BAYS 7MM 12G SAS/SATA SSD SINGLE XEON SP","global","739_HTS Code","string","8473 30 5100"
"gid://shopify/Product/1774400307270","flachesan1l-u5-1u-20-bays-7mm-12g-sas-sata-ssd-single-xeon-sp","FlacheSAN1L-U5 1U 20 BAYS 7MM 12G SAS/SATA SSD SINGLE XEON SP","global","740_ECCN","string","4A994"
"gid://shopify/Product/1774400307270","flachesan1l-u5-1u-20-bays-7mm-12g-sas-sata-ssd-single-xeon-sp","FlacheSAN1L-U5 1U 20 BAYS 7MM 12G SAS/SATA SSD SINGLE XEON SP","global","741_Compliance","string","CE, FCC Class A, RoHS 6/6 compliant"
"gid://shopify/Product/1774400307270","flachesan1l-u5-1u-20-bays-7mm-12g-sas-sata-ssd-single-xeon-sp","FlacheSAN1L-U5 1U 20 BAYS 7MM 12G SAS/SATA SSD SINGLE XEON SP","global","AVL","string","https://cdn.shopify.com/s/files/1/0028/7509/7153/t/6/assets/FlacheSAN1L-U5-AVL-1528330183202.pdf?9063904559413234883"
"gid://shopify/Product/1774400307270","flachesan1l-u5-1u-20-bays-7mm-12g-sas-sata-ssd-single-xeon-sp","FlacheSAN1L-U5 1U 20 BAYS 7MM 12G SAS/SATA SSD SINGLE XEON SP","global","Compliance","string","CE, FCC Class A, RoHS 6/6 compliant"
"gid://shopify/Product/1774400307270","flachesan1l-u5-1u-20-bays-7mm-12g-sas-sata-ssd-single-xeon-sp","FlacheSAN1L-U5 1U 20 BAYS 7MM 12G SAS/SATA SSD SINGLE XEON SP","global","Cooling","string","3x 97mm Blowers with Smart Fan Control"
"gid://shopify/Product/1774400307270","flachesan1l-u5-1u-20-bays-7mm-12g-sas-sata-ssd-single-xeon-sp","FlacheSAN1L-U5 1U 20 BAYS 7MM 12G SAS/SATA SSD SINGLE XEON SP","global","DIMENSIONS","string","System: 23”x19”x1.75” (LxWxH) Packaging: 31”x 24.5”x9”(LxWxH)"
"gid://shopify/Product/1774400307270","flachesan1l-u5-1u-20-bays-7mm-12g-sas-sata-ssd-single-xeon-sp","FlacheSAN1L-U5 1U 20 BAYS 7MM 12G SAS/SATA SSD SINGLE XEON SP","global","Drive-Bays","string","20x 2.5” 7mm hot-swap 6Gbps SATA drive bays; 2x Internal 2.5” bays for OS drives"
"gid://shopify/Product/1774400307270","flachesan1l-u5-1u-20-bays-7mm-12g-sas-sata-ssd-single-xeon-sp","FlacheSAN1L-U5 1U 20 BAYS 7MM 12G SAS/SATA SSD SINGLE XEON SP","global","Environmental","string","Operating Temperature: 0°C to 35°C Non-Operating Temperature: -20°C to 70°C Humidity: 5% to 95% non-condensing"
"gid://shopify/Product/1774400307270","flachesan1l-u5-1u-20-bays-7mm-12g-sas-sata-ssd-single-xeon-sp","FlacheSAN1L-U5 1U 20 BAYS 7MM 12G SAS/SATA SSD SINGLE XEON SP","global","Logistic","string","HTS Code: 8473 30 5100; ECCN: 4A994"
"gid://shopify/Product/1774400307270","flachesan1l-u5-1u-20-bays-7mm-12g-sas-sata-ssd-single-xeon-sp","FlacheSAN1L-U5 1U 20 BAYS 7MM 12G SAS/SATA SSD SINGLE XEON SP","global","Ordering-Info","string","BB1202FU5SM14-A - 1U 20 BAYS 7MM 12G SAS/SATA SSD SINGLE XEON SP 500W HRP"
"gid://shopify/Product/1774400307270","flachesan1l-u5-1u-20-bays-7mm-12g-sas-sata-ssd-single-xeon-sp","FlacheSAN1L-U5 1U 20 BAYS 7MM 12G SAS/SATA SSD SINGLE XEON SP","global","Product-Brief","string","https://cdn.shopify.com/s/files/1/0028/7509/7153/t/6/assets/FlacheStreams_Intel_ProductBrief_Premio-1528328966686.pdf?6427295639994230946"
"gid://shopify/Product/1774400307270","flachesan1l-u5-1u-20-bays-7mm-12g-sas-sata-ssd-single-xeon-sp","FlacheSAN1L-U5 1U 20 BAYS 7MM 12G SAS/SATA SSD SINGLE XEON SP","global","resource_AVL","string","FlacheSAN1L-U5-AVL"
"gid://shopify/Product/1774400307270","flachesan1l-u5-1u-20-bays-7mm-12g-sas-sata-ssd-single-xeon-sp","FlacheSAN1L-U5 1U 20 BAYS 7MM 12G SAS/SATA SSD SINGLE XEON SP","global","resource_BIOS","string","X11SPW7_606"
"gid://shopify/Product/1774400307270","flachesan1l-u5-1u-20-bays-7mm-12g-sas-sata-ssd-single-xeon-sp","FlacheSAN1L-U5 1U 20 BAYS 7MM 12G SAS/SATA SSD SINGLE XEON SP","global","Supported-OS","string","Microsoft Windows Server 64bit 2012/R2, 2008/R2, Linux RHEL 5.10/6.5, SUSE Ent. Server 11 SP3, FreeBSD 9.2, Fedora Core 19, Ubuntu 12.04.2, VMWare ESXi 5.5"
"gid://shopify/Product/1774400307270","flachesan1l-u5-1u-20-bays-7mm-12g-sas-sata-ssd-single-xeon-sp","FlacheSAN1L-U5 1U 20 BAYS 7MM 12G SAS/SATA SSD SINGLE XEON SP","global","WEIGHT","string","Gross: 47lbs without drives; Net: 35lbs without drives"
"gid://shopify/Product/1774400307270","flachesan1l-u5-1u-20-bays-7mm-12g-sas-sata-ssd-single-xeon-sp","FlacheSAN1L-U5 1U 20 BAYS 7MM 12G SAS/SATA SSD SINGLE XEON SP","global","resource_Firmware","string","SMT_X11AST2500_122"
"gid://shopify/Product/1774400307270","flachesan1l-u5-1u-20-bays-7mm-12g-sas-sata-ssd-single-xeon-sp","FlacheSAN1L-U5 1U 20 BAYS 7MM 12G SAS/SATA SSD SINGLE XEON SP","global","resource_Product Brief","string","PB-FlacheStreams_AMD_E"
"gid://shopify/Product/1774400307270","flachesan1l-u5-1u-20-bays-7mm-12g-sas-sata-ssd-single-xeon-sp","FlacheSAN1L-U5 1U 20 BAYS 7MM 12G SAS/SATA SSD SINGLE XEON SP","global","processor","string","AMD"
"gid://shopify/Product/1774400733254","flachesan1l-un-1u-20-bays","FlacheSAN1L-UN 1U 20 Bays 7MM 12G SAS /SATA SSD Single EPYC","global","100_System","string","System"
"gid://shopify/Product/1774400733254","flachesan1l-un-1u-20-bays","FlacheSAN1L-UN 1U 20 Bays 7MM 12G SAS /SATA SSD Single EPYC","global","110_Processor","string","Supports Single Socket AMD EPYC (Naples) CPU up to 180W TDP socket SP3"
"gid://shopify/Product/1774400733254","flachesan1l-un-1u-20-bays","FlacheSAN1L-UN 1U 20 Bays 7MM 12G SAS /SATA SSD Single EPYC","global","130_System Memory","string","Supports up to 16x DIMMs DDR4 RDIMM/RDIMM/LRDIMM 2666 MHz"
"gid://shopify/Product/1774400733254","flachesan1l-un-1u-20-bays","FlacheSAN1L-UN 1U 20 Bays 7MM 12G SAS /SATA SSD Single EPYC","global","161_Network","string","2x 1GbE Broadcom BCM5720 <br> 1x GbE dedicated for IPMI"
"gid://shopify/Product/1774400733254","flachesan1l-un-1u-20-bays","FlacheSAN1L-UN 1U 20 Bays 7MM 12G SAS /SATA SSD Single EPYC","global","305_Expansion","string","1x PCI-E 3.0 x16 OCP 2.0 Mezzanine<br> 1x PCI-E 3.0 x16 Full Height <br>1x PCI-E 3.0 x16 Low Profile"
"gid://shopify/Product/1774400733254","flachesan1l-un-1u-20-bays","FlacheSAN1L-UN 1U 20 Bays 7MM 12G SAS /SATA SSD Single EPYC","global","700_Environment","string","Environment"
"gid://shopify/Product/1774400733254","flachesan1l-un-1u-20-bays","FlacheSAN1L-UN 1U 20 Bays 7MM 12G SAS /SATA SSD Single EPYC","global","710_Operating Temperature","string","0&deg;C ~ 35&deg;C"
"gid://shopify/Product/1774400733254","flachesan1l-un-1u-20-bays","FlacheSAN1L-UN 1U 20 Bays 7MM 12G SAS /SATA SSD Single EPYC","global","720_Storage Temperature","string","-20&deg;C ~ 70&deg;C"
"gid://shopify/Product/1774400733254","flachesan1l-un-1u-20-bays","FlacheSAN1L-UN 1U 20 Bays 7MM 12G SAS /SATA SSD Single EPYC","global","730_Relative Humidity","string","5% ~ 95% relative humidity, non-condensing"
"gid://shopify/Product/1774400733254","flachesan1l-un-1u-20-bays","FlacheSAN1L-UN 1U 20 Bays 7MM 12G SAS /SATA SSD Single EPYC","global","800_Physical","string","Physical"
"gid://shopify/Product/1774400733254","flachesan1l-un-1u-20-bays","FlacheSAN1L-UN 1U 20 Bays 7MM 12G SAS /SATA SSD Single EPYC","global","810_Dimensions (W x H x D)","string","System: 27""x19""x1.75"" (LxWxH) Packaging: 35""x 24.5""x9""(LxWxH)"
"gid://shopify/Product/1774400733254","flachesan1l-un-1u-20-bays","FlacheSAN1L-UN 1U 20 Bays 7MM 12G SAS /SATA SSD Single EPYC","global","820_Weights","string","Gross Weight: 47lbs without Hard Drives Net Weight: 35lbs without Hard Drive"
"gid://shopify/Product/1774400733254","flachesan1l-un-1u-20-bays","FlacheSAN1L-UN 1U 20 Bays 7MM 12G SAS /SATA SSD Single EPYC","global","BACK-I/O","string","2x USB 3.0 ports; 1x VGA port(s); 1x COM Port; 2x 1GbE ports; 1x 1GbE MGMT"
"gid://shopify/Product/1774400733254","flachesan1l-un-1u-20-bays","FlacheSAN1L-UN 1U 20 Bays 7MM 12G SAS /SATA SSD Single EPYC","global","CPU","string","Supports Single Socket AMD EPYC (Naples) CPU up to 180W TDP socket SP3"
"gid://shopify/Product/1774400733254","flachesan1l-un-1u-20-bays","FlacheSAN1L-UN 1U 20 Bays 7MM 12G SAS /SATA SSD Single EPYC","global","Data-Sheet","string","https://cdn.shopify.com/s/files/1/0028/7509/7153/t/6/assets/FlacheStreamsFlacheSAN1LUN-1529808235838.pdf?402075567222252184"
"gid://shopify/Product/1774400733254","flachesan1l-un-1u-20-bays","FlacheSAN1L-UN 1U 20 Bays 7MM 12G SAS /SATA SSD Single EPYC","global","ETHERNET","string","2x 1GbE Broadcom BCM5720; 1x GbE dedicated for IPMI"
"gid://shopify/Product/1774400733254","flachesan1l-un-1u-20-bays","FlacheSAN1L-UN 1U 20 Bays 7MM 12G SAS /SATA SSD Single EPYC","global","EXPANSION","string","1x PCI-E 3.0 x16 OCP 2.0 Mezzanine; 1x PCI-E 3.0 x16 Full Height; 1x PCI-E 3.0 x16 Low Profile"
"gid://shopify/Product/1774400733254","flachesan1l-un-1u-20-bays","FlacheSAN1L-UN 1U 20 Bays 7MM 12G SAS /SATA SSD Single EPYC","global","family","string","server"
"gid://shopify/Product/1774400733254","flachesan1l-un-1u-20-bays","FlacheSAN1L-UN 1U 20 Bays 7MM 12G SAS /SATA SSD Single EPYC","global","FRONT-I/O","string","Power On/Off switch & LED, Locate switch & LED, Reset switch, System warning LED, 4x LAN LED"
"gid://shopify/Product/1774400733254","flachesan1l-un-1u-20-bays","FlacheSAN1L-UN 1U 20 Bays 7MM 12G SAS /SATA SSD Single EPYC","global","POWER-INPUT","string","1+1 500W AC/DC or -48VDC/DC high efficiency redundant power supplies"
"gid://shopify/Product/1774400733254","flachesan1l-un-1u-20-bays","FlacheSAN1L-UN 1U 20 Bays 7MM 12G SAS /SATA SSD Single EPYC","global","product series","string","FlacheStreams"
"gid://shopify/Product/1774400733254","flachesan1l-un-1u-20-bays","FlacheSAN1L-UN 1U 20 Bays 7MM 12G SAS /SATA SSD Single EPYC","global","STORAGE","string","36 ports 12G SAS Expander with 3 SFF8643 Connectors (Optional), LSI3008 onboard (Optional)"
"gid://shopify/Product/1774400733254","flachesan1l-un-1u-20-bays","FlacheSAN1L-UN 1U 20 Bays 7MM 12G SAS /SATA SSD Single EPYC","global","SYSTEM-CHIPSET","string","Intel® C622 chipset"
"gid://shopify/Product/1774400733254","flachesan1l-un-1u-20-bays","FlacheSAN1L-UN 1U 20 Bays 7MM 12G SAS /SATA SSD Single EPYC","global","SYSTEM-MEMORY","string","Supports up to 16x DIMMs DDR4 RDIMM/RDIMM/LRDIMM 2666 MHz"
"gid://shopify/Product/1774400733254","flachesan1l-un-1u-20-bays","FlacheSAN1L-UN 1U 20 Bays 7MM 12G SAS /SATA SSD Single EPYC","global","title","string","FlacheSAN1L-UN"
"gid://shopify/Product/1774400733254","flachesan1l-un-1u-20-bays","FlacheSAN1L-UN 1U 20 Bays 7MM 12G SAS /SATA SSD Single EPYC","global","171_Driver Bays","string","20x 2.5"" 7mm hot-swap 6Gbps SATA drive bays; 2x Internal 2.5"" bays for OS drives"
"gid://shopify/Product/1774400733254","flachesan1l-un-1u-20-bays","FlacheSAN1L-UN 1U 20 Bays 7MM 12G SAS /SATA SSD Single EPYC","global","220_Cooling","string","5x 40mm fans with Smart Fan Control"
"gid://shopify/Product/1774400733254","flachesan1l-un-1u-20-bays","FlacheSAN1L-UN 1U 20 Bays 7MM 12G SAS /SATA SSD Single EPYC","global","739_HTS Code","string","8473 30 5100"
"gid://shopify/Product/1774400733254","flachesan1l-un-1u-20-bays","FlacheSAN1L-UN 1U 20 Bays 7MM 12G SAS /SATA SSD Single EPYC","global","740_ECCN","string","4A994"
"gid://shopify/Product/1774400733254","flachesan1l-un-1u-20-bays","FlacheSAN1L-UN 1U 20 Bays 7MM 12G SAS /SATA SSD Single EPYC","global","741_Compliance","string","CE, FCC Class A, RoHS 6/6 compliant"
"gid://shopify/Product/1774400733254","flachesan1l-un-1u-20-bays","FlacheSAN1L-UN 1U 20 Bays 7MM 12G SAS /SATA SSD Single EPYC","global","AVL","string","https://cdn.shopify.com/s/files/1/0028/7509/7153/t/6/assets/FlacheSAN1LUNAVL-1529808235854.pdf?12834378531396585610"
"gid://shopify/Product/1774400733254","flachesan1l-un-1u-20-bays","FlacheSAN1L-UN 1U 20 Bays 7MM 12G SAS /SATA SSD Single EPYC","global","Compliance","string","CE, FCC Class A, RoHS 6/6 compliant"
"gid://shopify/Product/1774400733254","flachesan1l-un-1u-20-bays","FlacheSAN1L-UN 1U 20 Bays 7MM 12G SAS /SATA SSD Single EPYC","global","Cooling","string","5x 40mm fans with Smart Fan Control"
"gid://shopify/Product/1774400733254","flachesan1l-un-1u-20-bays","FlacheSAN1L-UN 1U 20 Bays 7MM 12G SAS /SATA SSD Single EPYC","global","DIMENSIONS","string","System: 27”x19”x1.75” (LxWxH) Packaging: 35”x 24.5”x9”(LxWxH)"
"gid://shopify/Product/1774400733254","flachesan1l-un-1u-20-bays","FlacheSAN1L-UN 1U 20 Bays 7MM 12G SAS /SATA SSD Single EPYC","global","Drive-Bays","string","20x 2.5” 7mm hot-swap 6Gbps SATA drive bays; 2x Internal 2.5” bays for OS drives"
"gid://shopify/Product/1774400733254","flachesan1l-un-1u-20-bays","FlacheSAN1L-UN 1U 20 Bays 7MM 12G SAS /SATA SSD Single EPYC","global","Environmental","string","Operating Temperature: 0°C to 35°C Non-Operating Temperature: -20°C to 70°C Humidity: 5% to 95% non-condensing"
"gid://shopify/Product/1774400733254","flachesan1l-un-1u-20-bays","FlacheSAN1L-UN 1U 20 Bays 7MM 12G SAS /SATA SSD Single EPYC","global","Logistic","string","HTS Code: 8473 30 5100; ECCN: 4A994"
"gid://shopify/Product/1774400733254","flachesan1l-un-1u-20-bays","FlacheSAN1L-UN 1U 20 Bays 7MM 12G SAS /SATA SSD Single EPYC","global","Ordering-Info","string","1U 20 BAYS 7MM 12G SAS /SATA SSD SINGLE EPYC 500W HRP"
"gid://shopify/Product/1774400733254","flachesan1l-un-1u-20-bays","FlacheSAN1L-UN 1U 20 Bays 7MM 12G SAS /SATA SSD Single EPYC","global","Product-Brief","string","https://cdn.shopify.com/s/files/1/0028/7509/7153/t/6/assets/FlacheStreams_AMD_ProductBrief_Premio-1529808235865.pdf?12834378531396585610"
"gid://shopify/Product/1774400733254","flachesan1l-un-1u-20-bays","FlacheSAN1L-UN 1U 20 Bays 7MM 12G SAS /SATA SSD Single EPYC","global","resource_BIOS","string","Tyan S8026GM2NRE"
"gid://shopify/Product/1774400733254","flachesan1l-un-1u-20-bays","FlacheSAN1L-UN 1U 20 Bays 7MM 12G SAS /SATA SSD Single EPYC","global","Supported-OS","string","Microsoft Windows Server 64bit 2012/R2, 2008/R2, Linux RHEL 5.10/6.5, SUSE Ent. Server 11 SP3, FreeBSD 9.2, Fedora Core 19, Ubuntu 12.04.2, VMWare ESXi 5.5"
"gid://shopify/Product/1774400733254","flachesan1l-un-1u-20-bays","FlacheSAN1L-UN 1U 20 Bays 7MM 12G SAS /SATA SSD Single EPYC","global","WEIGHT","string","Gross: 47lbs without drives; Net: 35lbs without drives"
"gid://shopify/Product/1774400733254","flachesan1l-un-1u-20-bays","FlacheSAN1L-UN 1U 20 Bays 7MM 12G SAS /SATA SSD Single EPYC","global","SKU","string","BB1202FUNTY14-A"
"gid://shopify/Product/1774400733254","flachesan1l-un-1u-20-bays","FlacheSAN1L-UN 1U 20 Bays 7MM 12G SAS /SATA SSD Single EPYC","global","resource_AVL","string","FlacheSAN1L-UN-AVL"
"gid://shopify/Product/1774400733254","flachesan1l-un-1u-20-bays","FlacheSAN1L-UN 1U 20 Bays 7MM 12G SAS /SATA SSD Single EPYC","global","resource_Data Sheet","string","DS_FlacheSAN1L-UN_E"
"gid://shopify/Product/1774400733254","flachesan1l-un-1u-20-bays","FlacheSAN1L-UN 1U 20 Bays 7MM 12G SAS /SATA SSD Single EPYC","global","resource_Product Brief","string","PB-FlacheStreams_AMD_E"
"gid://shopify/Product/1774400733254","flachesan1l-un-1u-20-bays","FlacheSAN1L-UN 1U 20 Bays 7MM 12G SAS /SATA SSD Single EPYC","global","processor","string","AMD"
"gid://shopify/Product/3828031553606","flachesan1n10u-d5","FlacheSAN1N10U-D5 1U 10 Bays Intel Skylake U.2 NVMe 850W HRP PSU","global","100_System","string","System"
"gid://shopify/Product/3828031553606","flachesan1n10u-d5","FlacheSAN1N10U-D5 1U 10 Bays Intel Skylake U.2 NVMe 850W HRP PSU","global","110_Processor","string","Supports dual Socket LGA3647 Intel Xeon Scalable Processor up to 205W TDP with dual Intel UPI 10.4/9.6 GT/s"
"gid://shopify/Product/3828031553606","flachesan1n10u-d5","FlacheSAN1N10U-D5 1U 10 Bays Intel Skylake U.2 NVMe 850W HRP PSU","global","130_System Memory","string","Supports up to 16x DIMMs DDR4 RDIMM/RDIMM/LRDIMM 2666 MHz"
"gid://shopify/Product/3828031553606","flachesan1n10u-d5","FlacheSAN1N10U-D5 1U 10 Bays Intel Skylake U.2 NVMe 850W HRP PSU","global","161_Network","string","2x 1GbE Broadcom BCM5720<br> 1x GbE dedicated for IPMI"
"gid://shopify/Product/3828031553606","flachesan1n10u-d5","FlacheSAN1N10U-D5 1U 10 Bays Intel Skylake U.2 NVMe 850W HRP PSU","global","171_Driver Bays","string","10x 2.5"" hot-swap U.2 NVMe drive bays <br>2x internal M.2 NVMe for OS drives"
"gid://shopify/Product/3828031553606","flachesan1n10u-d5","FlacheSAN1N10U-D5 1U 10 Bays Intel Skylake U.2 NVMe 850W HRP PSU","global","220_Cooling","string","5x 40mm fans with Smart Fan Control"
"gid://shopify/Product/3828031553606","flachesan1n10u-d5","FlacheSAN1N10U-D5 1U 10 Bays Intel Skylake U.2 NVMe 850W HRP PSU","global","305_Expansion","string","1x PCI-E 3.0 x16 Full Height"
"gid://shopify/Product/3828031553606","flachesan1n10u-d5","FlacheSAN1N10U-D5 1U 10 Bays Intel Skylake U.2 NVMe 850W HRP PSU","global","700_Environment","string","Environment"
"gid://shopify/Product/3828031553606","flachesan1n10u-d5","FlacheSAN1N10U-D5 1U 10 Bays Intel Skylake U.2 NVMe 850W HRP PSU","global","710_Operating Temperature","string","0&deg;C ~ 35&deg;C"
"gid://shopify/Product/3828031553606","flachesan1n10u-d5","FlacheSAN1N10U-D5 1U 10 Bays Intel Skylake U.2 NVMe 850W HRP PSU","global","720_Storage Temperature","string","-20&deg;C ~ 70&deg;C"
"gid://shopify/Product/3828031553606","flachesan1n10u-d5","FlacheSAN1N10U-D5 1U 10 Bays Intel Skylake U.2 NVMe 850W HRP PSU","global","730_Relative Humidity","string","5% ~ 95% relative humidity, non-condensing"
"gid://shopify/Product/3828031553606","flachesan1n10u-d5","FlacheSAN1N10U-D5 1U 10 Bays Intel Skylake U.2 NVMe 850W HRP PSU","global","739_HTS Code","string","8473 30 5100"
"gid://shopify/Product/3828031553606","flachesan1n10u-d5","FlacheSAN1N10U-D5 1U 10 Bays Intel Skylake U.2 NVMe 850W HRP PSU","global","740_ECCN","string","4A994"
"gid://shopify/Product/3828031553606","flachesan1n10u-d5","FlacheSAN1N10U-D5 1U 10 Bays Intel Skylake U.2 NVMe 850W HRP PSU","global","741_Compliance","string","CE, FCC Class A, RoHS 6/6 compliant"
"gid://shopify/Product/3828031553606","flachesan1n10u-d5","FlacheSAN1N10U-D5 1U 10 Bays Intel Skylake U.2 NVMe 850W HRP PSU","global","800_Physical","string","Physical"
"gid://shopify/Product/3828031553606","flachesan1n10u-d5","FlacheSAN1N10U-D5 1U 10 Bays Intel Skylake U.2 NVMe 850W HRP PSU","global","810_Dimensions (W x H x D)","string","System: 27”x19”x1.75” (LxWxH)<br>Packaging: 35”x 24.5”x9”(LxWxH)"
"gid://shopify/Product/3828031553606","flachesan1n10u-d5","FlacheSAN1N10U-D5 1U 10 Bays Intel Skylake U.2 NVMe 850W HRP PSU","global","820_Weights","string","Gross: 47lbs without drives<br> Net: 35lbs without drives"
"gid://shopify/Product/3828031553606","flachesan1n10u-d5","FlacheSAN1N10U-D5 1U 10 Bays Intel Skylake U.2 NVMe 850W HRP PSU","global","family","string","server"
"gid://shopify/Product/3828031553606","flachesan1n10u-d5","FlacheSAN1N10U-D5 1U 10 Bays Intel Skylake U.2 NVMe 850W HRP PSU","global","processor","string","Intel"
"gid://shopify/Product/3828031553606","flachesan1n10u-d5","FlacheSAN1N10U-D5 1U 10 Bays Intel Skylake U.2 NVMe 850W HRP PSU","global","product series","string","FlacheStreams"
"gid://shopify/Product/3828031553606","flachesan1n10u-d5","FlacheSAN1N10U-D5 1U 10 Bays Intel Skylake U.2 NVMe 850W HRP PSU","global","resource_Data Sheet","string","DS_FlacheSAN1N10U-D5_E"
"gid://shopify/Product/3828031553606","flachesan1n10u-d5","FlacheSAN1N10U-D5 1U 10 Bays Intel Skylake U.2 NVMe 850W HRP PSU","global","title","string","FlacheSAN1N10U-D5"
"gid://shopify/Product/3828031553606","flachesan1n10u-d5","FlacheSAN1N10U-D5 1U 10 Bays Intel Skylake U.2 NVMe 850W HRP PSU","global","303_Back I/O","string","2x USB 3.0 ports<br> 1x VGA port(s)<br> 1x COM Port<br> 2x 1GbE port<br> 1x 1GbE MGMT"
"gid://shopify/Product/3828031553606","flachesan1n10u-d5","FlacheSAN1N10U-D5 1U 10 Bays Intel Skylake U.2 NVMe 850W HRP PSU","global","302_Front I/O","string","Power On/Off switch & LED<br> Locate switch & LED<br>Reset switch<br> System warning LED<br> 4x LAN LED"
"gid://shopify/Product/3828031553606","flachesan1n10u-d5","FlacheSAN1N10U-D5 1U 10 Bays Intel Skylake U.2 NVMe 850W HRP PSU","global","299_Other Features","string","Dedicated GbE for IPMI 2.0 Aspeed AST2500 support Redfish DMTF RESTful API"
"gid://shopify/Product/3828031553606","flachesan1n10u-d5","FlacheSAN1N10U-D5 1U 10 Bays Intel Skylake U.2 NVMe 850W HRP PSU","global","211_Supported OS","string","Microsoft Windows Server 64bit 2012.R2<br> Windows 2016<br> Linux RHEL 6.9/7.3<br> SuSE SLES 11/12<br> Ubuntu 16.04.3 LTS<br>VMWare vSphere 6.5<br> XenServer 7.0"
"gid://shopify/Product/3828031553606","flachesan1n10u-d5","FlacheSAN1N10U-D5 1U 10 Bays Intel Skylake U.2 NVMe 850W HRP PSU","global","170_Storage","string","36 ports 12G SAS Expander with 3 SFF8643
Connectors (Optional), LSI3008 onboard (Optional)"
"gid://shopify/Product/1774401093702","flachesan1n10u-un","FlacheSAN1N10U-UN 1U 10 BAYS NVMe U.2 PCIE X4 SINGLE EPYC 500W HRP","global","100_System","string","System"
"gid://shopify/Product/1774401093702","flachesan1n10u-un","FlacheSAN1N10U-UN 1U 10 BAYS NVMe U.2 PCIE X4 SINGLE EPYC 500W HRP","global","110_Processor","string","Supports Single Socket AMD EPYC (Naples) CPU up to 180W TDP socket SP3"
"gid://shopify/Product/1774401093702","flachesan1n10u-un","FlacheSAN1N10U-UN 1U 10 BAYS NVMe U.2 PCIE X4 SINGLE EPYC 500W HRP","global","130_System Memory","string","Supports up to 16x DIMMs DDR4 RDIMM/RDIMM/LRDIMM 2666 MHz"
"gid://shopify/Product/1774401093702","flachesan1n10u-un","FlacheSAN1N10U-UN 1U 10 BAYS NVMe U.2 PCIE X4 SINGLE EPYC 500W HRP","global","161_Network","string","2x 1GbE Broadcom BCM5720<br> 1x GbE dedicated for IPMI"
"gid://shopify/Product/1774401093702","flachesan1n10u-un","FlacheSAN1N10U-UN 1U 10 BAYS NVMe U.2 PCIE X4 SINGLE EPYC 500W HRP","global","305_Expansion","string","1x PCI-E 3.0 x16 OCP 2.0 Mezzanine<br> 1x PCI-E 3.0 x16 Full Height <br>1x PCI-E 3.0 x16 Low Profile"
"gid://shopify/Product/1774401093702","flachesan1n10u-un","FlacheSAN1N10U-UN 1U 10 BAYS NVMe U.2 PCIE X4 SINGLE EPYC 500W HRP","global","700_Environment","string","Environment"
"gid://shopify/Product/1774401093702","flachesan1n10u-un","FlacheSAN1N10U-UN 1U 10 BAYS NVMe U.2 PCIE X4 SINGLE EPYC 500W HRP","global","710_Operating Temperature","string","0&deg;C ~ 35&deg;C"
"gid://shopify/Product/1774401093702","flachesan1n10u-un","FlacheSAN1N10U-UN 1U 10 BAYS NVMe U.2 PCIE X4 SINGLE EPYC 500W HRP","global","720_Storage Temperature","string","-20&deg;C ~ 70&deg;C"
"gid://shopify/Product/1774401093702","flachesan1n10u-un","FlacheSAN1N10U-UN 1U 10 BAYS NVMe U.2 PCIE X4 SINGLE EPYC 500W HRP","global","730_Relative Humidity","string","5% ~ 95% relative humidity, non-condensing"
"gid://shopify/Product/1774401093702","flachesan1n10u-un","FlacheSAN1N10U-UN 1U 10 BAYS NVMe U.2 PCIE X4 SINGLE EPYC 500W HRP","global","800_Physical","string","Physical"
"gid://shopify/Product/1774401093702","flachesan1n10u-un","FlacheSAN1N10U-UN 1U 10 BAYS NVMe U.2 PCIE X4 SINGLE EPYC 500W HRP","global","810_Dimensions (W x H x D)","string","System: 27""x19""x1.75"" (LxWxH) Packaging: 35""x 24.5""x9""(LxWxH)"
"gid://shopify/Product/1774401093702","flachesan1n10u-un","FlacheSAN1N10U-UN 1U 10 BAYS NVMe U.2 PCIE X4 SINGLE EPYC 500W HRP","global","820_Weights","string","Gross Weight: 47lbs without Hard Drives Net Weight: 35lbs without Hard Drive"
"gid://shopify/Product/1774401093702","flachesan1n10u-un","FlacheSAN1N10U-UN 1U 10 BAYS NVMe U.2 PCIE X4 SINGLE EPYC 500W HRP","global","family","string","server"
"gid://shopify/Product/1774401093702","flachesan1n10u-un","FlacheSAN1N10U-UN 1U 10 BAYS NVMe U.2 PCIE X4 SINGLE EPYC 500W HRP","global","product series","string","FlacheStreams"
"gid://shopify/Product/1774401093702","flachesan1n10u-un","FlacheSAN1N10U-UN 1U 10 BAYS NVMe U.2 PCIE X4 SINGLE EPYC 500W HRP","global","title","string","FlacheSAN1N10U-UN"
"gid://shopify/Product/1774401093702","flachesan1n10u-un","FlacheSAN1N10U-UN 1U 10 BAYS NVMe U.2 PCIE X4 SINGLE EPYC 500W HRP","global","171_Driver Bays","string","10x 2.5"" hot-swap U.2 NVMe drive bays <br>2x internal M.2 NVMe for OS drives"
"gid://shopify/Product/1774401093702","flachesan1n10u-un","FlacheSAN1N10U-UN 1U 10 BAYS NVMe U.2 PCIE X4 SINGLE EPYC 500W HRP","global","220_Cooling","string","5x 40mm fans with Smart Fan Control"
"gid://shopify/Product/1774401093702","flachesan1n10u-un","FlacheSAN1N10U-UN 1U 10 BAYS NVMe U.2 PCIE X4 SINGLE EPYC 500W HRP","global","739_HTS Code","string","8473 30 5100"
"gid://shopify/Product/1774401093702","flachesan1n10u-un","FlacheSAN1N10U-UN 1U 10 BAYS NVMe U.2 PCIE X4 SINGLE EPYC 500W HRP","global","740_ECCN","string","4A994"
"gid://shopify/Product/1774401093702","flachesan1n10u-un","FlacheSAN1N10U-UN 1U 10 BAYS NVMe U.2 PCIE X4 SINGLE EPYC 500W HRP","global","741_Compliance","string","CE, FCC Class A, RoHS 6/6 compliant"
"gid://shopify/Product/1774401093702","flachesan1n10u-un","FlacheSAN1N10U-UN 1U 10 BAYS NVMe U.2 PCIE X4 SINGLE EPYC 500W HRP","global","resource_BIOS","string","Tyan S8026GM2NRE"
"gid://shopify/Product/1774401093702","flachesan1n10u-un","FlacheSAN1N10U-UN 1U 10 BAYS NVMe U.2 PCIE X4 SINGLE EPYC 500W HRP","global","resource_AVL","string","FlacheSAN1N10U-20U-UN-AVL"
"gid://shopify/Product/1774401093702","flachesan1n10u-un","FlacheSAN1N10U-UN 1U 10 BAYS NVMe U.2 PCIE X4 SINGLE EPYC 500W HRP","global","resource_Data Sheet","string","DS_FlacheSAN1N10U-UN_E"
"gid://shopify/Product/1774401093702","flachesan1n10u-un","FlacheSAN1N10U-UN 1U 10 BAYS NVMe U.2 PCIE X4 SINGLE EPYC 500W HRP","global","resource_Product Brief","string","PB-FlacheStreams_AMD_E"
"gid://shopify/Product/1774401093702","flachesan1n10u-un","FlacheSAN1N10U-UN 1U 10 BAYS NVMe U.2 PCIE X4 SINGLE EPYC 500W HRP","global","processor","string","AMD"
"gid://shopify/Product/3946267607110","flachesan1n10u-ur","FlacheSAN1N10U-UR 1U 10 BAYS NVMe U.2 PCIE X4 SINGLE 2ND GEN AMD EPYC 500W HRP","global","100_System","string","System"
"gid://shopify/Product/3946267607110","flachesan1n10u-ur","FlacheSAN1N10U-UR 1U 10 BAYS NVMe U.2 PCIE X4 SINGLE 2ND GEN AMD EPYC 500W HRP","global","110_Processor","string","Supports Single Socket AMD ROME &trade; up to 205W TDP socket SP3"
"gid://shopify/Product/3946267607110","flachesan1n10u-ur","FlacheSAN1N10U-UR 1U 10 BAYS NVMe U.2 PCIE X4 SINGLE 2ND GEN AMD EPYC 500W HRP","global","130_System Memory","string","Supports up to 16x DIMMs DDR4 2666/3200 MHz"
"gid://shopify/Product/3946267607110","flachesan1n10u-ur","FlacheSAN1N10U-UR 1U 10 BAYS NVMe U.2 PCIE X4 SINGLE 2ND GEN AMD EPYC 500W HRP","global","161_Network","string","2x 1GbE Broadcom BCM5720; 1x GbE dedicated for IPMI"
"gid://shopify/Product/3946267607110","flachesan1n10u-ur","FlacheSAN1N10U-UR 1U 10 BAYS NVMe U.2 PCIE X4 SINGLE 2ND GEN AMD EPYC 500W HRP","global","171_Driver Bays","string","10x 2.5&quot; hot-swap U.2 NVMe drive bays; 2x internal M.2 NVMe for OS drives"
"gid://shopify/Product/3946267607110","flachesan1n10u-ur","FlacheSAN1N10U-UR 1U 10 BAYS NVMe U.2 PCIE X4 SINGLE 2ND GEN AMD EPYC 500W HRP","global","220_Cooling","string","5x 40mm fans with Smart Fan Control"
"gid://shopify/Product/3946267607110","flachesan1n10u-ur","FlacheSAN1N10U-UR 1U 10 BAYS NVMe U.2 PCIE X4 SINGLE 2ND GEN AMD EPYC 500W HRP","global","305_Expansion","string","2x PCIe 3.0/4.0 x16; 1x PCIe 3.0/4.0 x16 OCP 2.0 Mezzanine "
"gid://shopify/Product/3946267607110","flachesan1n10u-ur","FlacheSAN1N10U-UR 1U 10 BAYS NVMe U.2 PCIE X4 SINGLE 2ND GEN AMD EPYC 500W HRP","global","700_Environment","string","Environment"
"gid://shopify/Product/3946267607110","flachesan1n10u-ur","FlacheSAN1N10U-UR 1U 10 BAYS NVMe U.2 PCIE X4 SINGLE 2ND GEN AMD EPYC 500W HRP","global","710_Operating Temperature","string","0&deg;C ~ 35&deg;C"
"gid://shopify/Product/3946267607110","flachesan1n10u-ur","FlacheSAN1N10U-UR 1U 10 BAYS NVMe U.2 PCIE X4 SINGLE 2ND GEN AMD EPYC 500W HRP","global","720_Storage Temperature","string","-20&deg;C ~ 70&deg;C"
"gid://shopify/Product/3946267607110","flachesan1n10u-ur","FlacheSAN1N10U-UR 1U 10 BAYS NVMe U.2 PCIE X4 SINGLE 2ND GEN AMD EPYC 500W HRP","global","730_Relative Humidity","string","5% ~ 95% relative humidity, non-condensing"
"gid://shopify/Product/3946267607110","flachesan1n10u-ur","FlacheSAN1N10U-UR 1U 10 BAYS NVMe U.2 PCIE X4 SINGLE 2ND GEN AMD EPYC 500W HRP","global","739_HTS Code","string","8473 30 5100"
"gid://shopify/Product/3946267607110","flachesan1n10u-ur","FlacheSAN1N10U-UR 1U 10 BAYS NVMe U.2 PCIE X4 SINGLE 2ND GEN AMD EPYC 500W HRP","global","740_ECCN","string","4A994"
"gid://shopify/Product/3946267607110","flachesan1n10u-ur","FlacheSAN1N10U-UR 1U 10 BAYS NVMe U.2 PCIE X4 SINGLE 2ND GEN AMD EPYC 500W HRP","global","741_Compliance","string","CE, FCC Class A, RoHS 6/6 compliant"
"gid://shopify/Product/3946267607110","flachesan1n10u-ur","FlacheSAN1N10U-UR 1U 10 BAYS NVMe U.2 PCIE X4 SINGLE 2ND GEN AMD EPYC 500W HRP","global","800_Physical","string","Physical"
"gid://shopify/Product/3946267607110","flachesan1n10u-ur","FlacheSAN1N10U-UR 1U 10 BAYS NVMe U.2 PCIE X4 SINGLE 2ND GEN AMD EPYC 500W HRP","global","810_Dimensions (W x H x D)","string","System: 27&quot;x19&quot;x1.75&quot; (LxWxH)
Packaging: 35&quot;x 24.5&quot;x9&quot;(LxWxH)"
"gid://shopify/Product/3946267607110","flachesan1n10u-ur","FlacheSAN1N10U-UR 1U 10 BAYS NVMe U.2 PCIE X4 SINGLE 2ND GEN AMD EPYC 500W HRP","global","820_Weights","string","Gross: 47lbs without drives; Net: 35lbs without drives"
"gid://shopify/Product/3946267607110","flachesan1n10u-ur","FlacheSAN1N10U-UR 1U 10 BAYS NVMe U.2 PCIE X4 SINGLE 2ND GEN AMD EPYC 500W HRP","global","family","string","server"
"gid://shopify/Product/3946267607110","flachesan1n10u-ur","FlacheSAN1N10U-UR 1U 10 BAYS NVMe U.2 PCIE X4 SINGLE 2ND GEN AMD EPYC 500W HRP","global","processor","string","AMD"
"gid://shopify/Product/3946267607110","flachesan1n10u-ur","FlacheSAN1N10U-UR 1U 10 BAYS NVMe U.2 PCIE X4 SINGLE 2ND GEN AMD EPYC 500W HRP","global","product series","string","FlacheStreams"
"gid://shopify/Product/3946267607110","flachesan1n10u-ur","FlacheSAN1N10U-UR 1U 10 BAYS NVMe U.2 PCIE X4 SINGLE 2ND GEN AMD EPYC 500W HRP","global","resource_Data Sheet","string","DS_FlacheSAN1N10U-UR_E"
"gid://shopify/Product/3946267607110","flachesan1n10u-ur","FlacheSAN1N10U-UR 1U 10 BAYS NVMe U.2 PCIE X4 SINGLE 2ND GEN AMD EPYC 500W HRP","global","title","string","FlacheSAN1N10U-UR"
"gid://shopify/Product/3946267607110","flachesan1n10u-ur","FlacheSAN1N10U-UR 1U 10 BAYS NVMe U.2 PCIE X4 SINGLE 2ND GEN AMD EPYC 500W HRP","global","501_Power","string","1+1 500W AC/DC or -48VDC/DC high efficiency Platinum redundant power supplies"
"gid://shopify/Product/3946267607110","flachesan1n10u-ur","FlacheSAN1N10U-UR 1U 10 BAYS NVMe U.2 PCIE X4 SINGLE 2ND GEN AMD EPYC 500W HRP","global","303_Back I/O","string","2x USB 3.0 ports; 1x VGA port(s); 1x COM Port; 2x 1GbE ports; 1x 1GbE MGMT"
"gid://shopify/Product/3946267607110","flachesan1n10u-ur","FlacheSAN1N10U-UR 1U 10 BAYS NVMe U.2 PCIE X4 SINGLE 2ND GEN AMD EPYC 500W HRP","global","302_Front I/O","string","Power On/Off switch & LED,  Locate switch & LED, Reset switch, System warning LED, 4x LAN LED"
"gid://shopify/Product/3946267607110","flachesan1n10u-ur","FlacheSAN1N10U-UR 1U 10 BAYS NVMe U.2 PCIE X4 SINGLE 2ND GEN AMD EPYC 500W HRP","global","299_Other Features","string","Dedicated GbE for IPMI 2.0 Aspeed AST2500 support Redfish DMTF RESTful API"
"gid://shopify/Product/3946267607110","flachesan1n10u-ur","FlacheSAN1N10U-UR 1U 10 BAYS NVMe U.2 PCIE X4 SINGLE 2ND GEN AMD EPYC 500W HRP","global","211_Supported OS","string","Microsoft Windows Server 64bit 2012.R2, 2016, Linux RHEL 6.9/7.3, SuSE SLES 11/12, Ubuntu 16.04.3 LTS VMWare vSphere 6.5, XenServer 7.0"
"gid://shopify/Product/3946267607110","flachesan1n10u-ur","FlacheSAN1N10U-UR 1U 10 BAYS NVMe U.2 PCIE X4 SINGLE 2ND GEN AMD EPYC 500W HRP","global","120_System Chipset","string","N/A"
"gid://shopify/Product/1774401650758","flachesan1n20u-un-1u-20-bays-nvme-u-2-7mm-single-epyc-500w-hrp","FlacheSAN1N20U-UN 1U 20 BAYS NVMe U.2 7MM SINGLE EPYC 500W HRP","global","100_System","string","System"
"gid://shopify/Product/1774401650758","flachesan1n20u-un-1u-20-bays-nvme-u-2-7mm-single-epyc-500w-hrp","FlacheSAN1N20U-UN 1U 20 BAYS NVMe U.2 7MM SINGLE EPYC 500W HRP","global","110_Processor","string","Supports Single Socket AMD EPYC (Naples) CPU up to 180W TDP socket SP3"
"gid://shopify/Product/1774401650758","flachesan1n20u-un-1u-20-bays-nvme-u-2-7mm-single-epyc-500w-hrp","FlacheSAN1N20U-UN 1U 20 BAYS NVMe U.2 7MM SINGLE EPYC 500W HRP","global","130_System Memory","string","Supports up to 16x DIMMs DDR4 RDIMM/RDIMM/LRDIMM 2666 MHz"
"gid://shopify/Product/1774401650758","flachesan1n20u-un-1u-20-bays-nvme-u-2-7mm-single-epyc-500w-hrp","FlacheSAN1N20U-UN 1U 20 BAYS NVMe U.2 7MM SINGLE EPYC 500W HRP","global","161_Network","string","2x 1GbE Broadcom BCM5720<br> 1x GbE dedicated for IPMI"
"gid://shopify/Product/1774401650758","flachesan1n20u-un-1u-20-bays-nvme-u-2-7mm-single-epyc-500w-hrp","FlacheSAN1N20U-UN 1U 20 BAYS NVMe U.2 7MM SINGLE EPYC 500W HRP","global","305_Expansion","string","1x PCI-E 3.0 x16 OCP 2.0 Mezzanine<br> 1x PCI-E 3.0 x16 Full Height <br>1x PCI-E 3.0 x16 Low Profile"
"gid://shopify/Product/1774401650758","flachesan1n20u-un-1u-20-bays-nvme-u-2-7mm-single-epyc-500w-hrp","FlacheSAN1N20U-UN 1U 20 BAYS NVMe U.2 7MM SINGLE EPYC 500W HRP","global","700_Environment","string","Environment"
"gid://shopify/Product/1774401650758","flachesan1n20u-un-1u-20-bays-nvme-u-2-7mm-single-epyc-500w-hrp","FlacheSAN1N20U-UN 1U 20 BAYS NVMe U.2 7MM SINGLE EPYC 500W HRP","global","710_Operating Temperature","string","0&deg;C ~ 35&deg;C"
"gid://shopify/Product/1774401650758","flachesan1n20u-un-1u-20-bays-nvme-u-2-7mm-single-epyc-500w-hrp","FlacheSAN1N20U-UN 1U 20 BAYS NVMe U.2 7MM SINGLE EPYC 500W HRP","global","720_Storage Temperature","string","-20&deg;C ~ 70&deg;C"
"gid://shopify/Product/1774401650758","flachesan1n20u-un-1u-20-bays-nvme-u-2-7mm-single-epyc-500w-hrp","FlacheSAN1N20U-UN 1U 20 BAYS NVMe U.2 7MM SINGLE EPYC 500W HRP","global","730_Relative Humidity","string","5% ~ 95% relative humidity, non-condensing"
"gid://shopify/Product/1774401650758","flachesan1n20u-un-1u-20-bays-nvme-u-2-7mm-single-epyc-500w-hrp","FlacheSAN1N20U-UN 1U 20 BAYS NVMe U.2 7MM SINGLE EPYC 500W HRP","global","800_Physical","string","Physical"
"gid://shopify/Product/1774401650758","flachesan1n20u-un-1u-20-bays-nvme-u-2-7mm-single-epyc-500w-hrp","FlacheSAN1N20U-UN 1U 20 BAYS NVMe U.2 7MM SINGLE EPYC 500W HRP","global","810_Dimensions (W x H x D)","string","System: 27""x19""x1.75"" (LxWxH) Packaging: 35""x 24.5""x9""(LxWxH)"
"gid://shopify/Product/1774401650758","flachesan1n20u-un-1u-20-bays-nvme-u-2-7mm-single-epyc-500w-hrp","FlacheSAN1N20U-UN 1U 20 BAYS NVMe U.2 7MM SINGLE EPYC 500W HRP","global","820_Weights","string","Gross Weight: 47lbs without Hard Drives Net Weight: 35lbs without Hard Drive"
"gid://shopify/Product/1774401650758","flachesan1n20u-un-1u-20-bays-nvme-u-2-7mm-single-epyc-500w-hrp","FlacheSAN1N20U-UN 1U 20 BAYS NVMe U.2 7MM SINGLE EPYC 500W HRP","global","family","string","server"
"gid://shopify/Product/1774401650758","flachesan1n20u-un-1u-20-bays-nvme-u-2-7mm-single-epyc-500w-hrp","FlacheSAN1N20U-UN 1U 20 BAYS NVMe U.2 7MM SINGLE EPYC 500W HRP","global","product series","string","FlacheStreams"
"gid://shopify/Product/1774401650758","flachesan1n20u-un-1u-20-bays-nvme-u-2-7mm-single-epyc-500w-hrp","FlacheSAN1N20U-UN 1U 20 BAYS NVMe U.2 7MM SINGLE EPYC 500W HRP","global","title","string","FlacheSAN1N20U-UN"
"gid://shopify/Product/1774401650758","flachesan1n20u-un-1u-20-bays-nvme-u-2-7mm-single-epyc-500w-hrp","FlacheSAN1N20U-UN 1U 20 BAYS NVMe U.2 7MM SINGLE EPYC 500W HRP","global","171_Driver Bays","string","10x 2.5"" hot-swap U.2 NVMe drive bays <br>2x internal M.2 NVMe for OS drives"
"gid://shopify/Product/1774401650758","flachesan1n20u-un-1u-20-bays-nvme-u-2-7mm-single-epyc-500w-hrp","FlacheSAN1N20U-UN 1U 20 BAYS NVMe U.2 7MM SINGLE EPYC 500W HRP","global","220_Cooling","string","5x 40mm fans with Smart Fan Control"
"gid://shopify/Product/1774401650758","flachesan1n20u-un-1u-20-bays-nvme-u-2-7mm-single-epyc-500w-hrp","FlacheSAN1N20U-UN 1U 20 BAYS NVMe U.2 7MM SINGLE EPYC 500W HRP","global","739_HTS Code","string","8473 30 5100"
"gid://shopify/Product/1774401650758","flachesan1n20u-un-1u-20-bays-nvme-u-2-7mm-single-epyc-500w-hrp","FlacheSAN1N20U-UN 1U 20 BAYS NVMe U.2 7MM SINGLE EPYC 500W HRP","global","740_ECCN","string","4A994"
"gid://shopify/Product/1774401650758","flachesan1n20u-un-1u-20-bays-nvme-u-2-7mm-single-epyc-500w-hrp","FlacheSAN1N20U-UN 1U 20 BAYS NVMe U.2 7MM SINGLE EPYC 500W HRP","global","741_Compliance","string","CE, FCC Class A, RoHS 6/6 compliant"
"gid://shopify/Product/1774401650758","flachesan1n20u-un-1u-20-bays-nvme-u-2-7mm-single-epyc-500w-hrp","FlacheSAN1N20U-UN 1U 20 BAYS NVMe U.2 7MM SINGLE EPYC 500W HRP","global","resource_BIOS","string","Tyan S8026GM2NRE"
"gid://shopify/Product/1774401650758","flachesan1n20u-un-1u-20-bays-nvme-u-2-7mm-single-epyc-500w-hrp","FlacheSAN1N20U-UN 1U 20 BAYS NVMe U.2 7MM SINGLE EPYC 500W HRP","global","resource_AVL","string","FlacheSAN1N10U-20U-UN-AVL"
"gid://shopify/Product/1774401650758","flachesan1n20u-un-1u-20-bays-nvme-u-2-7mm-single-epyc-500w-hrp","FlacheSAN1N20U-UN 1U 20 BAYS NVMe U.2 7MM SINGLE EPYC 500W HRP","global","resource_Data Sheet","string","DS_FlacheSAN1N20U-UN_E"
"gid://shopify/Product/1774401650758","flachesan1n20u-un-1u-20-bays-nvme-u-2-7mm-single-epyc-500w-hrp","FlacheSAN1N20U-UN 1U 20 BAYS NVMe U.2 7MM SINGLE EPYC 500W HRP","global","resource_Product Brief","string","PB-FlacheStreams_AMD_E"
"gid://shopify/Product/1774401650758","flachesan1n20u-un-1u-20-bays-nvme-u-2-7mm-single-epyc-500w-hrp","FlacheSAN1N20U-UN 1U 20 BAYS NVMe U.2 7MM SINGLE EPYC 500W HRP","global","processor","string","AMD"
"gid://shopify/Product/2023847755846","flachesan1n36m-un","FlacheSAN1N36M-UN AMD EPYC 36 bay NF1 NVMe 850W HRP PSU","global","title","string","FlacheSAN1N36M-UN"
"gid://shopify/Product/2023847755846","flachesan1n36m-un","FlacheSAN1N36M-UN AMD EPYC 36 bay NF1 NVMe 850W HRP PSU","global","resource_Data Sheet","string","DS-FlacheSAN1N36M-UN_E"
"gid://shopify/Product/2023847755846","flachesan1n36m-un","FlacheSAN1N36M-UN AMD EPYC 36 bay NF1 NVMe 850W HRP PSU","global","820_Weights","string","Gross: 50lbs without drives<br>Net: 35lbs without drives"
"gid://shopify/Product/2023847755846","flachesan1n36m-un","FlacheSAN1N36M-UN AMD EPYC 36 bay NF1 NVMe 850W HRP PSU","global","810_Dimensions (W x H x D)","string","System: 27.5”x19”x1.75” (LxWxH)<br>Packaging: 35”x 24.5”x9”(LxWxH)"
"gid://shopify/Product/2023847755846","flachesan1n36m-un","FlacheSAN1N36M-UN AMD EPYC 36 bay NF1 NVMe 850W HRP PSU","global","800_Physical","string","Physical"
"gid://shopify/Product/2023847755846","flachesan1n36m-un","FlacheSAN1N36M-UN AMD EPYC 36 bay NF1 NVMe 850W HRP PSU","global","741_Compliance","string","CE, FCC Class A, RoHS 6/6 compliant"
"gid://shopify/Product/2023847755846","flachesan1n36m-un","FlacheSAN1N36M-UN AMD EPYC 36 bay NF1 NVMe 850W HRP PSU","global","740_ECCN","string","4A994"
"gid://shopify/Product/2023847755846","flachesan1n36m-un","FlacheSAN1N36M-UN AMD EPYC 36 bay NF1 NVMe 850W HRP PSU","global","739_HTS Code","string","8473 30 5100"
"gid://shopify/Product/2023847755846","flachesan1n36m-un","FlacheSAN1N36M-UN AMD EPYC 36 bay NF1 NVMe 850W HRP PSU","global","730_Relative Humidity","string","5% ~ 95% relative humidity, non-condensing"
"gid://shopify/Product/2023847755846","flachesan1n36m-un","FlacheSAN1N36M-UN AMD EPYC 36 bay NF1 NVMe 850W HRP PSU","global","720_Storage Temperature","string","-20&deg;C ~ 70&deg;C"
"gid://shopify/Product/2023847755846","flachesan1n36m-un","FlacheSAN1N36M-UN AMD EPYC 36 bay NF1 NVMe 850W HRP PSU","global","710_Operating Temperature","string","0&deg;C ~ 35&deg;C"
"gid://shopify/Product/2023847755846","flachesan1n36m-un","FlacheSAN1N36M-UN AMD EPYC 36 bay NF1 NVMe 850W HRP PSU","global","700_Environment","string","Environment"
"gid://shopify/Product/2023847755846","flachesan1n36m-un","FlacheSAN1N36M-UN AMD EPYC 36 bay NF1 NVMe 850W HRP PSU","global","501_Power","string","1+1 850W AC/DC or -48VDC/DC high efficiency
redundant power supplies"
"gid://shopify/Product/2023847755846","flachesan1n36m-un","FlacheSAN1N36M-UN AMD EPYC 36 bay NF1 NVMe 850W HRP PSU","global","305_Expansion","string","2x PCIe Gen 3 x16 Full Height Half Length <br>1x PCIe Gen3 x16 OCP 2.0"
"gid://shopify/Product/2023847755846","flachesan1n36m-un","FlacheSAN1N36M-UN AMD EPYC 36 bay NF1 NVMe 850W HRP PSU","global","302_Front I/O","string","Power On/Off switch & LED <br> Locate switch & LED, NMI switch<br> 2x LAN LED"
"gid://shopify/Product/2023847755846","flachesan1n36m-un","FlacheSAN1N36M-UN AMD EPYC 36 bay NF1 NVMe 850W HRP PSU","global","301_I/O","string","2x USB 3.0 ports <br> 1x VGA port(s)<br> 1x COM Port<br> 2x 1GbE ports<br> 1x 1GbE MGMT"
"gid://shopify/Product/2023847755846","flachesan1n36m-un","FlacheSAN1N36M-UN AMD EPYC 36 bay NF1 NVMe 850W HRP PSU","global","220_Cooling","string","5x 40mm fans with Smart Fan Control"
"gid://shopify/Product/2023847755846","flachesan1n36m-un","FlacheSAN1N36M-UN AMD EPYC 36 bay NF1 NVMe 850W HRP PSU","global","211_Supported OS","string","Microsoft Windows Server 64bit 2012/R2<br>Windows
2016 64bit<br>Linux RHEL 7.4<br>SUSE 11 SP4 x64<br>
SUSE 12 SP2 x64<br> Ubuntu 16.04 x64<br> Ubuntu 17.04 x64"
"gid://shopify/Product/2023847755846","flachesan1n36m-un","FlacheSAN1N36M-UN AMD EPYC 36 bay NF1 NVMe 850W HRP PSU","global","171_Driver Bays","string","36x NF1 (M.3) NVMe drive bays <br>or 36x M.2
(2260/2280/22110) NVMe with adapter tray<br>
2x internal M.2 NVMe for OS drives"
"gid://shopify/Product/2023847755846","flachesan1n36m-un","FlacheSAN1N36M-UN AMD EPYC 36 bay NF1 NVMe 850W HRP PSU","global","130_System Memory","string","Supports up to 16x DIMMs DDR4 RDIMM/LRDIMM/NVDIMM 2667/2400 MHz"
"gid://shopify/Product/2023847755846","flachesan1n36m-un","FlacheSAN1N36M-UN AMD EPYC 36 bay NF1 NVMe 850W HRP PSU","global","110_Processor","string","Supports UP AMD EPYC (Naples) up to 180W TDP socket SP3"
"gid://shopify/Product/2023847755846","flachesan1n36m-un","FlacheSAN1N36M-UN AMD EPYC 36 bay NF1 NVMe 850W HRP PSU","global","100_System","string","System"
"gid://shopify/Product/2023847755846","flachesan1n36m-un","FlacheSAN1N36M-UN AMD EPYC 36 bay NF1 NVMe 850W HRP PSU","global","product series","string","FlacheStreams"
"gid://shopify/Product/2023847755846","flachesan1n36m-un","FlacheSAN1N36M-UN AMD EPYC 36 bay NF1 NVMe 850W HRP PSU","global","family","string","server"
"gid://shopify/Product/2023847755846","flachesan1n36m-un","FlacheSAN1N36M-UN AMD EPYC 36 bay NF1 NVMe 850W HRP PSU","global","resource_Product Brief","string","PB-FlacheStreams_AMD_E"
"gid://shopify/Product/2023847755846","flachesan1n36m-un","FlacheSAN1N36M-UN AMD EPYC 36 bay NF1 NVMe 850W HRP PSU","global","161_Network","string","2x GbE ports, 1x GbE dedicated for IPMI"
"gid://shopify/Product/2023847755846","flachesan1n36m-un","FlacheSAN1N36M-UN AMD EPYC 36 bay NF1 NVMe 850W HRP PSU","global","processor","string","AMD"
"gid://shopify/Product/3946250240070","flachesan1n36m-ur","FlacheSAN1N36M-UR 1U 36 BAYS NF1 NVMe 2ND GEN AMD EYPC 850W HRP PSU","global","100_System","string","System"
"gid://shopify/Product/3946250240070","flachesan1n36m-ur","FlacheSAN1N36M-UR 1U 36 BAYS NF1 NVMe 2ND GEN AMD EYPC 850W HRP PSU","global","110_Processor","string","Supports Single Socket AMD ROME &trade; up to 205W TDP socket SP3"
"gid://shopify/Product/3946250240070","flachesan1n36m-ur","FlacheSAN1N36M-UR 1U 36 BAYS NF1 NVMe 2ND GEN AMD EYPC 850W HRP PSU","global","130_System Memory","string","Supports up to 16x DIMMs DDR4 2666/3200 MHz"
"gid://shopify/Product/3946250240070","flachesan1n36m-ur","FlacheSAN1N36M-UR 1U 36 BAYS NF1 NVMe 2ND GEN AMD EYPC 850W HRP PSU","global","161_Network","string","2x GbE ports, 1x GbE dedicated for IPMI"
"gid://shopify/Product/3946250240070","flachesan1n36m-ur","FlacheSAN1N36M-UR 1U 36 BAYS NF1 NVMe 2ND GEN AMD EYPC 850W HRP PSU","global","171_Driver Bays","string","36x NF1 (M.3) NVMe drive bays or 36x M.2 (2260/2280/22110) NVMe with adapter tray; 2x internal M.2 NVMe for OS drives"
"gid://shopify/Product/3946250240070","flachesan1n36m-ur","FlacheSAN1N36M-UR 1U 36 BAYS NF1 NVMe 2ND GEN AMD EYPC 850W HRP PSU","global","211_Supported OS","string","Microsoft Windows Server 64bit 2012/R2, Windows 2016 64bit, Linux RHEL 7.4, SUSE 11 SP4 x64, SUSE 12 SP2 x64, Ubuntu 16.04 x64, Ubuntu 17.04 x64"
"gid://shopify/Product/3946250240070","flachesan1n36m-ur","FlacheSAN1N36M-UR 1U 36 BAYS NF1 NVMe 2ND GEN AMD EYPC 850W HRP PSU","global","220_Cooling","string","5x 40mm fans with Smart Fan Control"
"gid://shopify/Product/3946250240070","flachesan1n36m-ur","FlacheSAN1N36M-UR 1U 36 BAYS NF1 NVMe 2ND GEN AMD EYPC 850W HRP PSU","global","301_I/O","string","2x USB 3.0 ports <br> 1x VGA port(s)<br> 1x COM Port<br> 2x 1GbE ports<br> 1x 1GbE MGMT"
"gid://shopify/Product/3946250240070","flachesan1n36m-ur","FlacheSAN1N36M-UR 1U 36 BAYS NF1 NVMe 2ND GEN AMD EYPC 850W HRP PSU","global","302_Front I/O","string","Power On/Off switch & LED, Locate switch & LED,
NMI switch, 2x LAN LED"
"gid://shopify/Product/3946250240070","flachesan1n36m-ur","FlacheSAN1N36M-UR 1U 36 BAYS NF1 NVMe 2ND GEN AMD EYPC 850W HRP PSU","global","305_Expansion","string","2x PCIe 3.0/4.0 x16; 1x PCIe 3.0/4.0 x16 OCP 2.0 Mezzanine "
"gid://shopify/Product/3946250240070","flachesan1n36m-ur","FlacheSAN1N36M-UR 1U 36 BAYS NF1 NVMe 2ND GEN AMD EYPC 850W HRP PSU","global","501_Power","string","1+1 850W AC/DC or -48VDC/DC high efficiency redundant power supplies"
"gid://shopify/Product/3946250240070","flachesan1n36m-ur","FlacheSAN1N36M-UR 1U 36 BAYS NF1 NVMe 2ND GEN AMD EYPC 850W HRP PSU","global","700_Environment","string","Environment"
"gid://shopify/Product/3946250240070","flachesan1n36m-ur","FlacheSAN1N36M-UR 1U 36 BAYS NF1 NVMe 2ND GEN AMD EYPC 850W HRP PSU","global","710_Operating Temperature","string","0&deg;C ~ 35&deg;C"
"gid://shopify/Product/3946250240070","flachesan1n36m-ur","FlacheSAN1N36M-UR 1U 36 BAYS NF1 NVMe 2ND GEN AMD EYPC 850W HRP PSU","global","720_Storage Temperature","string","-20&deg;C ~ 70&deg;C"
"gid://shopify/Product/3946250240070","flachesan1n36m-ur","FlacheSAN1N36M-UR 1U 36 BAYS NF1 NVMe 2ND GEN AMD EYPC 850W HRP PSU","global","730_Relative Humidity","string","5% ~ 95% relative humidity, non-condensing"
"gid://shopify/Product/3946250240070","flachesan1n36m-ur","FlacheSAN1N36M-UR 1U 36 BAYS NF1 NVMe 2ND GEN AMD EYPC 850W HRP PSU","global","739_HTS Code","string","8473 30 5100"
"gid://shopify/Product/3946250240070","flachesan1n36m-ur","FlacheSAN1N36M-UR 1U 36 BAYS NF1 NVMe 2ND GEN AMD EYPC 850W HRP PSU","global","740_ECCN","string","4A994"
"gid://shopify/Product/3946250240070","flachesan1n36m-ur","FlacheSAN1N36M-UR 1U 36 BAYS NF1 NVMe 2ND GEN AMD EYPC 850W HRP PSU","global","741_Compliance","string","CE, FCC Class A, RoHS 6/6 compliant"
"gid://shopify/Product/3946250240070","flachesan1n36m-ur","FlacheSAN1N36M-UR 1U 36 BAYS NF1 NVMe 2ND GEN AMD EYPC 850W HRP PSU","global","800_Physical","string","Physical"
"gid://shopify/Product/3946250240070","flachesan1n36m-ur","FlacheSAN1N36M-UR 1U 36 BAYS NF1 NVMe 2ND GEN AMD EYPC 850W HRP PSU","global","810_Dimensions (W x H x D)","string","System: 27.5&quot;x19&quot;x1.75&quot; (LxWxH)
Packaging: 35&quot;x 24.5&quot;x9&quot;(LxWxH)"
"gid://shopify/Product/3946250240070","flachesan1n36m-ur","FlacheSAN1N36M-UR 1U 36 BAYS NF1 NVMe 2ND GEN AMD EYPC 850W HRP PSU","global","820_Weights","string","Gross: 50lbs without drives;
Net: 35lbs without drives"
"gid://shopify/Product/3946250240070","flachesan1n36m-ur","FlacheSAN1N36M-UR 1U 36 BAYS NF1 NVMe 2ND GEN AMD EYPC 850W HRP PSU","global","family","string","server"
"gid://shopify/Product/3946250240070","flachesan1n36m-ur","FlacheSAN1N36M-UR 1U 36 BAYS NF1 NVMe 2ND GEN AMD EYPC 850W HRP PSU","global","processor","string","AMD"
"gid://shopify/Product/3946250240070","flachesan1n36m-ur","FlacheSAN1N36M-UR 1U 36 BAYS NF1 NVMe 2ND GEN AMD EYPC 850W HRP PSU","global","product series","string","FlacheStreams"
"gid://shopify/Product/3946250240070","flachesan1n36m-ur","FlacheSAN1N36M-UR 1U 36 BAYS NF1 NVMe 2ND GEN AMD EYPC 850W HRP PSU","global","resource_Data Sheet","string","DS_FlacheSAN1N36M-UR_E"
"gid://shopify/Product/3946250240070","flachesan1n36m-ur","FlacheSAN1N36M-UR 1U 36 BAYS NF1 NVMe 2ND GEN AMD EYPC 850W HRP PSU","global","title","string","FlacheSAN1N36M-UR"
"gid://shopify/Product/3946250240070","flachesan1n36m-ur","FlacheSAN1N36M-UR 1U 36 BAYS NF1 NVMe 2ND GEN AMD EYPC 850W HRP PSU","global","299_Other Features","string","Dedicated GbE for IPMI 2.0"
"gid://shopify/Product/3946250240070","flachesan1n36m-ur","FlacheSAN1N36M-UR 1U 36 BAYS NF1 NVMe 2ND GEN AMD EYPC 850W HRP PSU","global","170_Storage","string","x48 lanes PCIe"
"gid://shopify/Product/3946250240070","flachesan1n36m-ur","FlacheSAN1N36M-UR 1U 36 BAYS NF1 NVMe 2ND GEN AMD EYPC 850W HRP PSU","global","120_System Chipset","string","N/A"
"gid://shopify/Product/1774402338886","flachesan2-d5-2u-48-bays-7mm-12g-sas-sata-ssd-dual-xeon-sp-full-height","FlacheSAN2-D5 2U 48 BAYS 7MM 12G SAS/SATA SSD DUAL XEON SP FULL HEIGHT","global","100_System","string","System"
"gid://shopify/Product/1774402338886","flachesan2-d5-2u-48-bays-7mm-12g-sas-sata-ssd-dual-xeon-sp-full-height","FlacheSAN2-D5 2U 48 BAYS 7MM 12G SAS/SATA SSD DUAL XEON SP FULL HEIGHT","global","110_Processor","string","Supports Dual Intel&reg; Xeon&reg; SP (Skylake) up to 205W TDP socket LGA3647"
"gid://shopify/Product/1774402338886","flachesan2-d5-2u-48-bays-7mm-12g-sas-sata-ssd-dual-xeon-sp-full-height","FlacheSAN2-D5 2U 48 BAYS 7MM 12G SAS/SATA SSD DUAL XEON SP FULL HEIGHT","global","120_System Chipset","string","Intel&reg; C624 chipset"
"gid://shopify/Product/1774402338886","flachesan2-d5-2u-48-bays-7mm-12g-sas-sata-ssd-dual-xeon-sp-full-height","FlacheSAN2-D5 2U 48 BAYS 7MM 12G SAS/SATA SSD DUAL XEON SP FULL HEIGHT","global","130_System Memory","string","Supports 24x DDR4 ECC RDIMM/LRDIMM 2133/2400/2666 MT/s"
"gid://shopify/Product/1774402338886","flachesan2-d5-2u-48-bays-7mm-12g-sas-sata-ssd-dual-xeon-sp-full-height","FlacheSAN2-D5 2U 48 BAYS 7MM 12G SAS/SATA SSD DUAL XEON SP FULL HEIGHT","global","170_Storage","string","4x 6G/12G SAS HBA/RAID controllers or 2x 12G SAS HBA/RAID controllers with optional dual 36ports 12G SAS Expanders"
"gid://shopify/Product/1774402338886","flachesan2-d5-2u-48-bays-7mm-12g-sas-sata-ssd-dual-xeon-sp-full-height","FlacheSAN2-D5 2U 48 BAYS 7MM 12G SAS/SATA SSD DUAL XEON SP FULL HEIGHT","global","305_Expansion","string","Supports up to total 7 PCIe slots; 1x SAS Mezz, 1x OCP module"
"gid://shopify/Product/1774402338886","flachesan2-d5-2u-48-bays-7mm-12g-sas-sata-ssd-dual-xeon-sp-full-height","FlacheSAN2-D5 2U 48 BAYS 7MM 12G SAS/SATA SSD DUAL XEON SP FULL HEIGHT","global","700_Environment","string","Environment"
"gid://shopify/Product/1774402338886","flachesan2-d5-2u-48-bays-7mm-12g-sas-sata-ssd-dual-xeon-sp-full-height","FlacheSAN2-D5 2U 48 BAYS 7MM 12G SAS/SATA SSD DUAL XEON SP FULL HEIGHT","global","710_Operating Temperature","string","0&deg;C ~ 35&deg;C"
"gid://shopify/Product/1774402338886","flachesan2-d5-2u-48-bays-7mm-12g-sas-sata-ssd-dual-xeon-sp-full-height","FlacheSAN2-D5 2U 48 BAYS 7MM 12G SAS/SATA SSD DUAL XEON SP FULL HEIGHT","global","720_Storage Temperature","string","-20&deg;C ~ 70&deg;C"
"gid://shopify/Product/1774402338886","flachesan2-d5-2u-48-bays-7mm-12g-sas-sata-ssd-dual-xeon-sp-full-height","FlacheSAN2-D5 2U 48 BAYS 7MM 12G SAS/SATA SSD DUAL XEON SP FULL HEIGHT","global","730_Relative Humidity","string","5% ~ 95% relative humidity, non-condensing"
"gid://shopify/Product/1774402338886","flachesan2-d5-2u-48-bays-7mm-12g-sas-sata-ssd-dual-xeon-sp-full-height","FlacheSAN2-D5 2U 48 BAYS 7MM 12G SAS/SATA SSD DUAL XEON SP FULL HEIGHT","global","800_Physical","string","Physical"
"gid://shopify/Product/1774402338886","flachesan2-d5-2u-48-bays-7mm-12g-sas-sata-ssd-dual-xeon-sp-full-height","FlacheSAN2-D5 2U 48 BAYS 7MM 12G SAS/SATA SSD DUAL XEON SP FULL HEIGHT","global","810_Dimensions (W x H x D)","string","System: 29""x19""x3.5"" (LxWxH); Packaging: 38.2""x 25""x11.1""(LxWxH)"
"gid://shopify/Product/1774402338886","flachesan2-d5-2u-48-bays-7mm-12g-sas-sata-ssd-dual-xeon-sp-full-height","FlacheSAN2-D5 2U 48 BAYS 7MM 12G SAS/SATA SSD DUAL XEON SP FULL HEIGHT","global","820_Weights","string","Gross: 25KG/55LBS; Net: 21.36KG/46LBS"
"gid://shopify/Product/1774402338886","flachesan2-d5-2u-48-bays-7mm-12g-sas-sata-ssd-dual-xeon-sp-full-height","FlacheSAN2-D5 2U 48 BAYS 7MM 12G SAS/SATA SSD DUAL XEON SP FULL HEIGHT","global","BACK-I/O","string","DB15 VGA, 2x RJ45 1GbE/10GbE, 1x RJ45 MGMT, 3x USB 3.0"
"gid://shopify/Product/1774402338886","flachesan2-d5-2u-48-bays-7mm-12g-sas-sata-ssd-dual-xeon-sp-full-height","FlacheSAN2-D5 2U 48 BAYS 7MM 12G SAS/SATA SSD DUAL XEON SP FULL HEIGHT","global","CPU","string","Supports Dual Intel® Xeon® SP Skylake up to 205W TDP socket LGA3647"
"gid://shopify/Product/1774402338886","flachesan2-d5-2u-48-bays-7mm-12g-sas-sata-ssd-dual-xeon-sp-full-height","FlacheSAN2-D5 2U 48 BAYS 7MM 12G SAS/SATA SSD DUAL XEON SP FULL HEIGHT","global","Data-Sheet","string","https://cdn.shopify.com/s/files/1/0028/7509/7153/t/6/assets/Premio-FlacheStreams-FlacheSAN2-D5-1528331617733.pdf?16611351386732112756"
"gid://shopify/Product/1774402338886","flachesan2-d5-2u-48-bays-7mm-12g-sas-sata-ssd-dual-xeon-sp-full-height","FlacheSAN2-D5 2U 48 BAYS 7MM 12G SAS/SATA SSD DUAL XEON SP FULL HEIGHT","global","ETHERNET","string","Dual Gbe (10GbT optional)"
"gid://shopify/Product/1774402338886","flachesan2-d5-2u-48-bays-7mm-12g-sas-sata-ssd-dual-xeon-sp-full-height","FlacheSAN2-D5 2U 48 BAYS 7MM 12G SAS/SATA SSD DUAL XEON SP FULL HEIGHT","global","EXPANSION","string","Supports up to total 7 PCIe slots, 1x SAS Mezz, 1x OCP module"
"gid://shopify/Product/1774402338886","flachesan2-d5-2u-48-bays-7mm-12g-sas-sata-ssd-dual-xeon-sp-full-height","FlacheSAN2-D5 2U 48 BAYS 7MM 12G SAS/SATA SSD DUAL XEON SP FULL HEIGHT","global","family","string","server"
"gid://shopify/Product/1774402338886","flachesan2-d5-2u-48-bays-7mm-12g-sas-sata-ssd-dual-xeon-sp-full-height","FlacheSAN2-D5 2U 48 BAYS 7MM 12G SAS/SATA SSD DUAL XEON SP FULL HEIGHT","global","FRONT-I/O","string","Power On/OFF with LED, reset Switch, NMI switch, Locate Switch with LED, 4x LAN LED, Warning LED"
"gid://shopify/Product/1774402338886","flachesan2-d5-2u-48-bays-7mm-12g-sas-sata-ssd-dual-xeon-sp-full-height","FlacheSAN2-D5 2U 48 BAYS 7MM 12G SAS/SATA SSD DUAL XEON SP FULL HEIGHT","global","POWER-INPUT","string","1+1 1000W AC/DC 80 Plus Redundant PSU; optional - 48V DC input availble upon request"
"gid://shopify/Product/1774402338886","flachesan2-d5-2u-48-bays-7mm-12g-sas-sata-ssd-dual-xeon-sp-full-height","FlacheSAN2-D5 2U 48 BAYS 7MM 12G SAS/SATA SSD DUAL XEON SP FULL HEIGHT","global","product series","string","FlacheStreams"
"gid://shopify/Product/1774402338886","flachesan2-d5-2u-48-bays-7mm-12g-sas-sata-ssd-dual-xeon-sp-full-height","FlacheSAN2-D5 2U 48 BAYS 7MM 12G SAS/SATA SSD DUAL XEON SP FULL HEIGHT","global","resource_Data Sheet","string","DS_FlacheSAN2-D5_E"
"gid://shopify/Product/1774402338886","flachesan2-d5-2u-48-bays-7mm-12g-sas-sata-ssd-dual-xeon-sp-full-height","FlacheSAN2-D5 2U 48 BAYS 7MM 12G SAS/SATA SSD DUAL XEON SP FULL HEIGHT","global","STORAGE","string","4x 6G/12G SAS HBA/RAID controllers or 2x 12G SAS HBA/RAID controllers with optional dual 36ports 12G SAS Expanders "
"gid://shopify/Product/1774402338886","flachesan2-d5-2u-48-bays-7mm-12g-sas-sata-ssd-dual-xeon-sp-full-height","FlacheSAN2-D5 2U 48 BAYS 7MM 12G SAS/SATA SSD DUAL XEON SP FULL HEIGHT","global","SYSTEM-CHIPSET","string","Intel® C624 chipset"
"gid://shopify/Product/1774402338886","flachesan2-d5-2u-48-bays-7mm-12g-sas-sata-ssd-dual-xeon-sp-full-height","FlacheSAN2-D5 2U 48 BAYS 7MM 12G SAS/SATA SSD DUAL XEON SP FULL HEIGHT","global","SYSTEM-MEMORY","string","Supports 24x DDR4 ECC RDIMM/LRDIMM 2133/2400/2666 MT/s "
"gid://shopify/Product/1774402338886","flachesan2-d5-2u-48-bays-7mm-12g-sas-sata-ssd-dual-xeon-sp-full-height","FlacheSAN2-D5 2U 48 BAYS 7MM 12G SAS/SATA SSD DUAL XEON SP FULL HEIGHT","global","title","string","FlacheSAN2-D5"
"gid://shopify/Product/1774402338886","flachesan2-d5-2u-48-bays-7mm-12g-sas-sata-ssd-dual-xeon-sp-full-height","FlacheSAN2-D5 2U 48 BAYS 7MM 12G SAS/SATA SSD DUAL XEON SP FULL HEIGHT","global","171_Driver Bays","string","48x front hot-swap 2.5"" 7mm 6G SATA drive bays; 4x rear hot-swap 2.5"" 7mm 6G SATA bays"
"gid://shopify/Product/1774402338886","flachesan2-d5-2u-48-bays-7mm-12g-sas-sata-ssd-dual-xeon-sp-full-height","FlacheSAN2-D5 2U 48 BAYS 7MM 12G SAS/SATA SSD DUAL XEON SP FULL HEIGHT","global","220_Cooling","string","4x 80mm high speed fans"
"gid://shopify/Product/1774402338886","flachesan2-d5-2u-48-bays-7mm-12g-sas-sata-ssd-dual-xeon-sp-full-height","FlacheSAN2-D5 2U 48 BAYS 7MM 12G SAS/SATA SSD DUAL XEON SP FULL HEIGHT","global","739_HTS Code","string","8473 30 5100"
"gid://shopify/Product/1774402338886","flachesan2-d5-2u-48-bays-7mm-12g-sas-sata-ssd-dual-xeon-sp-full-height","FlacheSAN2-D5 2U 48 BAYS 7MM 12G SAS/SATA SSD DUAL XEON SP FULL HEIGHT","global","740_ECCN","string","4A994"
"gid://shopify/Product/1774402338886","flachesan2-d5-2u-48-bays-7mm-12g-sas-sata-ssd-dual-xeon-sp-full-height","FlacheSAN2-D5 2U 48 BAYS 7MM 12G SAS/SATA SSD DUAL XEON SP FULL HEIGHT","global","741_Compliance","string","CE, FCC Class A, RoHS 6/6 compliant"
"gid://shopify/Product/1774402338886","flachesan2-d5-2u-48-bays-7mm-12g-sas-sata-ssd-dual-xeon-sp-full-height","FlacheSAN2-D5 2U 48 BAYS 7MM 12G SAS/SATA SSD DUAL XEON SP FULL HEIGHT","global","AVL","string","https://cdn.shopify.com/s/files/1/0028/7509/7153/t/6/assets/FlacheSAN2-D5-AVL-1528331617746.pdf?16611351386732112756"
"gid://shopify/Product/1774402338886","flachesan2-d5-2u-48-bays-7mm-12g-sas-sata-ssd-dual-xeon-sp-full-height","FlacheSAN2-D5 2U 48 BAYS 7MM 12G SAS/SATA SSD DUAL XEON SP FULL HEIGHT","global","Compliance","string","CE, FCC Class A, RoHS 6/6 compliant"
"gid://shopify/Product/1774402338886","flachesan2-d5-2u-48-bays-7mm-12g-sas-sata-ssd-dual-xeon-sp-full-height","FlacheSAN2-D5 2U 48 BAYS 7MM 12G SAS/SATA SSD DUAL XEON SP FULL HEIGHT","global","Cooling","string","4x 80mm cooling fans"
"gid://shopify/Product/1774402338886","flachesan2-d5-2u-48-bays-7mm-12g-sas-sata-ssd-dual-xeon-sp-full-height","FlacheSAN2-D5 2U 48 BAYS 7MM 12G SAS/SATA SSD DUAL XEON SP FULL HEIGHT","global","DIMENSIONS","string","System: 29”x19”x3.5” (LxWxH); Packaging: 38.2”x 25”x11.1”(LxWxH)"
"gid://shopify/Product/1774402338886","flachesan2-d5-2u-48-bays-7mm-12g-sas-sata-ssd-dual-xeon-sp-full-height","FlacheSAN2-D5 2U 48 BAYS 7MM 12G SAS/SATA SSD DUAL XEON SP FULL HEIGHT","global","Drive-Bays","string","48x front hot-swap 2.5” 7mm 6G SATA drive bays; 4x rear hot-swap 2.5” 7mm 6G SATA bays"
"gid://shopify/Product/1774402338886","flachesan2-d5-2u-48-bays-7mm-12g-sas-sata-ssd-dual-xeon-sp-full-height","FlacheSAN2-D5 2U 48 BAYS 7MM 12G SAS/SATA SSD DUAL XEON SP FULL HEIGHT","global","Environmental","string","Operating Temperature: 0°C to 35°C Non-Operating Temperature: -20°C to 70°C Humidity: 5% to 95% non-condensing"
"gid://shopify/Product/1774402338886","flachesan2-d5-2u-48-bays-7mm-12g-sas-sata-ssd-dual-xeon-sp-full-height","FlacheSAN2-D5 2U 48 BAYS 7MM 12G SAS/SATA SSD DUAL XEON SP FULL HEIGHT","global","Install-Guide","string","https://cdn.shopify.com/s/files/1/0028/7509/7153/t/6/assets/FlacheSAN2-D5-Quick-Guide-v1.00-1528331617756.pdf?1035090353685162061"
"gid://shopify/Product/1774402338886","flachesan2-d5-2u-48-bays-7mm-12g-sas-sata-ssd-dual-xeon-sp-full-height","FlacheSAN2-D5 2U 48 BAYS 7MM 12G SAS/SATA SSD DUAL XEON SP FULL HEIGHT","global","Logistic","string","HTS Code: 8473 30 5100; ECCN: 4A994"
"gid://shopify/Product/1774402338886","flachesan2-d5-2u-48-bays-7mm-12g-sas-sata-ssd-dual-xeon-sp-full-height","FlacheSAN2-D5 2U 48 BAYS 7MM 12G SAS/SATA SSD DUAL XEON SP FULL HEIGHT","global","Ordering-Info","string","BB2482FD5IT16-A - 2U 48 BAYS 7MM 12G SAS/SATA SSD DUAL XEON SP FULL HEIGHT SLOTS 800W HRP"
"gid://shopify/Product/1774402338886","flachesan2-d5-2u-48-bays-7mm-12g-sas-sata-ssd-dual-xeon-sp-full-height","FlacheSAN2-D5 2U 48 BAYS 7MM 12G SAS/SATA SSD DUAL XEON SP FULL HEIGHT","global","Product-Brief","string","https://cdn.shopify.com/s/files/1/0028/7509/7153/t/6/assets/FlacheStreams_Intel_ProductBrief_Premio-1528328966686.pdf?6427295639994230946"
"gid://shopify/Product/1774402338886","flachesan2-d5-2u-48-bays-7mm-12g-sas-sata-ssd-dual-xeon-sp-full-height","FlacheSAN2-D5 2U 48 BAYS 7MM 12G SAS/SATA SSD DUAL XEON SP FULL HEIGHT","global","resource_AVL","string","FlacheSAN2-D5-AVL"
"gid://shopify/Product/1774402338886","flachesan2-d5-2u-48-bays-7mm-12g-sas-sata-ssd-dual-xeon-sp-full-height","FlacheSAN2-D5 2U 48 BAYS 7MM 12G SAS/SATA SSD DUAL XEON SP FULL HEIGHT","global","resource_BIOS","string","Intel S2600WF0"
"gid://shopify/Product/1774402338886","flachesan2-d5-2u-48-bays-7mm-12g-sas-sata-ssd-dual-xeon-sp-full-height","FlacheSAN2-D5 2U 48 BAYS 7MM 12G SAS/SATA SSD DUAL XEON SP FULL HEIGHT","global","resource_Install Guide","string","FlacheSAN2-D5-QG"
"gid://shopify/Product/1774402338886","flachesan2-d5-2u-48-bays-7mm-12g-sas-sata-ssd-dual-xeon-sp-full-height","FlacheSAN2-D5 2U 48 BAYS 7MM 12G SAS/SATA SSD DUAL XEON SP FULL HEIGHT","global","Supported-OS","string","Windows 2012 R2, RHEL 6.5, SLES 11 SP3, Windows 208 R2, VMWare ESXi 5.5, FreeBSD 9.2 Centos 6.5; For other OS please contact us"
"gid://shopify/Product/1774402338886","flachesan2-d5-2u-48-bays-7mm-12g-sas-sata-ssd-dual-xeon-sp-full-height","FlacheSAN2-D5 2U 48 BAYS 7MM 12G SAS/SATA SSD DUAL XEON SP FULL HEIGHT","global","WEIGHT","string","Gross: 25KG/55LBS; Net: 21.36KG/46LBS"
"gid://shopify/Product/1774402338886","flachesan2-d5-2u-48-bays-7mm-12g-sas-sata-ssd-dual-xeon-sp-full-height","FlacheSAN2-D5 2U 48 BAYS 7MM 12G SAS/SATA SSD DUAL XEON SP FULL HEIGHT","global","resource_Product Brief","string","PB-FlacheStreams_Intel_E"
"gid://shopify/Product/1774402338886","flachesan2-d5-2u-48-bays-7mm-12g-sas-sata-ssd-dual-xeon-sp-full-height","FlacheSAN2-D5 2U 48 BAYS 7MM 12G SAS/SATA SSD DUAL XEON SP FULL HEIGHT","global","processor","string","Intel"
"gid://shopify/Product/2072814092358","flachesan2n108m-d5","FlacheSAN2N108M-D5 2U with 108x hot-swappable Intel® EDSFF (E1.L) NVMe SSD bays","global","title","string","FlacheSAN2N108M-D5"
"gid://shopify/Product/2072814092358","flachesan2n108m-d5","FlacheSAN2N108M-D5 2U with 108x hot-swappable Intel® EDSFF (E1.L) NVMe SSD bays","global","resource_Data Sheet","string","DS_FlacheSAN2N108M-D5_E"
"gid://shopify/Product/2072814092358","flachesan2n108m-d5","FlacheSAN2N108M-D5 2U with 108x hot-swappable Intel® EDSFF (E1.L) NVMe SSD bays","global","810_Dimensions (W x H x D)","string","System: 37”x17.16”x3.5” (LxWxH)"
"gid://shopify/Product/2072814092358","flachesan2n108m-d5","FlacheSAN2N108M-D5 2U with 108x hot-swappable Intel® EDSFF (E1.L) NVMe SSD bays","global","800_Physical","string","Physical"
"gid://shopify/Product/2072814092358","flachesan2n108m-d5","FlacheSAN2N108M-D5 2U with 108x hot-swappable Intel® EDSFF (E1.L) NVMe SSD bays","global","741_Compliance","string","CE, FCC Class A, RoHS 6/6 compliant"
"gid://shopify/Product/2072814092358","flachesan2n108m-d5","FlacheSAN2N108M-D5 2U with 108x hot-swappable Intel® EDSFF (E1.L) NVMe SSD bays","global","740_ECCN","string","4A994"
"gid://shopify/Product/2072814092358","flachesan2n108m-d5","FlacheSAN2N108M-D5 2U with 108x hot-swappable Intel® EDSFF (E1.L) NVMe SSD bays","global","739_HTS Code","string","8473 30 5100"
"gid://shopify/Product/2072814092358","flachesan2n108m-d5","FlacheSAN2N108M-D5 2U with 108x hot-swappable Intel® EDSFF (E1.L) NVMe SSD bays","global","730_Relative Humidity","string","5% ~ 95% relative humidity, non-condensing"
"gid://shopify/Product/2072814092358","flachesan2n108m-d5","FlacheSAN2N108M-D5 2U with 108x hot-swappable Intel® EDSFF (E1.L) NVMe SSD bays","global","720_Storage Temperature","string","-20&deg;C ~ 70&deg;C"
"gid://shopify/Product/2072814092358","flachesan2n108m-d5","FlacheSAN2N108M-D5 2U with 108x hot-swappable Intel® EDSFF (E1.L) NVMe SSD bays","global","710_Operating Temperature","string","0&deg;C ~ 35&deg;C"
"gid://shopify/Product/2072814092358","flachesan2n108m-d5","FlacheSAN2N108M-D5 2U with 108x hot-swappable Intel® EDSFF (E1.L) NVMe SSD bays","global","700_Environment","string","Environment"
"gid://shopify/Product/2072814092358","flachesan2n108m-d5","FlacheSAN2N108M-D5 2U with 108x hot-swappable Intel® EDSFF (E1.L) NVMe SSD bays","global","305_Expansion","string","(2) PCIe3 x16 FH/FL + (1) PCIe3 x16 OCP 2.0"
"gid://shopify/Product/2072814092358","flachesan2n108m-d5","FlacheSAN2N108M-D5 2U with 108x hot-swappable Intel® EDSFF (E1.L) NVMe SSD bays","global","302_Front I/O","string","Power On/Off switch <br> LED, Locate switch <br>LED, NMI switch<br> 2x LAN LED"
"gid://shopify/Product/2072814092358","flachesan2n108m-d5","FlacheSAN2N108M-D5 2U with 108x hot-swappable Intel® EDSFF (E1.L) NVMe SSD bays","global","301_I/O","string","2x USB 3.0 ports<br> 1x VGA port(s)<br> 1x COM
Port<br> 2x 1GbE ports<br. 1x 1GbE MGMT"
"gid://shopify/Product/2072814092358","flachesan2n108m-d5","FlacheSAN2N108M-D5 2U with 108x hot-swappable Intel® EDSFF (E1.L) NVMe SSD bays","global","299_Other Features","string","Dedicated GbE for IPMI 2.0"
"gid://shopify/Product/2072814092358","flachesan2n108m-d5","FlacheSAN2N108M-D5 2U with 108x hot-swappable Intel® EDSFF (E1.L) NVMe SSD bays","global","220_Cooling","string","4x 80x38mm High-Pressure cooling fans"
"gid://shopify/Product/2072814092358","flachesan2n108m-d5","FlacheSAN2N108M-D5 2U with 108x hot-swappable Intel® EDSFF (E1.L) NVMe SSD bays","global","211_Supported OS","string","Microsoft Windows Server 64bit 2012/R2 <br>Windows 2016 64bit<br> Linux RHEL 7.4<br> SUSE 11 SP4 x64<br> SUSE 12 SP2 x64<br> Ubuntu 16.04 x64<br> Ubuntu 17.04 x64"
"gid://shopify/Product/2072814092358","flachesan2n108m-d5","FlacheSAN2N108M-D5 2U with 108x hot-swappable Intel® EDSFF (E1.L) NVMe SSD bays","global","171_Driver Bays","string","108x Hot-swappable EDSFF (EL.1) NVMe drive bays<br>2x internal M.2 NVMe for OS drives"
"gid://shopify/Product/2072814092358","flachesan2n108m-d5","FlacheSAN2N108M-D5 2U with 108x hot-swappable Intel® EDSFF (E1.L) NVMe SSD bays","global","161_Network","string","2x GbE ports, 1x GbE dedicated for IPMI"
"gid://shopify/Product/2072814092358","flachesan2n108m-d5","FlacheSAN2N108M-D5 2U with 108x hot-swappable Intel® EDSFF (E1.L) NVMe SSD bays","global","130_System Memory","string","Supports up to 16x DIMMs DDR4 <br>RDIMM/RDIMM/LRDIMM 2666/2400 "
"gid://shopify/Product/2072814092358","flachesan2n108m-d5","FlacheSAN2N108M-D5 2U with 108x hot-swappable Intel® EDSFF (E1.L) NVMe SSD bays","global","110_Processor","string","Intel® Dual Processor Xeon Scalable Processors up to 205W"
"gid://shopify/Product/2072814092358","flachesan2n108m-d5","FlacheSAN2N108M-D5 2U with 108x hot-swappable Intel® EDSFF (E1.L) NVMe SSD bays","global","100_System","string","System"
"gid://shopify/Product/2072814092358","flachesan2n108m-d5","FlacheSAN2N108M-D5 2U with 108x hot-swappable Intel® EDSFF (E1.L) NVMe SSD bays","global","processor","string","Intel"
"gid://shopify/Product/2072814092358","flachesan2n108m-d5","FlacheSAN2N108M-D5 2U with 108x hot-swappable Intel® EDSFF (E1.L) NVMe SSD bays","global","product series","string","FlacheStreams"
"gid://shopify/Product/2072814092358","flachesan2n108m-d5","FlacheSAN2N108M-D5 2U with 108x hot-swappable Intel® EDSFF (E1.L) NVMe SSD bays","global","family","string","server"
"gid://shopify/Product/2072815665222","flachesan2n108m-un","FlacheSAN2N108M-UN  2U with 108x hot-swappable Intel® EDSFF (E1.L) NVMe SSD bays","global","resource_Data Sheet","string","DS_FlacheSAN2N108M-UN_E"
"gid://shopify/Product/2072815665222","flachesan2n108m-un","FlacheSAN2N108M-UN  2U with 108x hot-swappable Intel® EDSFF (E1.L) NVMe SSD bays","global","810_Dimensions (W x H x D)","string","System: 37”x17.16”x3.5” (LxWxH)"
"gid://shopify/Product/2072815665222","flachesan2n108m-un","FlacheSAN2N108M-UN  2U with 108x hot-swappable Intel® EDSFF (E1.L) NVMe SSD bays","global","800_Physical","string","Physical"
"gid://shopify/Product/2072815665222","flachesan2n108m-un","FlacheSAN2N108M-UN  2U with 108x hot-swappable Intel® EDSFF (E1.L) NVMe SSD bays","global","741_Compliance","string","CE, FCC Class A, RoHS 6/6 compliant"
"gid://shopify/Product/2072815665222","flachesan2n108m-un","FlacheSAN2N108M-UN  2U with 108x hot-swappable Intel® EDSFF (E1.L) NVMe SSD bays","global","740_ECCN","string","4A994"
"gid://shopify/Product/2072815665222","flachesan2n108m-un","FlacheSAN2N108M-UN  2U with 108x hot-swappable Intel® EDSFF (E1.L) NVMe SSD bays","global","739_HTS Code","string","8473 30 5100"
"gid://shopify/Product/2072815665222","flachesan2n108m-un","FlacheSAN2N108M-UN  2U with 108x hot-swappable Intel® EDSFF (E1.L) NVMe SSD bays","global","730_Relative Humidity","string","5% ~ 95% relative humidity, non-condensing"
"gid://shopify/Product/2072815665222","flachesan2n108m-un","FlacheSAN2N108M-UN  2U with 108x hot-swappable Intel® EDSFF (E1.L) NVMe SSD bays","global","720_Storage Temperature","string","-20&deg;C ~ 70&deg;C"
"gid://shopify/Product/2072815665222","flachesan2n108m-un","FlacheSAN2N108M-UN  2U with 108x hot-swappable Intel® EDSFF (E1.L) NVMe SSD bays","global","710_Operating Temperature","string","0&deg;C ~ 35&deg;C"
"gid://shopify/Product/2072815665222","flachesan2n108m-un","FlacheSAN2N108M-UN  2U with 108x hot-swappable Intel® EDSFF (E1.L) NVMe SSD bays","global","700_Environment","string","Environment"
"gid://shopify/Product/2072815665222","flachesan2n108m-un","FlacheSAN2N108M-UN  2U with 108x hot-swappable Intel® EDSFF (E1.L) NVMe SSD bays","global","305_Expansion","string","(2) PCIe3 x16 FH/FL + (1) PCIe3 x16 OCP 2.0"
"gid://shopify/Product/2072815665222","flachesan2n108m-un","FlacheSAN2N108M-UN  2U with 108x hot-swappable Intel® EDSFF (E1.L) NVMe SSD bays","global","302_Front I/O","string","Power On/Off switch <br> LED, Locate switch <br>LED, NMI switch<br> 2x LAN LED"
"gid://shopify/Product/2072815665222","flachesan2n108m-un","FlacheSAN2N108M-UN  2U with 108x hot-swappable Intel® EDSFF (E1.L) NVMe SSD bays","global","301_I/O","string","2x USB 3.0 ports<br> 1x VGA port(s)<br> 1x COM
Port<br> 2x 1GbE ports<br. 1x 1GbE MGMT"
"gid://shopify/Product/2072815665222","flachesan2n108m-un","FlacheSAN2N108M-UN  2U with 108x hot-swappable Intel® EDSFF (E1.L) NVMe SSD bays","global","299_Other Features","string","Dedicated GbE for IPMI 2.0"
"gid://shopify/Product/2072815665222","flachesan2n108m-un","FlacheSAN2N108M-UN  2U with 108x hot-swappable Intel® EDSFF (E1.L) NVMe SSD bays","global","220_Cooling","string","4x 80x38mm High-Pressure cooling fans"
"gid://shopify/Product/2072815665222","flachesan2n108m-un","FlacheSAN2N108M-UN  2U with 108x hot-swappable Intel® EDSFF (E1.L) NVMe SSD bays","global","211_Supported OS","string","Microsoft Windows Server 64bit 2012/R2 <br>Windows 2016 64bit<br> Linux RHEL 7.4<br> SUSE 11 SP4 x64<br> SUSE 12 SP2 x64<br> Ubuntu 16.04 x64<br> Ubuntu 17.04 x64"
"gid://shopify/Product/2072815665222","flachesan2n108m-un","FlacheSAN2N108M-UN  2U with 108x hot-swappable Intel® EDSFF (E1.L) NVMe SSD bays","global","171_Driver Bays","string","108x Hot-swappable EDSFF (EL.1) NVMe drive bays<br>2x internal M.2 NVMe for OS drives"
"gid://shopify/Product/2072815665222","flachesan2n108m-un","FlacheSAN2N108M-UN  2U with 108x hot-swappable Intel® EDSFF (E1.L) NVMe SSD bays","global","161_Network","string","2x GbE ports, 1x GbE dedicated for IPMI"
"gid://shopify/Product/2072815665222","flachesan2n108m-un","FlacheSAN2N108M-UN  2U with 108x hot-swappable Intel® EDSFF (E1.L) NVMe SSD bays","global","130_System Memory","string","Supports up to 16x DIMMs DDR4 <br>RDIMM/RDIMM/LRDIMM 2666/2400 "
"gid://shopify/Product/2072815665222","flachesan2n108m-un","FlacheSAN2N108M-UN  2U with 108x hot-swappable Intel® EDSFF (E1.L) NVMe SSD bays","global","110_Processor","string","Supports Single Socket AMD EPYC (Naples) CPU up to 180W TDP socket SP3"
"gid://shopify/Product/2072815665222","flachesan2n108m-un","FlacheSAN2N108M-UN  2U with 108x hot-swappable Intel® EDSFF (E1.L) NVMe SSD bays","global","100_System","string","System"
"gid://shopify/Product/2072815665222","flachesan2n108m-un","FlacheSAN2N108M-UN  2U with 108x hot-swappable Intel® EDSFF (E1.L) NVMe SSD bays","global","processor","string","AMD"
"gid://shopify/Product/2072815665222","flachesan2n108m-un","FlacheSAN2N108M-UN  2U with 108x hot-swappable Intel® EDSFF (E1.L) NVMe SSD bays","global","product series","string","FlacheStreams"
"gid://shopify/Product/2072815665222","flachesan2n108m-un","FlacheSAN2N108M-UN  2U with 108x hot-swappable Intel® EDSFF (E1.L) NVMe SSD bays","global","family","string","server"
"gid://shopify/Product/2072815665222","flachesan2n108m-un","FlacheSAN2N108M-UN  2U with 108x hot-swappable Intel® EDSFF (E1.L) NVMe SSD bays","global","title","string","FlacheSAN2N108M-UN "
"gid://shopify/Product/1774402732102","flachesan2n12c-d5-2u-12-nvme-add-in-card-pcie-x8-dual-xeon-sp","FlacheSAN2N12C-D5 2U 12 NVMe Add-In-Card PCIE x8 Dual Xeon SP","global","100_System","string","System"
"gid://shopify/Product/1774402732102","flachesan2n12c-d5-2u-12-nvme-add-in-card-pcie-x8-dual-xeon-sp","FlacheSAN2N12C-D5 2U 12 NVMe Add-In-Card PCIE x8 Dual Xeon SP","global","110_Processor","string","Supports Dual Intel&reg; Xeon&reg; SP (Skylake) up to 205W TDP socket LGA3647"
"gid://shopify/Product/1774402732102","flachesan2n12c-d5-2u-12-nvme-add-in-card-pcie-x8-dual-xeon-sp","FlacheSAN2N12C-D5 2U 12 NVMe Add-In-Card PCIE x8 Dual Xeon SP","global","120_System Chipset","string","Intel&reg; C621 chipset"
"gid://shopify/Product/1774402732102","flachesan2n12c-d5-2u-12-nvme-add-in-card-pcie-x8-dual-xeon-sp","FlacheSAN2N12C-D5 2U 12 NVMe Add-In-Card PCIE x8 Dual Xeon SP","global","130_System Memory","string","Supports 16x DDR4 ECC RDIMM/LRDIMM 2133/2400/2666MT/s max. 2TB capacity"
"gid://shopify/Product/1774402732102","flachesan2n12c-d5-2u-12-nvme-add-in-card-pcie-x8-dual-xeon-sp","FlacheSAN2N12C-D5 2U 12 NVMe Add-In-Card PCIE x8 Dual Xeon SP","global","170_Storage","string","12x Low Profile Front Hot-Swappable PCIe3 x8 NVMe Add-in-Card"
"gid://shopify/Product/1774402732102","flachesan2n12c-d5-2u-12-nvme-add-in-card-pcie-x8-dual-xeon-sp","FlacheSAN2N12C-D5 2U 12 NVMe Add-In-Card PCIE x8 Dual Xeon SP","global","700_Environment","string","Environment"
"gid://shopify/Product/1774402732102","flachesan2n12c-d5-2u-12-nvme-add-in-card-pcie-x8-dual-xeon-sp","FlacheSAN2N12C-D5 2U 12 NVMe Add-In-Card PCIE x8 Dual Xeon SP","global","710_Operating Temperature","string","0&deg;C ~ 35&deg;C"
"gid://shopify/Product/1774402732102","flachesan2n12c-d5-2u-12-nvme-add-in-card-pcie-x8-dual-xeon-sp","FlacheSAN2N12C-D5 2U 12 NVMe Add-In-Card PCIE x8 Dual Xeon SP","global","720_Storage Temperature","string","-20&deg;C ~ 70&deg;C"
"gid://shopify/Product/1774402732102","flachesan2n12c-d5-2u-12-nvme-add-in-card-pcie-x8-dual-xeon-sp","FlacheSAN2N12C-D5 2U 12 NVMe Add-In-Card PCIE x8 Dual Xeon SP","global","730_Relative Humidity","string","5% ~ 95% relative humidity, non-condensing"
"gid://shopify/Product/1774402732102","flachesan2n12c-d5-2u-12-nvme-add-in-card-pcie-x8-dual-xeon-sp","FlacheSAN2N12C-D5 2U 12 NVMe Add-In-Card PCIE x8 Dual Xeon SP","global","800_Physical","string","Physical"
"gid://shopify/Product/1774402732102","flachesan2n12c-d5-2u-12-nvme-add-in-card-pcie-x8-dual-xeon-sp","FlacheSAN2N12C-D5 2U 12 NVMe Add-In-Card PCIE x8 Dual Xeon SP","global","810_Dimensions (W x H x D)","string","System: 30""x19""x3.5"" (LxWxH) Packaging: 37""x 24""x10""(LxWxH)"
"gid://shopify/Product/1774402732102","flachesan2n12c-d5-2u-12-nvme-add-in-card-pcie-x8-dual-xeon-sp","FlacheSAN2N12C-D5 2U 12 NVMe Add-In-Card PCIE x8 Dual Xeon SP","global","820_Weights","string","Gross: 29KG/64LBS; Net: 25KG/55LBS"
"gid://shopify/Product/1774402732102","flachesan2n12c-d5-2u-12-nvme-add-in-card-pcie-x8-dual-xeon-sp","FlacheSAN2N12C-D5 2U 12 NVMe Add-In-Card PCIE x8 Dual Xeon SP","global","BACK-I/O","string","1x DB15 VGA, 2x RJ45 1GbE, 2x 10GbE SFP+, 1x RJ45 MGMT, 2x USB 3.0"
"gid://shopify/Product/1774402732102","flachesan2n12c-d5-2u-12-nvme-add-in-card-pcie-x8-dual-xeon-sp","FlacheSAN2N12C-D5 2U 12 NVMe Add-In-Card PCIE x8 Dual Xeon SP","global","CPU","string","Supports Dual Intel® Xeon® SP (Skylake) up to 205W TDP socket LGA3647"
"gid://shopify/Product/1774402732102","flachesan2n12c-d5-2u-12-nvme-add-in-card-pcie-x8-dual-xeon-sp","FlacheSAN2N12C-D5 2U 12 NVMe Add-In-Card PCIE x8 Dual Xeon SP","global","Data-Sheet","string","https://cdn.shopify.com/s/files/1/0028/7509/7153/t/6/assets/Premio-FlacheStreams-FlacheSAN2N12C-D5-1528396351532.pdf?3608393167309096813"
"gid://shopify/Product/1774402732102","flachesan2n12c-d5-2u-12-nvme-add-in-card-pcie-x8-dual-xeon-sp","FlacheSAN2N12C-D5 2U 12 NVMe Add-In-Card PCIE x8 Dual Xeon SP","global","ETHERNET","string","2x GbE RJ45 LAN ports, 1x IPMI Management RJ45 port"
"gid://shopify/Product/1774402732102","flachesan2n12c-d5-2u-12-nvme-add-in-card-pcie-x8-dual-xeon-sp","FlacheSAN2N12C-D5 2U 12 NVMe Add-In-Card PCIE x8 Dual Xeon SP","global","EXPANSION","string","Supports 4x full height PCIe3 x16 PCIe slots (Optional: 6x PCIe3 x16 slots)"
"gid://shopify/Product/1774402732102","flachesan2n12c-d5-2u-12-nvme-add-in-card-pcie-x8-dual-xeon-sp","FlacheSAN2N12C-D5 2U 12 NVMe Add-In-Card PCIE x8 Dual Xeon SP","global","family","string","server"
"gid://shopify/Product/1774402732102","flachesan2n12c-d5-2u-12-nvme-add-in-card-pcie-x8-dual-xeon-sp","FlacheSAN2N12C-D5 2U 12 NVMe Add-In-Card PCIE x8 Dual Xeon SP","global","FRONT-I/O","string","Power On/OFF with LED, reset Switch, NMI switch, Locate Switch with LED, 4xLAN LED, Warning LED 1x USB 3.0"
"gid://shopify/Product/1774402732102","flachesan2n12c-d5-2u-12-nvme-add-in-card-pcie-x8-dual-xeon-sp","FlacheSAN2N12C-D5 2U 12 NVMe Add-In-Card PCIE x8 Dual Xeon SP","global","POWER-INPUT","string","1+1 1600W AC/DC 80 Plus Platinum Redundant PSU"
"gid://shopify/Product/1774402732102","flachesan2n12c-d5-2u-12-nvme-add-in-card-pcie-x8-dual-xeon-sp","FlacheSAN2N12C-D5 2U 12 NVMe Add-In-Card PCIE x8 Dual Xeon SP","global","product series","string","FlacheStreams"
"gid://shopify/Product/1774402732102","flachesan2n12c-d5-2u-12-nvme-add-in-card-pcie-x8-dual-xeon-sp","FlacheSAN2N12C-D5 2U 12 NVMe Add-In-Card PCIE x8 Dual Xeon SP","global","resource_Data Sheet","string","DS_FlacheSAN2N12C-D5_E"
"gid://shopify/Product/1774402732102","flachesan2n12c-d5-2u-12-nvme-add-in-card-pcie-x8-dual-xeon-sp","FlacheSAN2N12C-D5 2U 12 NVMe Add-In-Card PCIE x8 Dual Xeon SP","global","STORAGE","string","12x Low Profile Front Hot-Swappable PCIe3 x8 NVMe Add-in-Card"
"gid://shopify/Product/1774402732102","flachesan2n12c-d5-2u-12-nvme-add-in-card-pcie-x8-dual-xeon-sp","FlacheSAN2N12C-D5 2U 12 NVMe Add-In-Card PCIE x8 Dual Xeon SP","global","SYSTEM-CHIPSET","string","Intel® C621 chipset"
"gid://shopify/Product/1774402732102","flachesan2n12c-d5-2u-12-nvme-add-in-card-pcie-x8-dual-xeon-sp","FlacheSAN2N12C-D5 2U 12 NVMe Add-In-Card PCIE x8 Dual Xeon SP","global","SYSTEM-MEMORY","string","Support 16x DDR4 ECC RDIMM/LRDIMM 2133/2400/2666MT/s max. 2TB capacity"
"gid://shopify/Product/1774402732102","flachesan2n12c-d5-2u-12-nvme-add-in-card-pcie-x8-dual-xeon-sp","FlacheSAN2N12C-D5 2U 12 NVMe Add-In-Card PCIE x8 Dual Xeon SP","global","title","string","FlacheSAN2N12C-D5"
"gid://shopify/Product/1774402732102","flachesan2n12c-d5-2u-12-nvme-add-in-card-pcie-x8-dual-xeon-sp","FlacheSAN2N12C-D5 2U 12 NVMe Add-In-Card PCIE x8 Dual Xeon SP","global","171_Driver Bays","string","12x PCIe x8 slots, 2x 2.5"" internal drive bays and 2x 2.5"" 7mm rear hot-swap drive bays"
"gid://shopify/Product/1774402732102","flachesan2n12c-d5-2u-12-nvme-add-in-card-pcie-x8-dual-xeon-sp","FlacheSAN2N12C-D5 2U 12 NVMe Add-In-Card PCIE x8 Dual Xeon SP","global","220_Cooling","string","4x 80mm high speed fans"
"gid://shopify/Product/1774402732102","flachesan2n12c-d5-2u-12-nvme-add-in-card-pcie-x8-dual-xeon-sp","FlacheSAN2N12C-D5 2U 12 NVMe Add-In-Card PCIE x8 Dual Xeon SP","global","739_HTS Code","string","8473 30 5100"
"gid://shopify/Product/1774402732102","flachesan2n12c-d5-2u-12-nvme-add-in-card-pcie-x8-dual-xeon-sp","FlacheSAN2N12C-D5 2U 12 NVMe Add-In-Card PCIE x8 Dual Xeon SP","global","740_ECCN","string","4A994"
"gid://shopify/Product/1774402732102","flachesan2n12c-d5-2u-12-nvme-add-in-card-pcie-x8-dual-xeon-sp","FlacheSAN2N12C-D5 2U 12 NVMe Add-In-Card PCIE x8 Dual Xeon SP","global","741_Compliance","string","CE, FCC Class A, RoHS 6/6 compliant"
"gid://shopify/Product/1774402732102","flachesan2n12c-d5-2u-12-nvme-add-in-card-pcie-x8-dual-xeon-sp","FlacheSAN2N12C-D5 2U 12 NVMe Add-In-Card PCIE x8 Dual Xeon SP","global","AVL","string","https://cdn.shopify.com/s/files/1/0028/7509/7153/t/6/assets/FlacheSAN2N12C-D5-AVL-1528396351547.pdf?9509496686662803170"
"gid://shopify/Product/1774402732102","flachesan2n12c-d5-2u-12-nvme-add-in-card-pcie-x8-dual-xeon-sp","FlacheSAN2N12C-D5 2U 12 NVMe Add-In-Card PCIE x8 Dual Xeon SP","global","Compliance","string","CE, FCC Class A, RoHS 6/6 compliant"
"gid://shopify/Product/1774402732102","flachesan2n12c-d5-2u-12-nvme-add-in-card-pcie-x8-dual-xeon-sp","FlacheSAN2N12C-D5 2U 12 NVMe Add-In-Card PCIE x8 Dual Xeon SP","global","Cooling","string","4x 80mm high speed fans"
"gid://shopify/Product/1774402732102","flachesan2n12c-d5-2u-12-nvme-add-in-card-pcie-x8-dual-xeon-sp","FlacheSAN2N12C-D5 2U 12 NVMe Add-In-Card PCIE x8 Dual Xeon SP","global","DIMENSIONS","string","System: 30”x19”x3.5” (LxWxH) Packaging: 37”x 24”x10”(LxWxH)"
"gid://shopify/Product/1774402732102","flachesan2n12c-d5-2u-12-nvme-add-in-card-pcie-x8-dual-xeon-sp","FlacheSAN2N12C-D5 2U 12 NVMe Add-In-Card PCIE x8 Dual Xeon SP","global","Drive-Bays","string","12x PCIe3 x8 slots, 2x 2.5"" internal drive bays and 2x 2.5"" 7mm rear hot-swap drive bays"
"gid://shopify/Product/1774402732102","flachesan2n12c-d5-2u-12-nvme-add-in-card-pcie-x8-dual-xeon-sp","FlacheSAN2N12C-D5 2U 12 NVMe Add-In-Card PCIE x8 Dual Xeon SP","global","Environmental","string","Operating Temperature: 0°C to 35°C Non-Operating Temperature: -20°C to 70°C Humidity: 5% to 95% non-condensing"
"gid://shopify/Product/1774402732102","flachesan2n12c-d5-2u-12-nvme-add-in-card-pcie-x8-dual-xeon-sp","FlacheSAN2N12C-D5 2U 12 NVMe Add-In-Card PCIE x8 Dual Xeon SP","global","Install-Guide","string","https://cdn.shopify.com/s/files/1/0028/7509/7153/t/6/assets/FlacheSAN2N12C-D5-Quick-Guide-v1.00-1528396351559.pdf?10886617825296748311"
"gid://shopify/Product/1774402732102","flachesan2n12c-d5-2u-12-nvme-add-in-card-pcie-x8-dual-xeon-sp","FlacheSAN2N12C-D5 2U 12 NVMe Add-In-Card PCIE x8 Dual Xeon SP","global","Logistic","string","HTS Code: 8473 30 5100; ECCN: 4A994"
"gid://shopify/Product/1774402732102","flachesan2n12c-d5-2u-12-nvme-add-in-card-pcie-x8-dual-xeon-sp","FlacheSAN2N12C-D5 2U 12 NVMe Add-In-Card PCIE x8 Dual Xeon SP","global","Ordering-Info","string","2U 12 NVMe ADD-IN-CARD PCIE x8 DUAL XEON SP 1200W HRP"
"gid://shopify/Product/1774402732102","flachesan2n12c-d5-2u-12-nvme-add-in-card-pcie-x8-dual-xeon-sp","FlacheSAN2N12C-D5 2U 12 NVMe Add-In-Card PCIE x8 Dual Xeon SP","global","Product-Brief","string","https://cdn.shopify.com/s/files/1/0028/7509/7153/t/6/assets/FlacheStreams_Intel_ProductBrief_Premio-1528328966686.pdf?6427295639994230946"
"gid://shopify/Product/1774402732102","flachesan2n12c-d5-2u-12-nvme-add-in-card-pcie-x8-dual-xeon-sp","FlacheSAN2N12C-D5 2U 12 NVMe Add-In-Card PCIE x8 Dual Xeon SP","global","resource_AVL","string","FlacheSAN2N12C-D5-AVL"
"gid://shopify/Product/1774402732102","flachesan2n12c-d5-2u-12-nvme-add-in-card-pcie-x8-dual-xeon-sp","FlacheSAN2N12C-D5 2U 12 NVMe Add-In-Card PCIE x8 Dual Xeon SP","global","resource_BIOS","string","Tyan S7106GM2NR, Tyan S7106GM2NR-L2"
"gid://shopify/Product/1774402732102","flachesan2n12c-d5-2u-12-nvme-add-in-card-pcie-x8-dual-xeon-sp","FlacheSAN2N12C-D5 2U 12 NVMe Add-In-Card PCIE x8 Dual Xeon SP","global","Supported-OS","string","Windows Server 2016, 2012 R2, RHEL 6.9/7.3, SLES 11.4, Ubuntu 16.04.2 LTS, VMWare ESXi 6.5; For other OS please contact us"
"gid://shopify/Product/1774402732102","flachesan2n12c-d5-2u-12-nvme-add-in-card-pcie-x8-dual-xeon-sp","FlacheSAN2N12C-D5 2U 12 NVMe Add-In-Card PCIE x8 Dual Xeon SP","global","WEIGHT","string","Gross: 29KG/64LBS; Net: 25KG/55LBS"
"gid://shopify/Product/1774402732102","flachesan2n12c-d5-2u-12-nvme-add-in-card-pcie-x8-dual-xeon-sp","FlacheSAN2N12C-D5 2U 12 NVMe Add-In-Card PCIE x8 Dual Xeon SP","global","SKU","string","BB212NCD5TY18-A"
"gid://shopify/Product/1774402732102","flachesan2n12c-d5-2u-12-nvme-add-in-card-pcie-x8-dual-xeon-sp","FlacheSAN2N12C-D5 2U 12 NVMe Add-In-Card PCIE x8 Dual Xeon SP","global","BIOS-Group-1-File-1","string","https://cdn.shopify.com/s/files/1/0028/7509/7153/t/6/assets/EP2C612D16NM-8R-BIOS-1528409812471.zip?11055276804421212025,https://cdn.shopify.com/s/files/1/0028/7509/7153/t/6/assets/Tyan-S7076-BIOS-1528409812707.zip?1872635130900776001"
"gid://shopify/Product/1774402732102","flachesan2n12c-d5-2u-12-nvme-add-in-card-pcie-x8-dual-xeon-sp","FlacheSAN2N12C-D5 2U 12 NVMe Add-In-Card PCIE x8 Dual Xeon SP","global","BIOS-Group-1-Filename-1","string","Tyan S7076-BIOS"
"gid://shopify/Product/1774402732102","flachesan2n12c-d5-2u-12-nvme-add-in-card-pcie-x8-dual-xeon-sp","FlacheSAN2N12C-D5 2U 12 NVMe Add-In-Card PCIE x8 Dual Xeon SP","global","resource_Product Brief","string","PB-FlacheStreams_Intel_E"
"gid://shopify/Product/1774402732102","flachesan2n12c-d5-2u-12-nvme-add-in-card-pcie-x8-dual-xeon-sp","FlacheSAN2N12C-D5 2U 12 NVMe Add-In-Card PCIE x8 Dual Xeon SP","global","processor","string","Intel"
"gid://shopify/Product/1774402928710","flachesan2n24u-d5","FlacheSAN2N24U-D5 2U 24 NVMe U.2 PCIE x4 DUAL XEON SP","global","100_System","string","System"
"gid://shopify/Product/1774402928710","flachesan2n24u-d5","FlacheSAN2N24U-D5 2U 24 NVMe U.2 PCIE x4 DUAL XEON SP","global","110_Processor","string","Supports Dual Intel&reg; Xeon&reg; SP (Skylake) up to 205W TDP socket LGA3647"
"gid://shopify/Product/1774402928710","flachesan2n24u-d5","FlacheSAN2N24U-D5 2U 24 NVMe U.2 PCIE x4 DUAL XEON SP","global","120_System Chipset","string","Intel&reg; C621 chipset"
"gid://shopify/Product/1774402928710","flachesan2n24u-d5","FlacheSAN2N24U-D5 2U 24 NVMe U.2 PCIE x4 DUAL XEON SP","global","130_System Memory","string","Supports 16x DDR4 ECC RDIMM/LRDIMM 2133/2400/2666MT/s max. 2TB capacity"
"gid://shopify/Product/1774402928710","flachesan2n24u-d5","FlacheSAN2N24U-D5 2U 24 NVMe U.2 PCIE x4 DUAL XEON SP","global","170_Storage","string","24x 2.5"" U.2 NVMe SSD PCIe3 x4"
"gid://shopify/Product/1774402928710","flachesan2n24u-d5","FlacheSAN2N24U-D5 2U 24 NVMe U.2 PCIE x4 DUAL XEON SP","global","305_Expansion","string","Support up to total 4 Full Height PCIe3 x16 PCIe slots (Optional 6x PCIe3 x16 slots)"
"gid://shopify/Product/1774402928710","flachesan2n24u-d5","FlacheSAN2N24U-D5 2U 24 NVMe U.2 PCIE x4 DUAL XEON SP","global","700_Environment","string","Environment"
"gid://shopify/Product/1774402928710","flachesan2n24u-d5","FlacheSAN2N24U-D5 2U 24 NVMe U.2 PCIE x4 DUAL XEON SP","global","710_Operating Temperature","string","0&deg;C ~ 35&deg;C"
"gid://shopify/Product/1774402928710","flachesan2n24u-d5","FlacheSAN2N24U-D5 2U 24 NVMe U.2 PCIE x4 DUAL XEON SP","global","720_Storage Temperature","string","-20&deg;C ~ 70&deg;C"
"gid://shopify/Product/1774402928710","flachesan2n24u-d5","FlacheSAN2N24U-D5 2U 24 NVMe U.2 PCIE x4 DUAL XEON SP","global","730_Relative Humidity","string","5% ~ 95% relative humidity, non-condensing"
"gid://shopify/Product/1774402928710","flachesan2n24u-d5","FlacheSAN2N24U-D5 2U 24 NVMe U.2 PCIE x4 DUAL XEON SP","global","800_Physical","string","Physical"
"gid://shopify/Product/1774402928710","flachesan2n24u-d5","FlacheSAN2N24U-D5 2U 24 NVMe U.2 PCIE x4 DUAL XEON SP","global","810_Dimensions (W x H x D)","string","System: 26.5""x19""x3.5"" (LxWxH) Packaging: 37""x 24""x10""(LxWxH)"
"gid://shopify/Product/1774402928710","flachesan2n24u-d5","FlacheSAN2N24U-D5 2U 24 NVMe U.2 PCIE x4 DUAL XEON SP","global","820_Weights","string","Gross: 28KG/61LBS; Net: 25KG/53LBS"
"gid://shopify/Product/1774402928710","flachesan2n24u-d5","FlacheSAN2N24U-D5 2U 24 NVMe U.2 PCIE x4 DUAL XEON SP","global","BACK-I/O","string","1x DB15 VGA, 2x RJ45 1GbE, 2x 10GbE SFP+, 1x RJ45 MGMT, 2x USB 3.0"
"gid://shopify/Product/1774402928710","flachesan2n24u-d5","FlacheSAN2N24U-D5 2U 24 NVMe U.2 PCIE x4 DUAL XEON SP","global","CPU","string","Supports Dual Intel® Xeon® SP (Skylake) up to 205W TDP socket LGA3647"
"gid://shopify/Product/1774402928710","flachesan2n24u-d5","FlacheSAN2N24U-D5 2U 24 NVMe U.2 PCIE x4 DUAL XEON SP","global","Data-Sheet","string","https://cdn.shopify.com/s/files/1/0028/7509/7153/t/6/assets/Premio-FlacheStreams-FlacheSAN2N24U-D5-1528395431171.pdf?8831622404573857829"
"gid://shopify/Product/1774402928710","flachesan2n24u-d5","FlacheSAN2N24U-D5 2U 24 NVMe U.2 PCIE x4 DUAL XEON SP","global","ETHERNET","string","2x GbE RJ45 LAN ports, 1x IPMI Management RJ45 port"
"gid://shopify/Product/1774402928710","flachesan2n24u-d5","FlacheSAN2N24U-D5 2U 24 NVMe U.2 PCIE x4 DUAL XEON SP","global","EXPANSION","string","Supports 4x full height PCIe3 x16 PCIe slots (Optional: 6x PCIe3 x16 slots)"
"gid://shopify/Product/1774402928710","flachesan2n24u-d5","FlacheSAN2N24U-D5 2U 24 NVMe U.2 PCIE x4 DUAL XEON SP","global","family","string","server"
"gid://shopify/Product/1774402928710","flachesan2n24u-d5","FlacheSAN2N24U-D5 2U 24 NVMe U.2 PCIE x4 DUAL XEON SP","global","FRONT-I/O","string","Power On/OFF with LED, reset Switch, NMI switch, Locate Switch with LED, 4xLAN LED, Warning LED 1x USB 3.0"
"gid://shopify/Product/1774402928710","flachesan2n24u-d5","FlacheSAN2N24U-D5 2U 24 NVMe U.2 PCIE x4 DUAL XEON SP","global","POWER-INPUT","string","1+1 1600W AC/DC 80 Plus Platinum Redundant PSU "
"gid://shopify/Product/1774402928710","flachesan2n24u-d5","FlacheSAN2N24U-D5 2U 24 NVMe U.2 PCIE x4 DUAL XEON SP","global","product series","string","FlacheStreams"
"gid://shopify/Product/1774402928710","flachesan2n24u-d5","FlacheSAN2N24U-D5 2U 24 NVMe U.2 PCIE x4 DUAL XEON SP","global","resource_Data Sheet","string","DS_FlacheSAN2N24U-D5_E"
"gid://shopify/Product/1774402928710","flachesan2n24u-d5","FlacheSAN2N24U-D5 2U 24 NVMe U.2 PCIE x4 DUAL XEON SP","global","STORAGE","string","24x 2.5” U.2 NVMe SSD PCIe3 x4"
"gid://shopify/Product/1774402928710","flachesan2n24u-d5","FlacheSAN2N24U-D5 2U 24 NVMe U.2 PCIE x4 DUAL XEON SP","global","SYSTEM-CHIPSET","string","Intel® C621 chipset"
"gid://shopify/Product/1774402928710","flachesan2n24u-d5","FlacheSAN2N24U-D5 2U 24 NVMe U.2 PCIE x4 DUAL XEON SP","global","SYSTEM-MEMORY","string","Support 16x DDR4 ECC RDIMM/LRDIMM 2133/2400/2666MT/s max. 2TB capacity"
"gid://shopify/Product/1774402928710","flachesan2n24u-d5","FlacheSAN2N24U-D5 2U 24 NVMe U.2 PCIE x4 DUAL XEON SP","global","title","string","FlacheSAN2N24U-D5"
"gid://shopify/Product/1774402928710","flachesan2n24u-d5","FlacheSAN2N24U-D5 2U 24 NVMe U.2 PCIE x4 DUAL XEON SP","global","171_Driver Bays","string","24x 2.5"" front U.2 drive bays <br>2x 2.5"" internal drive bays and <br>2x 2.5"" 7mm rear hot-swap drive bays"
"gid://shopify/Product/1774402928710","flachesan2n24u-d5","FlacheSAN2N24U-D5 2U 24 NVMe U.2 PCIE x4 DUAL XEON SP","global","220_Cooling","string","4x 80mm high speed fans"
"gid://shopify/Product/1774402928710","flachesan2n24u-d5","FlacheSAN2N24U-D5 2U 24 NVMe U.2 PCIE x4 DUAL XEON SP","global","739_HTS Code","string","8473 30 5100"
"gid://shopify/Product/1774402928710","flachesan2n24u-d5","FlacheSAN2N24U-D5 2U 24 NVMe U.2 PCIE x4 DUAL XEON SP","global","740_ECCN","string","4A994"
"gid://shopify/Product/1774402928710","flachesan2n24u-d5","FlacheSAN2N24U-D5 2U 24 NVMe U.2 PCIE x4 DUAL XEON SP","global","741_Compliance","string","CE, FCC Class A, RoHS 6/6 compliant"
"gid://shopify/Product/1774402928710","flachesan2n24u-d5","FlacheSAN2N24U-D5 2U 24 NVMe U.2 PCIE x4 DUAL XEON SP","global","AVL","string","https://cdn.shopify.com/s/files/1/0028/7509/7153/t/6/assets/FlacheSAN2N24U-D5-AVL-1528395431163.pdf?6198414927392988772"
"gid://shopify/Product/1774402928710","flachesan2n24u-d5","FlacheSAN2N24U-D5 2U 24 NVMe U.2 PCIE x4 DUAL XEON SP","global","Compliance","string","CE, FCC Class A, RoHS 6/6 compliant"
"gid://shopify/Product/1774402928710","flachesan2n24u-d5","FlacheSAN2N24U-D5 2U 24 NVMe U.2 PCIE x4 DUAL XEON SP","global","Cooling","string","4x 80mm high speed fans"
"gid://shopify/Product/1774402928710","flachesan2n24u-d5","FlacheSAN2N24U-D5 2U 24 NVMe U.2 PCIE x4 DUAL XEON SP","global","DIMENSIONS","string","System: 26.5”x19”x3.5” (LxWxH); Packaging: 37”x 24”x10”(LxWxH)"
"gid://shopify/Product/1774402928710","flachesan2n24u-d5","FlacheSAN2N24U-D5 2U 24 NVMe U.2 PCIE x4 DUAL XEON SP","global","Drive-Bays","string","24x 2.5"" front U.2 drive bays, 2x 2.5"" internal drive bays and 2x 2.5"" 7mm rear hot-swap drive bays"
"gid://shopify/Product/1774402928710","flachesan2n24u-d5","FlacheSAN2N24U-D5 2U 24 NVMe U.2 PCIE x4 DUAL XEON SP","global","Environmental","string","Operating Temperature: 0°C to 35°C Non-Operating Temperature: -20°C to 70°C Humidity: 5% to 95% non-condensing"
"gid://shopify/Product/1774402928710","flachesan2n24u-d5","FlacheSAN2N24U-D5 2U 24 NVMe U.2 PCIE x4 DUAL XEON SP","global","Install-Guide","string","https://cdn.shopify.com/s/files/1/0028/7509/7153/t/6/assets/FlacheSAN2N24U-D5-Quick-Guide-v1.00-1528395431179.pdf?6198414927392988772"
"gid://shopify/Product/1774402928710","flachesan2n24u-d5","FlacheSAN2N24U-D5 2U 24 NVMe U.2 PCIE x4 DUAL XEON SP","global","Logistic","string","HTS Code: 8473 30 5100; ECCN: 4A994"
"gid://shopify/Product/1774402928710","flachesan2n24u-d5","FlacheSAN2N24U-D5 2U 24 NVMe U.2 PCIE x4 DUAL XEON SP","global","Ordering-Info","string","BB224NUD5TY18-A 2U 24 NVMe U.2 PCIE x4 DUAL XEON SP 1200W HRP"
"gid://shopify/Product/1774402928710","flachesan2n24u-d5","FlacheSAN2N24U-D5 2U 24 NVMe U.2 PCIE x4 DUAL XEON SP","global","Product-Brief","string","https://cdn.shopify.com/s/files/1/0028/7509/7153/t/6/assets/FlacheStreams_Intel_ProductBrief_Premio-1528328966686.pdf?6427295639994230946"
"gid://shopify/Product/1774402928710","flachesan2n24u-d5","FlacheSAN2N24U-D5 2U 24 NVMe U.2 PCIE x4 DUAL XEON SP","global","resource_AVL","string","FlacheSAN2N24U-D5-AVL"
"gid://shopify/Product/1774402928710","flachesan2n24u-d5","FlacheSAN2N24U-D5 2U 24 NVMe U.2 PCIE x4 DUAL XEON SP","global","resource_BIOS","string","Tyan S7106GM2NR, Tyan S7106GM2NR-L2"
"gid://shopify/Product/1774402928710","flachesan2n24u-d5","FlacheSAN2N24U-D5 2U 24 NVMe U.2 PCIE x4 DUAL XEON SP","global","resource_Install Guide","string","FlacheSAN2N24U-D5-QG"
"gid://shopify/Product/1774402928710","flachesan2n24u-d5","FlacheSAN2N24U-D5 2U 24 NVMe U.2 PCIE x4 DUAL XEON SP","global","Supported-OS","string","Windows Server 2016, 2012 R2, RHEL 6.9/7.3, SLES 11.4, Ubuntu 16.04.2 LTS, VMWare ESXi 6.5; For other OS please contact us"
"gid://shopify/Product/1774402928710","flachesan2n24u-d5","FlacheSAN2N24U-D5 2U 24 NVMe U.2 PCIE x4 DUAL XEON SP","global","WEIGHT","string","Gross: 28KG/61LBS; Net: 25KG/53LBS"
"gid://shopify/Product/1774402928710","flachesan2n24u-d5","FlacheSAN2N24U-D5 2U 24 NVMe U.2 PCIE x4 DUAL XEON SP","global","resource_Product Brief","string","PB-FlacheStreams_Intel_E"
"gid://shopify/Product/1774402928710","flachesan2n24u-d5","FlacheSAN2N24U-D5 2U 24 NVMe U.2 PCIE x4 DUAL XEON SP","global","processor","string","Intel"
"gid://shopify/Product/3946372137030","flachesan2n24u-ur","FlacheSAN2N24U-UR 2U 24 NVMe U.2 2ND GEN AMD EPYC","global","100_System","string","System"
"gid://shopify/Product/3946372137030","flachesan2n24u-ur","FlacheSAN2N24U-UR 2U 24 NVMe U.2 2ND GEN AMD EPYC","global","110_Processor","string","Supports Single Socket AMD ROME&trade; up to 205W TDP socket SP3"
"gid://shopify/Product/3946372137030","flachesan2n24u-ur","FlacheSAN2N24U-UR 2U 24 NVMe U.2 2ND GEN AMD EPYC","global","120_System Chipset","string","N/A"
"gid://shopify/Product/3946372137030","flachesan2n24u-ur","FlacheSAN2N24U-UR 2U 24 NVMe U.2 2ND GEN AMD EPYC","global","130_System Memory","string","Supports up to 16x DIMMs DDR4 2666/3200 MHz"
"gid://shopify/Product/3946372137030","flachesan2n24u-ur","FlacheSAN2N24U-UR 2U 24 NVMe U.2 2ND GEN AMD EPYC","global","170_Storage","string","24x 2.5&quot; U.2 NVMe SSD PCIe3 x4"
"gid://shopify/Product/3946372137030","flachesan2n24u-ur","FlacheSAN2N24U-UR 2U 24 NVMe U.2 2ND GEN AMD EPYC","global","171_Driver Bays","string","24x 2.5&quot; front U.2 drive bays, 2x 2.5&quot; internal drive bays and 2x 2.5&quot; 7mm rear hot-swap drive bays"
"gid://shopify/Product/3946372137030","flachesan2n24u-ur","FlacheSAN2N24U-UR 2U 24 NVMe U.2 2ND GEN AMD EPYC","global","220_Cooling","string","4x 80mm high speed fans"
"gid://shopify/Product/3946372137030","flachesan2n24u-ur","FlacheSAN2N24U-UR 2U 24 NVMe U.2 2ND GEN AMD EPYC","global","305_Expansion","string","Supports 4x full height PCIe3 x16 PCIe slots (Optional: 6x PCIe3 x16 slots)"
"gid://shopify/Product/3946372137030","flachesan2n24u-ur","FlacheSAN2N24U-UR 2U 24 NVMe U.2 2ND GEN AMD EPYC","global","700_Environment","string","Environment"
"gid://shopify/Product/3946372137030","flachesan2n24u-ur","FlacheSAN2N24U-UR 2U 24 NVMe U.2 2ND GEN AMD EPYC","global","710_Operating Temperature","string","0&deg;C ~ 35&deg;C"
"gid://shopify/Product/3946372137030","flachesan2n24u-ur","FlacheSAN2N24U-UR 2U 24 NVMe U.2 2ND GEN AMD EPYC","global","720_Storage Temperature","string","-20&deg;C ~ 70&deg;C"
"gid://shopify/Product/3946372137030","flachesan2n24u-ur","FlacheSAN2N24U-UR 2U 24 NVMe U.2 2ND GEN AMD EPYC","global","730_Relative Humidity","string","5% ~ 95% relative humidity, non-condensing"
"gid://shopify/Product/3946372137030","flachesan2n24u-ur","FlacheSAN2N24U-UR 2U 24 NVMe U.2 2ND GEN AMD EPYC","global","739_HTS Code","string","8473 30 5100"
"gid://shopify/Product/3946372137030","flachesan2n24u-ur","FlacheSAN2N24U-UR 2U 24 NVMe U.2 2ND GEN AMD EPYC","global","740_ECCN","string","4A994"
"gid://shopify/Product/3946372137030","flachesan2n24u-ur","FlacheSAN2N24U-UR 2U 24 NVMe U.2 2ND GEN AMD EPYC","global","741_Compliance","string","CE, FCC Class A, RoHS 6/6 compliant"
"gid://shopify/Product/3946372137030","flachesan2n24u-ur","FlacheSAN2N24U-UR 2U 24 NVMe U.2 2ND GEN AMD EPYC","global","800_Physical","string","Physical"
"gid://shopify/Product/3946372137030","flachesan2n24u-ur","FlacheSAN2N24U-UR 2U 24 NVMe U.2 2ND GEN AMD EPYC","global","810_Dimensions (W x H x D)","string","System: 26.5&quot;x19&quot;x3.5&quot; (LxWxH) 
Packaging: 37&quot;x 24&quot;x10&quot;(LxWxH)"
"gid://shopify/Product/3946372137030","flachesan2n24u-ur","FlacheSAN2N24U-UR 2U 24 NVMe U.2 2ND GEN AMD EPYC","global","820_Weights","string","Gross: 28KG/61LBS; Net: 25KG/53LBS"
"gid://shopify/Product/3946372137030","flachesan2n24u-ur","FlacheSAN2N24U-UR 2U 24 NVMe U.2 2ND GEN AMD EPYC","global","AVL","string","https://cdn.shopify.com/s/files/1/0028/7509/7153/t/6/assets/FlacheSAN2N24U-D5-AVL-1528395431163.pdf?6198414927392988772"
"gid://shopify/Product/3946372137030","flachesan2n24u-ur","FlacheSAN2N24U-UR 2U 24 NVMe U.2 2ND GEN AMD EPYC","global","BACK-I/O","string","1x DB15 VGA, 2x RJ45 1GbE, 2x 10GbE SFP+, 1x RJ45 MGMT, 2x USB 3.0"
"gid://shopify/Product/3946372137030","flachesan2n24u-ur","FlacheSAN2N24U-UR 2U 24 NVMe U.2 2ND GEN AMD EPYC","global","Compliance","string","CE, FCC Class A, RoHS 6/6 compliant"
"gid://shopify/Product/3946372137030","flachesan2n24u-ur","FlacheSAN2N24U-UR 2U 24 NVMe U.2 2ND GEN AMD EPYC","global","Cooling","string","4x 80mm high speed fans"
"gid://shopify/Product/3946372137030","flachesan2n24u-ur","FlacheSAN2N24U-UR 2U 24 NVMe U.2 2ND GEN AMD EPYC","global","CPU","string","Supports Dual Intel® Xeon® SP (Skylake) up to 205W TDP socket LGA3647"
"gid://shopify/Product/3946372137030","flachesan2n24u-ur","FlacheSAN2N24U-UR 2U 24 NVMe U.2 2ND GEN AMD EPYC","global","Data-Sheet","string","https://cdn.shopify.com/s/files/1/0028/7509/7153/t/6/assets/Premio-FlacheStreams-FlacheSAN2N24U-D5-1528395431171.pdf?8831622404573857829"
"gid://shopify/Product/3946372137030","flachesan2n24u-ur","FlacheSAN2N24U-UR 2U 24 NVMe U.2 2ND GEN AMD EPYC","global","DIMENSIONS","string","System: 26.5”x19”x3.5” (LxWxH); Packaging: 37”x 24”x10”(LxWxH)"
"gid://shopify/Product/3946372137030","flachesan2n24u-ur","FlacheSAN2N24U-UR 2U 24 NVMe U.2 2ND GEN AMD EPYC","global","Drive-Bays","string","24x 2.5"" front U.2 drive bays, 2x 2.5"" internal drive bays and 2x 2.5"" 7mm rear hot-swap drive bays"
"gid://shopify/Product/3946372137030","flachesan2n24u-ur","FlacheSAN2N24U-UR 2U 24 NVMe U.2 2ND GEN AMD EPYC","global","Environmental","string","Operating Temperature: 0°C to 35°C Non-Operating Temperature: -20°C to 70°C Humidity: 5% to 95% non-condensing"
"gid://shopify/Product/3946372137030","flachesan2n24u-ur","FlacheSAN2N24U-UR 2U 24 NVMe U.2 2ND GEN AMD EPYC","global","ETHERNET","string","2x GbE RJ45 LAN ports, 1x IPMI Management RJ45 port"
"gid://shopify/Product/3946372137030","flachesan2n24u-ur","FlacheSAN2N24U-UR 2U 24 NVMe U.2 2ND GEN AMD EPYC","global","EXPANSION","string","Supports 4x full height PCIe3 x16 PCIe slots (Optional: 6x PCIe3 x16 slots)"
"gid://shopify/Product/3946372137030","flachesan2n24u-ur","FlacheSAN2N24U-UR 2U 24 NVMe U.2 2ND GEN AMD EPYC","global","family","string","server"
"gid://shopify/Product/3946372137030","flachesan2n24u-ur","FlacheSAN2N24U-UR 2U 24 NVMe U.2 2ND GEN AMD EPYC","global","FRONT-I/O","string","Power On/OFF with LED, reset Switch, NMI switch, Locate Switch with LED, 4xLAN LED, Warning LED 1x USB 3.0"
"gid://shopify/Product/3946372137030","flachesan2n24u-ur","FlacheSAN2N24U-UR 2U 24 NVMe U.2 2ND GEN AMD EPYC","global","Install-Guide","string","https://cdn.shopify.com/s/files/1/0028/7509/7153/t/6/assets/FlacheSAN2N24U-D5-Quick-Guide-v1.00-1528395431179.pdf?6198414927392988772"
"gid://shopify/Product/3946372137030","flachesan2n24u-ur","FlacheSAN2N24U-UR 2U 24 NVMe U.2 2ND GEN AMD EPYC","global","Logistic","string","HTS Code: 8473 30 5100; ECCN: 4A994"
"gid://shopify/Product/3946372137030","flachesan2n24u-ur","FlacheSAN2N24U-UR 2U 24 NVMe U.2 2ND GEN AMD EPYC","global","Ordering-Info","string","BB224NUD5TY18-A 2U 24 NVMe U.2 PCIE x4 DUAL XEON SP 1200W HRP"
"gid://shopify/Product/3946372137030","flachesan2n24u-ur","FlacheSAN2N24U-UR 2U 24 NVMe U.2 2ND GEN AMD EPYC","global","POWER-INPUT","string","1+1 1600W AC/DC 80 Plus Platinum Redundant PSU "
"gid://shopify/Product/3946372137030","flachesan2n24u-ur","FlacheSAN2N24U-UR 2U 24 NVMe U.2 2ND GEN AMD EPYC","global","processor","string","AMD"
"gid://shopify/Product/3946372137030","flachesan2n24u-ur","FlacheSAN2N24U-UR 2U 24 NVMe U.2 2ND GEN AMD EPYC","global","product series","string","FlacheStreams"
"gid://shopify/Product/3946372137030","flachesan2n24u-ur","FlacheSAN2N24U-UR 2U 24 NVMe U.2 2ND GEN AMD EPYC","global","resource_Data Sheet","string","DS_FlacheSAN2N24U-UR_E"
"gid://shopify/Product/3946372137030","flachesan2n24u-ur","FlacheSAN2N24U-UR 2U 24 NVMe U.2 2ND GEN AMD EPYC","global","STORAGE","string","24x 2.5” U.2 NVMe SSD PCIe3 x4"
"gid://shopify/Product/3946372137030","flachesan2n24u-ur","FlacheSAN2N24U-UR 2U 24 NVMe U.2 2ND GEN AMD EPYC","global","Supported-OS","string","Windows Server 2016, 2012 R2, RHEL 6.9/7.3, SLES 11.4, Ubuntu 16.04.2 LTS, VMWare ESXi 6.5; For other OS please contact us"
"gid://shopify/Product/3946372137030","flachesan2n24u-ur","FlacheSAN2N24U-UR 2U 24 NVMe U.2 2ND GEN AMD EPYC","global","SYSTEM-CHIPSET","string","Intel® C621 chipset"
"gid://shopify/Product/3946372137030","flachesan2n24u-ur","FlacheSAN2N24U-UR 2U 24 NVMe U.2 2ND GEN AMD EPYC","global","SYSTEM-MEMORY","string","Support 16x DDR4 ECC RDIMM/LRDIMM 2133/2400/2666MT/s max. 2TB capacity"
"gid://shopify/Product/3946372137030","flachesan2n24u-ur","FlacheSAN2N24U-UR 2U 24 NVMe U.2 2ND GEN AMD EPYC","global","title","string","FlacheSAN2N24U-UR"
"gid://shopify/Product/3946372137030","flachesan2n24u-ur","FlacheSAN2N24U-UR 2U 24 NVMe U.2 2ND GEN AMD EPYC","global","WEIGHT","string","Gross: 28KG/61LBS; Net: 25KG/53LBS"
"gid://shopify/Product/3946372137030","flachesan2n24u-ur","FlacheSAN2N24U-UR 2U 24 NVMe U.2 2ND GEN AMD EPYC","global","501_Power","string","1+1 1200W AC/DC 80 Plus Platinum Redundant PSU "
"gid://shopify/Product/3946372137030","flachesan2n24u-ur","FlacheSAN2N24U-UR 2U 24 NVMe U.2 2ND GEN AMD EPYC","global","302_Front I/O","string","Power On/OFF with LED, reset Switch, NMI switch, Locate Switch with LED, 4xLAN LED, Warning LED 1x USB 3.0"
"gid://shopify/Product/3946372137030","flachesan2n24u-ur","FlacheSAN2N24U-UR 2U 24 NVMe U.2 2ND GEN AMD EPYC","global","211_Supported OS","string","Windows Server 2016, 2012 R2, RHEL 6.9/7.3, SLES 11.4, Ubuntu 16.04.2 LTS, VMWare ESXi 6.5; For other OS please contact us"
"gid://shopify/Product/3946372137030","flachesan2n24u-ur","FlacheSAN2N24U-UR 2U 24 NVMe U.2 2ND GEN AMD EPYC","global","161_Network","string","2x GbE RJ45 LAN ports, 1x IPMI Management RJ45 port"
"gid://shopify/Product/1774403518534","flachesan2v-d5-2u-48-bays","FlacheSAN2V-D5 2U 48 BAYS 7MM 12G SAS/SATA SSD DUAL XEON SP LOW PROFILE","global","100_System","string","System"
"gid://shopify/Product/1774403518534","flachesan2v-d5-2u-48-bays","FlacheSAN2V-D5 2U 48 BAYS 7MM 12G SAS/SATA SSD DUAL XEON SP LOW PROFILE","global","110_Processor","string","Supports Dual Intel&reg; Xeon&reg; SP (Skylake) up to 205W TDP socket LGA3647"
"gid://shopify/Product/1774403518534","flachesan2v-d5-2u-48-bays","FlacheSAN2V-D5 2U 48 BAYS 7MM 12G SAS/SATA SSD DUAL XEON SP LOW PROFILE","global","120_System Chipset","string","Intel&reg; C621 chipset"
"gid://shopify/Product/1774403518534","flachesan2v-d5-2u-48-bays","FlacheSAN2V-D5 2U 48 BAYS 7MM 12G SAS/SATA SSD DUAL XEON SP LOW PROFILE","global","130_System Memory","string","Supports 16x DDR4 ECC RDIMM/LRDIMM 2133/2400/2666MT/s"
"gid://shopify/Product/1774403518534","flachesan2v-d5-2u-48-bays","FlacheSAN2V-D5 2U 48 BAYS 7MM 12G SAS/SATA SSD DUAL XEON SP LOW PROFILE","global","170_Storage","string","4x 6G/12G SAS HBA/RAID controllers or <br>2x 12G SAS HBA/RAID controllers with optional"
"gid://shopify/Product/1774403518534","flachesan2v-d5-2u-48-bays","FlacheSAN2V-D5 2U 48 BAYS 7MM 12G SAS/SATA SSD DUAL XEON SP LOW PROFILE","global","305_Expansion","string","Supports up to total of 7 PCIe slots<br>3 PCIe3 x8 <br>4 PCIe3 x16 (Optional on-board Lsi 3108 SAS controller)"
"gid://shopify/Product/1774403518534","flachesan2v-d5-2u-48-bays","FlacheSAN2V-D5 2U 48 BAYS 7MM 12G SAS/SATA SSD DUAL XEON SP LOW PROFILE","global","700_Environment","string","Environment"
"gid://shopify/Product/1774403518534","flachesan2v-d5-2u-48-bays","FlacheSAN2V-D5 2U 48 BAYS 7MM 12G SAS/SATA SSD DUAL XEON SP LOW PROFILE","global","710_Operating Temperature","string","0&deg;C ~ 35&deg;C"
"gid://shopify/Product/1774403518534","flachesan2v-d5-2u-48-bays","FlacheSAN2V-D5 2U 48 BAYS 7MM 12G SAS/SATA SSD DUAL XEON SP LOW PROFILE","global","720_Storage Temperature","string","-20&deg;C ~ 70&deg;C"
"gid://shopify/Product/1774403518534","flachesan2v-d5-2u-48-bays","FlacheSAN2V-D5 2U 48 BAYS 7MM 12G SAS/SATA SSD DUAL XEON SP LOW PROFILE","global","730_Relative Humidity","string","5% ~ 95% relative humidity, non-condensing"
"gid://shopify/Product/1774403518534","flachesan2v-d5-2u-48-bays","FlacheSAN2V-D5 2U 48 BAYS 7MM 12G SAS/SATA SSD DUAL XEON SP LOW PROFILE","global","800_Physical","string","Physical"
"gid://shopify/Product/1774403518534","flachesan2v-d5-2u-48-bays","FlacheSAN2V-D5 2U 48 BAYS 7MM 12G SAS/SATA SSD DUAL XEON SP LOW PROFILE","global","810_Dimensions (W x H x D)","string","System: 26""x19""x3.5"" (LxWxH) Packaging: 36""x 24.5""x10.5""(LxWxH)"
"gid://shopify/Product/1774403518534","flachesan2v-d5-2u-48-bays","FlacheSAN2V-D5 2U 48 BAYS 7MM 12G SAS/SATA SSD DUAL XEON SP LOW PROFILE","global","820_Weights","string","Gross: 25KG/55LBS; Net: 21.36KG/46LBS"
"gid://shopify/Product/1774403518534","flachesan2v-d5-2u-48-bays","FlacheSAN2V-D5 2U 48 BAYS 7MM 12G SAS/SATA SSD DUAL XEON SP LOW PROFILE","global","BACK-I/O","string","4x USB 3.0; 1x D-Sub 15-pin VGA port; 2x RJ-45 GbE ports"
"gid://shopify/Product/1774403518534","flachesan2v-d5-2u-48-bays","FlacheSAN2V-D5 2U 48 BAYS 7MM 12G SAS/SATA SSD DUAL XEON SP LOW PROFILE","global","CPU","string","Supports Dual Intel® Xeon® SP Skylake up to 205W TDP socket LGA3647"
"gid://shopify/Product/1774403518534","flachesan2v-d5-2u-48-bays","FlacheSAN2V-D5 2U 48 BAYS 7MM 12G SAS/SATA SSD DUAL XEON SP LOW PROFILE","global","Data-Sheet","string","https://cdn.shopify.com/s/files/1/0028/7509/7153/t/6/assets/Premio-FlacheStreams-FlacheSAN2V-D5-1528332369733.pdf?14946312586263876554"
"gid://shopify/Product/1774403518534","flachesan2v-d5-2u-48-bays","FlacheSAN2V-D5 2U 48 BAYS 7MM 12G SAS/SATA SSD DUAL XEON SP LOW PROFILE","global","ETHERNET","string","Dual Gbe (10GbT optional)"
"gid://shopify/Product/1774403518534","flachesan2v-d5-2u-48-bays","FlacheSAN2V-D5 2U 48 BAYS 7MM 12G SAS/SATA SSD DUAL XEON SP LOW PROFILE","global","EXPANSION","string","Supports up to total of 7 PCIe slots; 3 PCIe3 x8; 4 PCIe3 x16 (Optional on-board LSI 3108 SAS Controller)"
"gid://shopify/Product/1774403518534","flachesan2v-d5-2u-48-bays","FlacheSAN2V-D5 2U 48 BAYS 7MM 12G SAS/SATA SSD DUAL XEON SP LOW PROFILE","global","family","string","server"
"gid://shopify/Product/1774403518534","flachesan2v-d5-2u-48-bays","FlacheSAN2V-D5 2U 48 BAYS 7MM 12G SAS/SATA SSD DUAL XEON SP LOW PROFILE","global","FRONT-I/O","string","Power On/OFF with LED, reset Switch, NMI switch, Locate Switch with LED, 4x LAN LED, Warning LED"
"gid://shopify/Product/1774403518534","flachesan2v-d5-2u-48-bays","FlacheSAN2V-D5 2U 48 BAYS 7MM 12G SAS/SATA SSD DUAL XEON SP LOW PROFILE","global","POWER-INPUT","string","1+1 1000W AC/DC 80 Plus Redundant PSU; optional - 48V DC input availble upon request"
"gid://shopify/Product/1774403518534","flachesan2v-d5-2u-48-bays","FlacheSAN2V-D5 2U 48 BAYS 7MM 12G SAS/SATA SSD DUAL XEON SP LOW PROFILE","global","product series","string","FlacheStreams"
"gid://shopify/Product/1774403518534","flachesan2v-d5-2u-48-bays","FlacheSAN2V-D5 2U 48 BAYS 7MM 12G SAS/SATA SSD DUAL XEON SP LOW PROFILE","global","resource_Data Sheet","string","DS_FlacheSAN2V-D5_E"
"gid://shopify/Product/1774403518534","flachesan2v-d5-2u-48-bays","FlacheSAN2V-D5 2U 48 BAYS 7MM 12G SAS/SATA SSD DUAL XEON SP LOW PROFILE","global","STORAGE","string","4x 6G/12G SAS HBA/RAID controllers or 2x 12G SAS HBA/RAID controllers with optional "
"gid://shopify/Product/1774403518534","flachesan2v-d5-2u-48-bays","FlacheSAN2V-D5 2U 48 BAYS 7MM 12G SAS/SATA SSD DUAL XEON SP LOW PROFILE","global","SYSTEM-CHIPSET","string","Intel® C621 chipset"
"gid://shopify/Product/1774403518534","flachesan2v-d5-2u-48-bays","FlacheSAN2V-D5 2U 48 BAYS 7MM 12G SAS/SATA SSD DUAL XEON SP LOW PROFILE","global","SYSTEM-MEMORY","string","Supports 16x DDR4 ECC RDIMM/LRDIMM 2133/2400/2666 MT/s"
"gid://shopify/Product/1774403518534","flachesan2v-d5-2u-48-bays","FlacheSAN2V-D5 2U 48 BAYS 7MM 12G SAS/SATA SSD DUAL XEON SP LOW PROFILE","global","title","string","FlacheSAN2V-D5"
"gid://shopify/Product/1774403518534","flachesan2v-d5-2u-48-bays","FlacheSAN2V-D5 2U 48 BAYS 7MM 12G SAS/SATA SSD DUAL XEON SP LOW PROFILE","global","171_Driver Bays","string","48x front hot-swap 2.5"" 7mm 6G SATA drive bays<br>2x internal .5"" 7 or <br>15mm 6G SATA bays"
"gid://shopify/Product/1774403518534","flachesan2v-d5-2u-48-bays","FlacheSAN2V-D5 2U 48 BAYS 7MM 12G SAS/SATA SSD DUAL XEON SP LOW PROFILE","global","220_Cooling","string","4x 80mm high speed fans"
"gid://shopify/Product/1774403518534","flachesan2v-d5-2u-48-bays","FlacheSAN2V-D5 2U 48 BAYS 7MM 12G SAS/SATA SSD DUAL XEON SP LOW PROFILE","global","739_HTS Code","string","8473 30 5100"
"gid://shopify/Product/1774403518534","flachesan2v-d5-2u-48-bays","FlacheSAN2V-D5 2U 48 BAYS 7MM 12G SAS/SATA SSD DUAL XEON SP LOW PROFILE","global","740_ECCN","string","4A994"
"gid://shopify/Product/1774403518534","flachesan2v-d5-2u-48-bays","FlacheSAN2V-D5 2U 48 BAYS 7MM 12G SAS/SATA SSD DUAL XEON SP LOW PROFILE","global","741_Compliance","string","CE, FCC Class A, RoHS 6/6 compliant"
"gid://shopify/Product/1774403518534","flachesan2v-d5-2u-48-bays","FlacheSAN2V-D5 2U 48 BAYS 7MM 12G SAS/SATA SSD DUAL XEON SP LOW PROFILE","global","AVL","string","https://cdn.shopify.com/s/files/1/0028/7509/7153/t/6/assets/FlacheSAN2V-D5-AVL-1528332369742.pdf?13797337563916501858"
"gid://shopify/Product/1774403518534","flachesan2v-d5-2u-48-bays","FlacheSAN2V-D5 2U 48 BAYS 7MM 12G SAS/SATA SSD DUAL XEON SP LOW PROFILE","global","Compliance","string","CE, FCC Class A, RoHS 6/6 compliant"
"gid://shopify/Product/1774403518534","flachesan2v-d5-2u-48-bays","FlacheSAN2V-D5 2U 48 BAYS 7MM 12G SAS/SATA SSD DUAL XEON SP LOW PROFILE","global","Cooling","string","4x 80mm cooling fans"
"gid://shopify/Product/1774403518534","flachesan2v-d5-2u-48-bays","FlacheSAN2V-D5 2U 48 BAYS 7MM 12G SAS/SATA SSD DUAL XEON SP LOW PROFILE","global","DIMENSIONS","string","System: 26”x19”x3.5” (LxWxH) Packaging: 36”x 24.5”x10.5”(LxWxH)"
"gid://shopify/Product/1774403518534","flachesan2v-d5-2u-48-bays","FlacheSAN2V-D5 2U 48 BAYS 7MM 12G SAS/SATA SSD DUAL XEON SP LOW PROFILE","global","Drive-Bays","string","48x front hot-swap 2.5” 7mm 6G SATA drive bays; 4x rear hot-swap 2.5” 7mm 6G SATA bays"
"gid://shopify/Product/1774403518534","flachesan2v-d5-2u-48-bays","FlacheSAN2V-D5 2U 48 BAYS 7MM 12G SAS/SATA SSD DUAL XEON SP LOW PROFILE","global","Environmental","string","Operating Temperature: 0°C to 35°C Non-Operating Temperature: -20°C to 70°C Humidity: 5% to 95% non-condensing"
"gid://shopify/Product/1774403518534","flachesan2v-d5-2u-48-bays","FlacheSAN2V-D5 2U 48 BAYS 7MM 12G SAS/SATA SSD DUAL XEON SP LOW PROFILE","global","Install-Guide","string","https://cdn.shopify.com/s/files/1/0028/7509/7153/t/6/assets/FlacheSAN2V-D5-Quick-Guide-v1.00-1528332369752.pdf?3304176165685386195"
"gid://shopify/Product/1774403518534","flachesan2v-d5-2u-48-bays","FlacheSAN2V-D5 2U 48 BAYS 7MM 12G SAS/SATA SSD DUAL XEON SP LOW PROFILE","global","Logistic","string","HTS Code: 8473 30 5100; ECCN: 4A994"
"gid://shopify/Product/1774403518534","flachesan2v-d5-2u-48-bays","FlacheSAN2V-D5 2U 48 BAYS 7MM 12G SAS/SATA SSD DUAL XEON SP LOW PROFILE","global","Ordering-Info","string","BB2482FD5TY16-A - 2U 48 BAYS 7MM 12G SAS/SATA SSD DUAL XEON SP LOW PROFILE SLOTS 800W HRP"
"gid://shopify/Product/1774403518534","flachesan2v-d5-2u-48-bays","FlacheSAN2V-D5 2U 48 BAYS 7MM 12G SAS/SATA SSD DUAL XEON SP LOW PROFILE","global","Product-Brief","string","https://cdn.shopify.com/s/files/1/0028/7509/7153/t/6/assets/FlacheStreams_Intel_ProductBrief_Premio-1528328966686.pdf?6427295639994230946"
"gid://shopify/Product/1774403518534","flachesan2v-d5-2u-48-bays","FlacheSAN2V-D5 2U 48 BAYS 7MM 12G SAS/SATA SSD DUAL XEON SP LOW PROFILE","global","resource_AVL","string","FlacheSAN2V-D5-AVL"
"gid://shopify/Product/1774403518534","flachesan2v-d5-2u-48-bays","FlacheSAN2V-D5 2U 48 BAYS 7MM 12G SAS/SATA SSD DUAL XEON SP LOW PROFILE","global","resource_BIOS","string","Tyan S7100GM2NR"
"gid://shopify/Product/1774403518534","flachesan2v-d5-2u-48-bays","FlacheSAN2V-D5 2U 48 BAYS 7MM 12G SAS/SATA SSD DUAL XEON SP LOW PROFILE","global","resource_Install Guide","string","FlacheSAN2V-D5-QG"
"gid://shopify/Product/1774403518534","flachesan2v-d5-2u-48-bays","FlacheSAN2V-D5 2U 48 BAYS 7MM 12G SAS/SATA SSD DUAL XEON SP LOW PROFILE","global","Supported-OS","string","Windows 2012 R2, RHEL 6.5, SLES 11 SP3, Windows 208 R2, VMWare ESXi 5.5, FreeBSD 9.2 Centos 6.5; For other OS please contact us"
"gid://shopify/Product/1774403518534","flachesan2v-d5-2u-48-bays","FlacheSAN2V-D5 2U 48 BAYS 7MM 12G SAS/SATA SSD DUAL XEON SP LOW PROFILE","global","WEIGHT","string","Gross: 25KG/55LBS; Net: 21.36KG/46LBS"
"gid://shopify/Product/1774403518534","flachesan2v-d5-2u-48-bays","FlacheSAN2V-D5 2U 48 BAYS 7MM 12G SAS/SATA SSD DUAL XEON SP LOW PROFILE","global","resource_Product Brief","string","PB-FlacheStreams_Intel_E"
"gid://shopify/Product/1774403518534","flachesan2v-d5-2u-48-bays","FlacheSAN2V-D5 2U 48 BAYS 7MM 12G SAS/SATA SSD DUAL XEON SP LOW PROFILE","global","processor","string","Intel"
"gid://shopify/Product/1774404010054","flachesan2v-u5-2u-48-bays","FlacheSAN2V-U5 2U 48 BAYS 7MM 12G SAS/SATA SSD SINGLE XEON SP LOW PROFILE","global","100_System","string","System"
"gid://shopify/Product/1774404010054","flachesan2v-u5-2u-48-bays","FlacheSAN2V-U5 2U 48 BAYS 7MM 12G SAS/SATA SSD SINGLE XEON SP LOW PROFILE","global","110_Processor","string","Supports UP Intel&reg; Xeon&reg; SP Skylake up to 165W TDP socket LGA3647"
"gid://shopify/Product/1774404010054","flachesan2v-u5-2u-48-bays","FlacheSAN2V-U5 2U 48 BAYS 7MM 12G SAS/SATA SSD SINGLE XEON SP LOW PROFILE","global","120_System Chipset","string","Intel&reg; C621 chipset"
"gid://shopify/Product/1774404010054","flachesan2v-u5-2u-48-bays","FlacheSAN2V-U5 2U 48 BAYS 7MM 12G SAS/SATA SSD SINGLE XEON SP LOW PROFILE","global","130_System Memory","string","Supports 8x DDR4 ECC RDIMM/LRDIMM 2133/2400/2666 MT/s"
"gid://shopify/Product/1774404010054","flachesan2v-u5-2u-48-bays","FlacheSAN2V-U5 2U 48 BAYS 7MM 12G SAS/SATA SSD SINGLE XEON SP LOW PROFILE","global","170_Storage","string","4x 6G/12G SAS HBA/RAID controllers by using available PCIe slots"
"gid://shopify/Product/1774404010054","flachesan2v-u5-2u-48-bays","FlacheSAN2V-U5 2U 48 BAYS 7MM 12G SAS/SATA SSD SINGLE XEON SP LOW PROFILE","global","305_Expansion","string","Supports up to total of 7 PCIe slots <br>4 PCIe3 x8 <br>1 PCIe3x16 <br>1 PCIe3 x4 (in x8 slot)"
"gid://shopify/Product/1774404010054","flachesan2v-u5-2u-48-bays","FlacheSAN2V-U5 2U 48 BAYS 7MM 12G SAS/SATA SSD SINGLE XEON SP LOW PROFILE","global","700_Environment","string","Environment"
"gid://shopify/Product/1774404010054","flachesan2v-u5-2u-48-bays","FlacheSAN2V-U5 2U 48 BAYS 7MM 12G SAS/SATA SSD SINGLE XEON SP LOW PROFILE","global","710_Operating Temperature","string","0&deg;C ~ 35&deg;C"
"gid://shopify/Product/1774404010054","flachesan2v-u5-2u-48-bays","FlacheSAN2V-U5 2U 48 BAYS 7MM 12G SAS/SATA SSD SINGLE XEON SP LOW PROFILE","global","720_Storage Temperature","string","-20&deg;C ~ 70&deg;C"
"gid://shopify/Product/1774404010054","flachesan2v-u5-2u-48-bays","FlacheSAN2V-U5 2U 48 BAYS 7MM 12G SAS/SATA SSD SINGLE XEON SP LOW PROFILE","global","730_Relative Humidity","string","5% ~ 95% relative humidity, non-condensing"
"gid://shopify/Product/1774404010054","flachesan2v-u5-2u-48-bays","FlacheSAN2V-U5 2U 48 BAYS 7MM 12G SAS/SATA SSD SINGLE XEON SP LOW PROFILE","global","800_Physical","string","Physical"
"gid://shopify/Product/1774404010054","flachesan2v-u5-2u-48-bays","FlacheSAN2V-U5 2U 48 BAYS 7MM 12G SAS/SATA SSD SINGLE XEON SP LOW PROFILE","global","810_Dimensions (W x H x D)","string","System: 26""x19""x3.5"" (LxWxH) Packaging: 36""x 24.5""x10.5""(LxWxH)"
"gid://shopify/Product/1774404010054","flachesan2v-u5-2u-48-bays","FlacheSAN2V-U5 2U 48 BAYS 7MM 12G SAS/SATA SSD SINGLE XEON SP LOW PROFILE","global","820_Weights","string","Gross: 25KG/55LBS; Net: 21.36KG/46LBS"
"gid://shopify/Product/1774404010054","flachesan2v-u5-2u-48-bays","FlacheSAN2V-U5 2U 48 BAYS 7MM 12G SAS/SATA SSD SINGLE XEON SP LOW PROFILE","global","BACK-I/O","string","2x USB 3.0; 2x USB 2.0; 1x DB9 COM; 1x D-Sub 15-pin VGA port; 2x RJ-45 GbE ports; 1x RJ-45 MGMT"
"gid://shopify/Product/1774404010054","flachesan2v-u5-2u-48-bays","FlacheSAN2V-U5 2U 48 BAYS 7MM 12G SAS/SATA SSD SINGLE XEON SP LOW PROFILE","global","CPU","string","Supports UP Intel® Xeon® SP Skylake up to 165W TDP socket LGA3647"
"gid://shopify/Product/1774404010054","flachesan2v-u5-2u-48-bays","FlacheSAN2V-U5 2U 48 BAYS 7MM 12G SAS/SATA SSD SINGLE XEON SP LOW PROFILE","global","Data-Sheet","string","https://cdn.shopify.com/s/files/1/0028/7509/7153/t/6/assets/FlacheStreams-FlacheSAN2V-U5-1528333545709.pdf?4940348812947868339"
"gid://shopify/Product/1774404010054","flachesan2v-u5-2u-48-bays","FlacheSAN2V-U5 2U 48 BAYS 7MM 12G SAS/SATA SSD SINGLE XEON SP LOW PROFILE","global","ETHERNET","string","2x Gbe ports"
"gid://shopify/Product/1774404010054","flachesan2v-u5-2u-48-bays","FlacheSAN2V-U5 2U 48 BAYS 7MM 12G SAS/SATA SSD SINGLE XEON SP LOW PROFILE","global","EXPANSION","string","Supports up to total of 7 PCIe slots; 4 PCIe3 x8; 1 PCIe3 x16; 1 PCIe3 x4 (in x8 slot)"
"gid://shopify/Product/1774404010054","flachesan2v-u5-2u-48-bays","FlacheSAN2V-U5 2U 48 BAYS 7MM 12G SAS/SATA SSD SINGLE XEON SP LOW PROFILE","global","family","string","server"
"gid://shopify/Product/1774404010054","flachesan2v-u5-2u-48-bays","FlacheSAN2V-U5 2U 48 BAYS 7MM 12G SAS/SATA SSD SINGLE XEON SP LOW PROFILE","global","FRONT-I/O","string","Power On/OFF with LED, reset Switch, NMI switch, Locate Switch with LED, 4x LAN LED, Warning LED"
"gid://shopify/Product/1774404010054","flachesan2v-u5-2u-48-bays","FlacheSAN2V-U5 2U 48 BAYS 7MM 12G SAS/SATA SSD SINGLE XEON SP LOW PROFILE","global","POWER-INPUT","string","1+1 800W AC/DC 80 Plus Redundant PSU; Optional - 48V DC input availble upon request"
"gid://shopify/Product/1774404010054","flachesan2v-u5-2u-48-bays","FlacheSAN2V-U5 2U 48 BAYS 7MM 12G SAS/SATA SSD SINGLE XEON SP LOW PROFILE","global","product series","string","FlacheStreams"
"gid://shopify/Product/1774404010054","flachesan2v-u5-2u-48-bays","FlacheSAN2V-U5 2U 48 BAYS 7MM 12G SAS/SATA SSD SINGLE XEON SP LOW PROFILE","global","resource_Data Sheet","string","DS_FlacheSAN2V-U5_E"
"gid://shopify/Product/1774404010054","flachesan2v-u5-2u-48-bays","FlacheSAN2V-U5 2U 48 BAYS 7MM 12G SAS/SATA SSD SINGLE XEON SP LOW PROFILE","global","STORAGE","string","4x 6G/12G SAS HBA/RAID controllers by using available PCIe slots"
"gid://shopify/Product/1774404010054","flachesan2v-u5-2u-48-bays","FlacheSAN2V-U5 2U 48 BAYS 7MM 12G SAS/SATA SSD SINGLE XEON SP LOW PROFILE","global","SYSTEM-CHIPSET","string","Intel® C621 chipset"
"gid://shopify/Product/1774404010054","flachesan2v-u5-2u-48-bays","FlacheSAN2V-U5 2U 48 BAYS 7MM 12G SAS/SATA SSD SINGLE XEON SP LOW PROFILE","global","SYSTEM-MEMORY","string","Supports 8x DDR4 ECC RDIMM/LRDIMM 2133/2400/2666 MT/s"
"gid://shopify/Product/1774404010054","flachesan2v-u5-2u-48-bays","FlacheSAN2V-U5 2U 48 BAYS 7MM 12G SAS/SATA SSD SINGLE XEON SP LOW PROFILE","global","title","string","FlacheSAN2V-U5"
"gid://shopify/Product/1774404010054","flachesan2v-u5-2u-48-bays","FlacheSAN2V-U5 2U 48 BAYS 7MM 12G SAS/SATA SSD SINGLE XEON SP LOW PROFILE","global","171_Driver Bays","string","48x front hot-swap 2.5"" 7mm 6G SATA drive bays; 2x internal .5"" 7 or 15mm 6G SATA bays"
"gid://shopify/Product/1774404010054","flachesan2v-u5-2u-48-bays","FlacheSAN2V-U5 2U 48 BAYS 7MM 12G SAS/SATA SSD SINGLE XEON SP LOW PROFILE","global","220_Cooling","string","4x 80mm high speed fans"
"gid://shopify/Product/1774404010054","flachesan2v-u5-2u-48-bays","FlacheSAN2V-U5 2U 48 BAYS 7MM 12G SAS/SATA SSD SINGLE XEON SP LOW PROFILE","global","739_HTS Code","string","8473 30 5100"
"gid://shopify/Product/1774404010054","flachesan2v-u5-2u-48-bays","FlacheSAN2V-U5 2U 48 BAYS 7MM 12G SAS/SATA SSD SINGLE XEON SP LOW PROFILE","global","740_ECCN","string","4A994"
"gid://shopify/Product/1774404010054","flachesan2v-u5-2u-48-bays","FlacheSAN2V-U5 2U 48 BAYS 7MM 12G SAS/SATA SSD SINGLE XEON SP LOW PROFILE","global","741_Compliance","string","CE, FCC Class A, RoHS 6/6 compliant"
"gid://shopify/Product/1774404010054","flachesan2v-u5-2u-48-bays","FlacheSAN2V-U5 2U 48 BAYS 7MM 12G SAS/SATA SSD SINGLE XEON SP LOW PROFILE","global","AVL","string","https://cdn.shopify.com/s/files/1/0028/7509/7153/t/6/assets/FlacheSAN2V-U5-AVL-1528333545716.pdf?4940348812947868339"
"gid://shopify/Product/1774404010054","flachesan2v-u5-2u-48-bays","FlacheSAN2V-U5 2U 48 BAYS 7MM 12G SAS/SATA SSD SINGLE XEON SP LOW PROFILE","global","Compliance","string","CE, FCC Class A, RoHS 6/6 compliant"
"gid://shopify/Product/1774404010054","flachesan2v-u5-2u-48-bays","FlacheSAN2V-U5 2U 48 BAYS 7MM 12G SAS/SATA SSD SINGLE XEON SP LOW PROFILE","global","Cooling","string","4x 80mm cooling fans"
"gid://shopify/Product/1774404010054","flachesan2v-u5-2u-48-bays","FlacheSAN2V-U5 2U 48 BAYS 7MM 12G SAS/SATA SSD SINGLE XEON SP LOW PROFILE","global","DIMENSIONS","string","System: 26”x19”x3.5” (LxWxH) Packaging: 36”x 24.5”x10.5”(LxWxH)"
"gid://shopify/Product/1774404010054","flachesan2v-u5-2u-48-bays","FlacheSAN2V-U5 2U 48 BAYS 7MM 12G SAS/SATA SSD SINGLE XEON SP LOW PROFILE","global","Drive-Bays","string","48x front hot-swap 2.5” 7mm 6G SATA drive bays; 2x internal .5” 7 or 15mm 6G SATA bays"
"gid://shopify/Product/1774404010054","flachesan2v-u5-2u-48-bays","FlacheSAN2V-U5 2U 48 BAYS 7MM 12G SAS/SATA SSD SINGLE XEON SP LOW PROFILE","global","Environmental","string","Operating Temperature: 0°C to 35°C Non-Operating Temperature: -20°C to 70°C Humidity: 5% to 95% non-condensing"
"gid://shopify/Product/1774404010054","flachesan2v-u5-2u-48-bays","FlacheSAN2V-U5 2U 48 BAYS 7MM 12G SAS/SATA SSD SINGLE XEON SP LOW PROFILE","global","Logistic","string","HTS Code: 8473 30 5100; ECCN: 4A994"
"gid://shopify/Product/1774404010054","flachesan2v-u5-2u-48-bays","FlacheSAN2V-U5 2U 48 BAYS 7MM 12G SAS/SATA SSD SINGLE XEON SP LOW PROFILE","global","Ordering-Info","string","BB2482FU5SM16-A - 2U 48 BAYS 7MM 12G SAS/SATA SSD SINGLE XEON SP LOW PROFILE SLOTS 800W HRP"
"gid://shopify/Product/1774404010054","flachesan2v-u5-2u-48-bays","FlacheSAN2V-U5 2U 48 BAYS 7MM 12G SAS/SATA SSD SINGLE XEON SP LOW PROFILE","global","Product-Brief","string","https://cdn.shopify.com/s/files/1/0028/7509/7153/t/6/assets/FlacheStreams_Intel_ProductBrief_Premio-1528328966686.pdf?6427295639994230946"
"gid://shopify/Product/1774404010054","flachesan2v-u5-2u-48-bays","FlacheSAN2V-U5 2U 48 BAYS 7MM 12G SAS/SATA SSD SINGLE XEON SP LOW PROFILE","global","resource_AVL","string","FlacheSAN2V-U5-AVL"
"gid://shopify/Product/1774404010054","flachesan2v-u5-2u-48-bays","FlacheSAN2V-U5 2U 48 BAYS 7MM 12G SAS/SATA SSD SINGLE XEON SP LOW PROFILE","global","resource_BIOS","string","Tyan S7100GM2NR"
"gid://shopify/Product/1774404010054","flachesan2v-u5-2u-48-bays","FlacheSAN2V-U5 2U 48 BAYS 7MM 12G SAS/SATA SSD SINGLE XEON SP LOW PROFILE","global","Supported-OS","string","Windows 2016, 2012 R2, RHEL 7.3/6.9, SLES 12 SP2/11 SP4, Fedora 25, FreeBSD 11/10.3, Centos 7.0, For other OS please contact us"
"gid://shopify/Product/1774404010054","flachesan2v-u5-2u-48-bays","FlacheSAN2V-U5 2U 48 BAYS 7MM 12G SAS/SATA SSD SINGLE XEON SP LOW PROFILE","global","WEIGHT","string","Gross: 25KG/55LBS; Net: 21.36KG/46LBS"
"gid://shopify/Product/1774404010054","flachesan2v-u5-2u-48-bays","FlacheSAN2V-U5 2U 48 BAYS 7MM 12G SAS/SATA SSD SINGLE XEON SP LOW PROFILE","global","resource_Product Brief","string","PB-FlacheStreams_Intel_E"
"gid://shopify/Product/1774404010054","flachesan2v-u5-2u-48-bays","FlacheSAN2V-U5 2U 48 BAYS 7MM 12G SAS/SATA SSD SINGLE XEON SP LOW PROFILE","global","processor","string","Intel"
"gid://shopify/Product/1774404436038","flachesan2v-un-2u-48-bays","FlacheSAN2V-UN 2U 48 BAYS 7MM 12G SAS/SATA SSD SINGLE EPYC 800W HRP","global","100_System","string","System"
"gid://shopify/Product/1774404436038","flachesan2v-un-2u-48-bays","FlacheSAN2V-UN 2U 48 BAYS 7MM 12G SAS/SATA SSD SINGLE EPYC 800W HRP","global","110_Processor","string","Supports UP AMD EPYC (Naples) up to 180W TDP socket SP3"
"gid://shopify/Product/1774404436038","flachesan2v-un-2u-48-bays","FlacheSAN2V-UN 2U 48 BAYS 7MM 12G SAS/SATA SSD SINGLE EPYC 800W HRP","global","130_System Memory","string","Supports 16x DDR4 ECC RDIMM/LRDIMM 2133/2400/2666 MT/s"
"gid://shopify/Product/1774404436038","flachesan2v-un-2u-48-bays","FlacheSAN2V-UN 2U 48 BAYS 7MM 12G SAS/SATA SSD SINGLE EPYC 800W HRP","global","170_Storage","string","4x SlimSAS for 16 SATA 6G and 4x 6G/12G SAS HBA/RAID controllers by using available PCIe slots"
"gid://shopify/Product/1774404436038","flachesan2v-un-2u-48-bays","FlacheSAN2V-UN 2U 48 BAYS 7MM 12G SAS/SATA SSD SINGLE EPYC 800W HRP","global","305_Expansion","string","Supports up to total of 7 PCIe slots; 3 PCIe3 x8; 4 PCIe3 x16"
"gid://shopify/Product/1774404436038","flachesan2v-un-2u-48-bays","FlacheSAN2V-UN 2U 48 BAYS 7MM 12G SAS/SATA SSD SINGLE EPYC 800W HRP","global","700_Environment","string","Environment"
"gid://shopify/Product/1774404436038","flachesan2v-un-2u-48-bays","FlacheSAN2V-UN 2U 48 BAYS 7MM 12G SAS/SATA SSD SINGLE EPYC 800W HRP","global","710_Operating Temperature","string","0&deg;C ~ 35&deg;C"
"gid://shopify/Product/1774404436038","flachesan2v-un-2u-48-bays","FlacheSAN2V-UN 2U 48 BAYS 7MM 12G SAS/SATA SSD SINGLE EPYC 800W HRP","global","720_Storage Temperature","string","-20&deg;C ~ 70&deg;C"
"gid://shopify/Product/1774404436038","flachesan2v-un-2u-48-bays","FlacheSAN2V-UN 2U 48 BAYS 7MM 12G SAS/SATA SSD SINGLE EPYC 800W HRP","global","730_Relative Humidity","string","5% ~ 95% relative humidity, non-condensing"
"gid://shopify/Product/1774404436038","flachesan2v-un-2u-48-bays","FlacheSAN2V-UN 2U 48 BAYS 7MM 12G SAS/SATA SSD SINGLE EPYC 800W HRP","global","800_Physical","string","Physical"
"gid://shopify/Product/1774404436038","flachesan2v-un-2u-48-bays","FlacheSAN2V-UN 2U 48 BAYS 7MM 12G SAS/SATA SSD SINGLE EPYC 800W HRP","global","810_Dimensions (W x H x D)","string","System: 26""x19""x3.5"" (LxWxH) Packaging: 36""x 24.5""x10.5""(LxWxH)"
"gid://shopify/Product/1774404436038","flachesan2v-un-2u-48-bays","FlacheSAN2V-UN 2U 48 BAYS 7MM 12G SAS/SATA SSD SINGLE EPYC 800W HRP","global","820_Weights","string","Gross: 25KG/55LBS; Net: 21.36KG/46LBS"
"gid://shopify/Product/1774404436038","flachesan2v-un-2u-48-bays","FlacheSAN2V-UN 2U 48 BAYS 7MM 12G SAS/SATA SSD SINGLE EPYC 800W HRP","global","family","string","server"
"gid://shopify/Product/1774404436038","flachesan2v-un-2u-48-bays","FlacheSAN2V-UN 2U 48 BAYS 7MM 12G SAS/SATA SSD SINGLE EPYC 800W HRP","global","product series","string","FlacheStreams"
"gid://shopify/Product/1774404436038","flachesan2v-un-2u-48-bays","FlacheSAN2V-UN 2U 48 BAYS 7MM 12G SAS/SATA SSD SINGLE EPYC 800W HRP","global","title","string","FlacheSAN2V-UN"
"gid://shopify/Product/1774404436038","flachesan2v-un-2u-48-bays","FlacheSAN2V-UN 2U 48 BAYS 7MM 12G SAS/SATA SSD SINGLE EPYC 800W HRP","global","171_Driver Bays","string","48x front hot-swap 2.5"" 7mm 6G SATA drive bays; 2x internal .5"" 7 or 15mm 6G SATA bays"
"gid://shopify/Product/1774404436038","flachesan2v-un-2u-48-bays","FlacheSAN2V-UN 2U 48 BAYS 7MM 12G SAS/SATA SSD SINGLE EPYC 800W HRP","global","220_Cooling","string","4x 80mm cooling fans"
"gid://shopify/Product/1774404436038","flachesan2v-un-2u-48-bays","FlacheSAN2V-UN 2U 48 BAYS 7MM 12G SAS/SATA SSD SINGLE EPYC 800W HRP","global","739_HTS Code","string","8473 30 5100"
"gid://shopify/Product/1774404436038","flachesan2v-un-2u-48-bays","FlacheSAN2V-UN 2U 48 BAYS 7MM 12G SAS/SATA SSD SINGLE EPYC 800W HRP","global","740_ECCN","string","4A994"
"gid://shopify/Product/1774404436038","flachesan2v-un-2u-48-bays","FlacheSAN2V-UN 2U 48 BAYS 7MM 12G SAS/SATA SSD SINGLE EPYC 800W HRP","global","741_Compliance","string","CE, FCC Class A, RoHS 6/6 compliant"
"gid://shopify/Product/1774404436038","flachesan2v-un-2u-48-bays","FlacheSAN2V-UN 2U 48 BAYS 7MM 12G SAS/SATA SSD SINGLE EPYC 800W HRP","global","resource_BIOS","string","BIOS Gigabyte MZ31-AR0"
"gid://shopify/Product/1774404436038","flachesan2v-un-2u-48-bays","FlacheSAN2V-UN 2U 48 BAYS 7MM 12G SAS/SATA SSD SINGLE EPYC 800W HRP","global","resource_Firmware","string","Firmware Gigabyte MZ31-AR0"
"gid://shopify/Product/1774404436038","flachesan2v-un-2u-48-bays","FlacheSAN2V-UN 2U 48 BAYS 7MM 12G SAS/SATA SSD SINGLE EPYC 800W HRP","global","resource_AVL","string","FlacheSAN2V-UN-AVL"
"gid://shopify/Product/1774404436038","flachesan2v-un-2u-48-bays","FlacheSAN2V-UN 2U 48 BAYS 7MM 12G SAS/SATA SSD SINGLE EPYC 800W HRP","global","resource_Data Sheet","string","DS_FlacheSAN2V-UN_E"
"gid://shopify/Product/1774404436038","flachesan2v-un-2u-48-bays","FlacheSAN2V-UN 2U 48 BAYS 7MM 12G SAS/SATA SSD SINGLE EPYC 800W HRP","global","resource_Product Brief","string","PB-FlacheStreams_AMD_E"
"gid://shopify/Product/1774404436038","flachesan2v-un-2u-48-bays","FlacheSAN2V-UN 2U 48 BAYS 7MM 12G SAS/SATA SSD SINGLE EPYC 800W HRP","global","processor","string","AMD"
"gid://shopify/Product/2034080677958","flachesan4n24m-un","FLACHESAN4N24M-UN EPYC UP Server 24bay","global","resource_Product Brief","string","PB-FlacheStreams_AMD_E"
"gid://shopify/Product/2034080677958","flachesan4n24m-un","FLACHESAN4N24M-UN EPYC UP Server 24bay","global","resource_Data Sheet","string","DS_FlacheSAN4N24M-UN_E"
"gid://shopify/Product/2034080677958","flachesan4n24m-un","FLACHESAN4N24M-UN EPYC UP Server 24bay","global","820_Weights","string","Net Weight (with SSD): 38lbs<br> Gross Weight: 55lbs"
"gid://shopify/Product/2034080677958","flachesan4n24m-un","FLACHESAN4N24M-UN EPYC UP Server 24bay","global","810_Dimensions (W x H x D)","string","System: 16”x7”x13.5” (LxWxH) <br>Packaging: 24”x 12”x18”(LxWxH)"
"gid://shopify/Product/2034080677958","flachesan4n24m-un","FLACHESAN4N24M-UN EPYC UP Server 24bay","global","800_Physical","string","Physical"
"gid://shopify/Product/2034080677958","flachesan4n24m-un","FLACHESAN4N24M-UN EPYC UP Server 24bay","global","741_Compliance","string","CE, FCC Class A, RoHS 6/6 compliant"
"gid://shopify/Product/2034080677958","flachesan4n24m-un","FLACHESAN4N24M-UN EPYC UP Server 24bay","global","740_ECCN","string","4A994"
"gid://shopify/Product/2034080677958","flachesan4n24m-un","FLACHESAN4N24M-UN EPYC UP Server 24bay","global","739_HTS Code","string","8473 30 5100"
"gid://shopify/Product/2034080677958","flachesan4n24m-un","FLACHESAN4N24M-UN EPYC UP Server 24bay","global","730_Relative Humidity","string","5% ~ 95% relative humidity, non-condensing"
"gid://shopify/Product/2034080677958","flachesan4n24m-un","FLACHESAN4N24M-UN EPYC UP Server 24bay","global","720_Storage Temperature","string","-20&deg;C ~ 70&deg;C"
"gid://shopify/Product/2034080677958","flachesan4n24m-un","FLACHESAN4N24M-UN EPYC UP Server 24bay","global","710_Operating Temperature","string","0&deg;C ~ 35&deg;C"
"gid://shopify/Product/2034080677958","flachesan4n24m-un","FLACHESAN4N24M-UN EPYC UP Server 24bay","global","700_Environment","string","Environment"
"gid://shopify/Product/2034080677958","flachesan4n24m-un","FLACHESAN4N24M-UN EPYC UP Server 24bay","global","501_Power","string","1+1 800W or 1600W AC/DC 80Plus Platinumredundant power supplies; Optional -48VDC available"
"gid://shopify/Product/2034080677958","flachesan4n24m-un","FLACHESAN4N24M-UN EPYC UP Server 24bay","global","302_Front I/O","string","Power On/Off with LED<br> Reset Switch<br> NMI Switch<br>Locate Switch with LED<br> 4xLAN LED<br> Warning LED"
"gid://shopify/Product/2034080677958","flachesan4n24m-un","FLACHESAN4N24M-UN EPYC UP Server 24bay","global","299_Other Features","string","Dedicated GbE for IPMI 2.0"
"gid://shopify/Product/2034080677958","flachesan4n24m-un","FLACHESAN4N24M-UN EPYC UP Server 24bay","global","220_Cooling","string","(6) 60x25mm fans or (4) 60x38mm + (2) 60x25mm"
"gid://shopify/Product/2034080677958","flachesan4n24m-un","FLACHESAN4N24M-UN EPYC UP Server 24bay","global","211_Supported OS","string","Windows 2016 64bit<br> Linux RHEL 7.3, 7.4, 7.5 x64 <br>SUSE 11 SP4 x64<br> SUSE 12 SP2 x64<br>Ubuntu 16.04 x64<br>Ubuntu 17.04 x64"
"gid://shopify/Product/2034080677958","flachesan4n24m-un","FLACHESAN4N24M-UN EPYC UP Server 24bay","global","171_Driver Bays","string","24x hot-swap M.2 or NF1 NVMe SSD drive bays <br> 2x Internal 2.5"" for OS drive bays"
"gid://shopify/Product/2034080677958","flachesan4n24m-un","FLACHESAN4N24M-UN EPYC UP Server 24bay","global","170_Storage","string","x48 Lanes PCIe"
"gid://shopify/Product/2034080677958","flachesan4n24m-un","FLACHESAN4N24M-UN EPYC UP Server 24bay","global","130_System Memory","string","Supports up to 16x DIMMs DDR4 RDIMM/LRDIMM/NVDIMM 2667/2400 MHz"
"gid://shopify/Product/2034080677958","flachesan4n24m-un","FLACHESAN4N24M-UN EPYC UP Server 24bay","global","110_Processor","string","Supports UP AMD EPYC (Naples) up to 180W TDP socket SP3"
"gid://shopify/Product/2034080677958","flachesan4n24m-un","FLACHESAN4N24M-UN EPYC UP Server 24bay","global","100_System","string","System "
"gid://shopify/Product/2034080677958","flachesan4n24m-un","FLACHESAN4N24M-UN EPYC UP Server 24bay","global","processor","string","AMD"
"gid://shopify/Product/2034080677958","flachesan4n24m-un","FLACHESAN4N24M-UN EPYC UP Server 24bay","global","product series","string","FlacheStreams"
"gid://shopify/Product/2034080677958","flachesan4n24m-un","FLACHESAN4N24M-UN EPYC UP Server 24bay","global","family","string","server"
"gid://shopify/Product/2034080677958","flachesan4n24m-un","FLACHESAN4N24M-UN EPYC UP Server 24bay","global","title","string","FLACHESAN4N24M-UN"
"gid://shopify/Product/3946399531078","flachesan4n24m-ur","FLACHESAN4N24M-UR 2ND GEN AMD EPYC UP Server 24 bay","global","100_System","string","System"
"gid://shopify/Product/3946399531078","flachesan4n24m-ur","FLACHESAN4N24M-UR 2ND GEN AMD EPYC UP Server 24 bay","global","110_Processor","string","Supports Single Socket AMD ROME&trade; up to 205W TDP socket SP3"
"gid://shopify/Product/3946399531078","flachesan4n24m-ur","FLACHESAN4N24M-UR 2ND GEN AMD EPYC UP Server 24 bay","global","130_System Memory","string","Supports up to 16x DIMMs DDR4 2666/3200 MHz"
"gid://shopify/Product/3946399531078","flachesan4n24m-ur","FLACHESAN4N24M-UR 2ND GEN AMD EPYC UP Server 24 bay","global","170_Storage","string","x48 lanes PCIe"
"gid://shopify/Product/3946399531078","flachesan4n24m-ur","FLACHESAN4N24M-UR 2ND GEN AMD EPYC UP Server 24 bay","global","171_Driver Bays","string","24x hot-swap M.2 or NF1 NVMe SSD drive bays
2x internal 2.5&quot; for OS drive bays"
"gid://shopify/Product/3946399531078","flachesan4n24m-ur","FLACHESAN4N24M-UR 2ND GEN AMD EPYC UP Server 24 bay","global","211_Supported OS","string","Windows 2016 64bit, Linux RHEL 7.3, 7.4, 7.5 x64
SUSE 11 SP4 x64, SUSE 12 SP2 x64,
Ubuntu 16.04 x64, Ubuntu 17.04 x64"
"gid://shopify/Product/3946399531078","flachesan4n24m-ur","FLACHESAN4N24M-UR 2ND GEN AMD EPYC UP Server 24 bay","global","220_Cooling","string","(6) 60x25mm fans or (4) 60x38mm + (2) 60x25mm"
"gid://shopify/Product/3946399531078","flachesan4n24m-ur","FLACHESAN4N24M-UR 2ND GEN AMD EPYC UP Server 24 bay","global","299_Other Features","string","Dedicated GbE for IPMI 2.0"
"gid://shopify/Product/3946399531078","flachesan4n24m-ur","FLACHESAN4N24M-UR 2ND GEN AMD EPYC UP Server 24 bay","global","302_Front I/O","string","Power On/Off with LED, Reset Switch, NMI Switch,
Locate Switch with LED, 4xLAN LED, Warning LED"
"gid://shopify/Product/3946399531078","flachesan4n24m-ur","FLACHESAN4N24M-UR 2ND GEN AMD EPYC UP Server 24 bay","global","501_Power","string","1+1 800W or 1600W AC/DC 80Plus Platinum
redundant power supplies; Optional -48VDC available"
"gid://shopify/Product/3946399531078","flachesan4n24m-ur","FLACHESAN4N24M-UR 2ND GEN AMD EPYC UP Server 24 bay","global","700_Environment","string","Environment"
"gid://shopify/Product/3946399531078","flachesan4n24m-ur","FLACHESAN4N24M-UR 2ND GEN AMD EPYC UP Server 24 bay","global","710_Operating Temperature","string","0&deg;C ~ 35&deg;C"
"gid://shopify/Product/3946399531078","flachesan4n24m-ur","FLACHESAN4N24M-UR 2ND GEN AMD EPYC UP Server 24 bay","global","720_Storage Temperature","string","-20&deg;C ~ 70&deg;C"
"gid://shopify/Product/3946399531078","flachesan4n24m-ur","FLACHESAN4N24M-UR 2ND GEN AMD EPYC UP Server 24 bay","global","730_Relative Humidity","string","5% ~ 95% relative humidity, non-condensing"
"gid://shopify/Product/3946399531078","flachesan4n24m-ur","FLACHESAN4N24M-UR 2ND GEN AMD EPYC UP Server 24 bay","global","739_HTS Code","string","8473 30 5100"
"gid://shopify/Product/3946399531078","flachesan4n24m-ur","FLACHESAN4N24M-UR 2ND GEN AMD EPYC UP Server 24 bay","global","740_ECCN","string","4A994"
"gid://shopify/Product/3946399531078","flachesan4n24m-ur","FLACHESAN4N24M-UR 2ND GEN AMD EPYC UP Server 24 bay","global","741_Compliance","string","CE, FCC Class A, RoHS 6/6 compliant"
"gid://shopify/Product/3946399531078","flachesan4n24m-ur","FLACHESAN4N24M-UR 2ND GEN AMD EPYC UP Server 24 bay","global","800_Physical","string","Physical"
"gid://shopify/Product/3946399531078","flachesan4n24m-ur","FLACHESAN4N24M-UR 2ND GEN AMD EPYC UP Server 24 bay","global","810_Dimensions (W x H x D)","string","System: 16&quot;x7&quot;x13.5&quot; (LxWxH)
Packaging: 24&quot;x 12&quot;x18&quot;(LxWxH)"
"gid://shopify/Product/3946399531078","flachesan4n24m-ur","FLACHESAN4N24M-UR 2ND GEN AMD EPYC UP Server 24 bay","global","820_Weights","string","Net Weight (with SSD): 38lbs; Gross Weight: 55lbs"
"gid://shopify/Product/3946399531078","flachesan4n24m-ur","FLACHESAN4N24M-UR 2ND GEN AMD EPYC UP Server 24 bay","global","family","string","server"
"gid://shopify/Product/3946399531078","flachesan4n24m-ur","FLACHESAN4N24M-UR 2ND GEN AMD EPYC UP Server 24 bay","global","processor","string","AMD"
"gid://shopify/Product/3946399531078","flachesan4n24m-ur","FLACHESAN4N24M-UR 2ND GEN AMD EPYC UP Server 24 bay","global","product series","string","FlacheStreams"
"gid://shopify/Product/3946399531078","flachesan4n24m-ur","FLACHESAN4N24M-UR 2ND GEN AMD EPYC UP Server 24 bay","global","resource_Data Sheet","string","DS_FlacheSAN4N24M-UR_E"
"gid://shopify/Product/3946399531078","flachesan4n24m-ur","FLACHESAN4N24M-UR 2ND GEN AMD EPYC UP Server 24 bay","global","title","string","FlacheSAN4N24M-UR"
"gid://shopify/Product/3946399531078","flachesan4n24m-ur","FLACHESAN4N24M-UR 2ND GEN AMD EPYC UP Server 24 bay","global","305_Expansion","string","2x PCIe 3.0/4.0 x16; 1x PCIe 3.0/4.0 x16 OCP 2.0 Mezzanine "
"gid://shopify/Product/3946399531078","flachesan4n24m-ur","FLACHESAN4N24M-UR 2ND GEN AMD EPYC UP Server 24 bay","global","301_I/O","string","2x USB 3.0 ports; 1x VGA port(s); 1x COM Port;
2x 1GbE ports; 1x 1GbE MGMT"
"gid://shopify/Product/3946399531078","flachesan4n24m-ur","FLACHESAN4N24M-UR 2ND GEN AMD EPYC UP Server 24 bay","global","161_Network","string","2x GbE ports, 1x GbE dedicated for IPMI"
"gid://shopify/Product/3946399531078","flachesan4n24m-ur","FLACHESAN4N24M-UR 2ND GEN AMD EPYC UP Server 24 bay","global","120_System Chipset","string","N/A"
"gid://shopify/Product/1970570330182","gridstreams-gs206g-un-2u-amd-epyc-server-with-6-gpus-and-6-nvme-2200w-hrp","GridStreams-GS206G-UN 2U AMD EPYC Server with 6 GPUs and 6 NVMe 2200W HRP","global","resource_Data Sheet","string","DS_GS206G-UN_E"
"gid://shopify/Product/1970570330182","gridstreams-gs206g-un-2u-amd-epyc-server-with-6-gpus-and-6-nvme-2200w-hrp","GridStreams-GS206G-UN 2U AMD EPYC Server with 6 GPUs and 6 NVMe 2200W HRP","global","820_Weights","string","Net Weight: 62lbs <br>Gross Weight: 72lbs"
"gid://shopify/Product/1970570330182","gridstreams-gs206g-un-2u-amd-epyc-server-with-6-gpus-and-6-nvme-2200w-hrp","GridStreams-GS206G-UN 2U AMD EPYC Server with 6 GPUs and 6 NVMe 2200W HRP","global","810_Dimensions (W x H x D)","string","System: 31.6”x19”x3.5” (LxWxH)<br>
Packaging: 40”x 24.5”x9”(LxWxH)"
"gid://shopify/Product/1970570330182","gridstreams-gs206g-un-2u-amd-epyc-server-with-6-gpus-and-6-nvme-2200w-hrp","GridStreams-GS206G-UN 2U AMD EPYC Server with 6 GPUs and 6 NVMe 2200W HRP","global","741_Compliance","string","CE, FCC Class A, RoHS 6/6 compliant"
"gid://shopify/Product/1970570330182","gridstreams-gs206g-un-2u-amd-epyc-server-with-6-gpus-and-6-nvme-2200w-hrp","GridStreams-GS206G-UN 2U AMD EPYC Server with 6 GPUs and 6 NVMe 2200W HRP","global","740_ECCN","string","4A994"
"gid://shopify/Product/1970570330182","gridstreams-gs206g-un-2u-amd-epyc-server-with-6-gpus-and-6-nvme-2200w-hrp","GridStreams-GS206G-UN 2U AMD EPYC Server with 6 GPUs and 6 NVMe 2200W HRP","global","739_HTS Code","string","8473 30 5100"
"gid://shopify/Product/1970570330182","gridstreams-gs206g-un-2u-amd-epyc-server-with-6-gpus-and-6-nvme-2200w-hrp","GridStreams-GS206G-UN 2U AMD EPYC Server with 6 GPUs and 6 NVMe 2200W HRP","global","710_Operating Temperature","string","Operating Temperature: 0°C to 35°C
<br>Non-Operating Temperature: -20°C to 70°C
<br>Humidity: 5% to 95% non-condensing"
"gid://shopify/Product/1970570330182","gridstreams-gs206g-un-2u-amd-epyc-server-with-6-gpus-and-6-nvme-2200w-hrp","GridStreams-GS206G-UN 2U AMD EPYC Server with 6 GPUs and 6 NVMe 2200W HRP","global","501_Power","string","1+1 2200W AC/DC high efficiency Platinum redundant power supplies"
"gid://shopify/Product/1970570330182","gridstreams-gs206g-un-2u-amd-epyc-server-with-6-gpus-and-6-nvme-2200w-hrp","GridStreams-GS206G-UN 2U AMD EPYC Server with 6 GPUs and 6 NVMe 2200W HRP","global","305_Expansion","string","6x PCIe Gen3 x16 Full Height Full Length for
Double Width co-processing GPGPU cards <br>
1x PCIe Gen3 x16 Full Height slot for NIC"
"gid://shopify/Product/1970570330182","gridstreams-gs206g-un-2u-amd-epyc-server-with-6-gpus-and-6-nvme-2200w-hrp","GridStreams-GS206G-UN 2U AMD EPYC Server with 6 GPUs and 6 NVMe 2200W HRP","global","302_Front I/O","string","Power On/Off switch & LED, Locate switch & LED,
<br>Reset switch, System warning LED, 4x LAN LED"
"gid://shopify/Product/1970570330182","gridstreams-gs206g-un-2u-amd-epyc-server-with-6-gpus-and-6-nvme-2200w-hrp","GridStreams-GS206G-UN 2U AMD EPYC Server with 6 GPUs and 6 NVMe 2200W HRP","global","301_I/O","string","2x USB 3.0 ports; 1x VGA port(s); 1x COM Port; 2x 1GbE ports; 1x 1GbE MGMT"
"gid://shopify/Product/1970570330182","gridstreams-gs206g-un-2u-amd-epyc-server-with-6-gpus-and-6-nvme-2200w-hrp","GridStreams-GS206G-UN 2U AMD EPYC Server with 6 GPUs and 6 NVMe 2200W HRP","global","220_Cooling","string","4x 80mm fans with Smart Fan Control
<br>10x 40mm fans with Smart Fan Control"
"gid://shopify/Product/1970570330182","gridstreams-gs206g-un-2u-amd-epyc-server-with-6-gpus-and-6-nvme-2200w-hrp","GridStreams-GS206G-UN 2U AMD EPYC Server with 6 GPUs and 6 NVMe 2200W HRP","global","171_Driver Bays","string","4x 2.5” hot-swap U.2 7mm NVMe drive bays <br>2x internal M.2 NVMe on board"
"gid://shopify/Product/1970570330182","gridstreams-gs206g-un-2u-amd-epyc-server-with-6-gpus-and-6-nvme-2200w-hrp","GridStreams-GS206G-UN 2U AMD EPYC Server with 6 GPUs and 6 NVMe 2200W HRP","global","150_Graphics","string","Support up to 6 GPGPU AMD Radeon or NVidia Tesla"
"gid://shopify/Product/1970570330182","gridstreams-gs206g-un-2u-amd-epyc-server-with-6-gpus-and-6-nvme-2200w-hrp","GridStreams-GS206G-UN 2U AMD EPYC Server with 6 GPUs and 6 NVMe 2200W HRP","global","130_System Memory","string","Supports up to 16x DIMMs DDR4 RDIMM/RDIMM/LRDIMM 2666/2400 MHz"
"gid://shopify/Product/1970570330182","gridstreams-gs206g-un-2u-amd-epyc-server-with-6-gpus-and-6-nvme-2200w-hrp","GridStreams-GS206G-UN 2U AMD EPYC Server with 6 GPUs and 6 NVMe 2200W HRP","global","120_System Chipset","string","N/A"
"gid://shopify/Product/1970570330182","gridstreams-gs206g-un-2u-amd-epyc-server-with-6-gpus-and-6-nvme-2200w-hrp","GridStreams-GS206G-UN 2U AMD EPYC Server with 6 GPUs and 6 NVMe 2200W HRP","global","110_Processor","string","Supports Single Socket AMD EPYC (Naples) CPU up to 180W TDP socket SP3"
"gid://shopify/Product/1970570330182","gridstreams-gs206g-un-2u-amd-epyc-server-with-6-gpus-and-6-nvme-2200w-hrp","GridStreams-GS206G-UN 2U AMD EPYC Server with 6 GPUs and 6 NVMe 2200W HRP","global","100_System","string","System"
"gid://shopify/Product/1970570330182","gridstreams-gs206g-un-2u-amd-epyc-server-with-6-gpus-and-6-nvme-2200w-hrp","GridStreams-GS206G-UN 2U AMD EPYC Server with 6 GPUs and 6 NVMe 2200W HRP","global","product series","string","GridStreams"
"gid://shopify/Product/1970570330182","gridstreams-gs206g-un-2u-amd-epyc-server-with-6-gpus-and-6-nvme-2200w-hrp","GridStreams-GS206G-UN 2U AMD EPYC Server with 6 GPUs and 6 NVMe 2200W HRP","global","family","string","server"
"gid://shopify/Product/1970570330182","gridstreams-gs206g-un-2u-amd-epyc-server-with-6-gpus-and-6-nvme-2200w-hrp","GridStreams-GS206G-UN 2U AMD EPYC Server with 6 GPUs and 6 NVMe 2200W HRP","global","title","string","GS206G-UN"
"gid://shopify/Product/1970570330182","gridstreams-gs206g-un-2u-amd-epyc-server-with-6-gpus-and-6-nvme-2200w-hrp","GridStreams-GS206G-UN 2U AMD EPYC Server with 6 GPUs and 6 NVMe 2200W HRP","global","resource_Product Brief","string","PB-GridStreams_AMD_E"
"gid://shopify/Product/1970570330182","gridstreams-gs206g-un-2u-amd-epyc-server-with-6-gpus-and-6-nvme-2200w-hrp","GridStreams-GS206G-UN 2U AMD EPYC Server with 6 GPUs and 6 NVMe 2200W HRP","global","processor","string","AMD"
"gid://shopify/Product/1774416035910","oss1a4-d5-1u-4-bays","OSS1A4-D5 1U 4 BAYS 7MM SSD 12G SAS/SATA DUAL XEON SP 500W HRP","global","100_System","string","System"
"gid://shopify/Product/1774416035910","oss1a4-d5-1u-4-bays","OSS1A4-D5 1U 4 BAYS 7MM SSD 12G SAS/SATA DUAL XEON SP 500W HRP","global","110_Processor","string","Supports Dual Intel&reg; Xeon&reg; SP (Skylake) up to 205W TDP socket LGA3647"
"gid://shopify/Product/1774416035910","oss1a4-d5-1u-4-bays","OSS1A4-D5 1U 4 BAYS 7MM SSD 12G SAS/SATA DUAL XEON SP 500W HRP","global","120_System Chipset","string","Intel&reg; C621 chipset"
"gid://shopify/Product/1774416035910","oss1a4-d5-1u-4-bays","OSS1A4-D5 1U 4 BAYS 7MM SSD 12G SAS/SATA DUAL XEON SP 500W HRP","global","130_System Memory","string","Supports 16x DDR4 ECC RDIMM/LRDIMM 2133/2400/2666 MT/s max 2TB capacity"
"gid://shopify/Product/1774416035910","oss1a4-d5-1u-4-bays","OSS1A4-D5 1U 4 BAYS 7MM SSD 12G SAS/SATA DUAL XEON SP 500W HRP","global","170_Storage","string","2x Mini-SAS HD (8 ports), 2x SATA-III, 1x Mini-SAS HD (4 ports) at 6.0 Gb/s"
"gid://shopify/Product/1774416035910","oss1a4-d5-1u-4-bays","OSS1A4-D5 1U 4 BAYS 7MM SSD 12G SAS/SATA DUAL XEON SP 500W HRP","global","305_Expansion","string","2x PCIe Gen3 x16, 2x PCIe3 x16 OCP 2.0 slots (Internal and External)"
"gid://shopify/Product/1774416035910","oss1a4-d5-1u-4-bays","OSS1A4-D5 1U 4 BAYS 7MM SSD 12G SAS/SATA DUAL XEON SP 500W HRP","global","700_Environment","string","Environment"
"gid://shopify/Product/1774416035910","oss1a4-d5-1u-4-bays","OSS1A4-D5 1U 4 BAYS 7MM SSD 12G SAS/SATA DUAL XEON SP 500W HRP","global","710_Operating Temperature","string","0&deg;C ~ 35&deg;C"
"gid://shopify/Product/1774416035910","oss1a4-d5-1u-4-bays","OSS1A4-D5 1U 4 BAYS 7MM SSD 12G SAS/SATA DUAL XEON SP 500W HRP","global","720_Storage Temperature","string","-20&deg;C ~ 70&deg;C"
"gid://shopify/Product/1774416035910","oss1a4-d5-1u-4-bays","OSS1A4-D5 1U 4 BAYS 7MM SSD 12G SAS/SATA DUAL XEON SP 500W HRP","global","730_Relative Humidity","string","5% ~ 95% relative humidity, non-condensing"
"gid://shopify/Product/1774416035910","oss1a4-d5-1u-4-bays","OSS1A4-D5 1U 4 BAYS 7MM SSD 12G SAS/SATA DUAL XEON SP 500W HRP","global","800_Physical","string","Physical"
"gid://shopify/Product/1774416035910","oss1a4-d5-1u-4-bays","OSS1A4-D5 1U 4 BAYS 7MM SSD 12G SAS/SATA DUAL XEON SP 500W HRP","global","810_Dimensions (W x H x D)","string","System: 21""x17""x1.74"" (LxWxH) Packaging: 36“x24.5""x10.5""(LxWxH)"
"gid://shopify/Product/1774416035910","oss1a4-d5-1u-4-bays","OSS1A4-D5 1U 4 BAYS 7MM SSD 12G SAS/SATA DUAL XEON SP 500W HRP","global","820_Weights","string","35lbs w/o HDDs"
"gid://shopify/Product/1774416035910","oss1a4-d5-1u-4-bays","OSS1A4-D5 1U 4 BAYS 7MM SSD 12G SAS/SATA DUAL XEON SP 500W HRP","global","family","string","server"
"gid://shopify/Product/1774416035910","oss1a4-d5-1u-4-bays","OSS1A4-D5 1U 4 BAYS 7MM SSD 12G SAS/SATA DUAL XEON SP 500W HRP","global","product series","string","OmniStreams"
"gid://shopify/Product/1774416035910","oss1a4-d5-1u-4-bays","OSS1A4-D5 1U 4 BAYS 7MM SSD 12G SAS/SATA DUAL XEON SP 500W HRP","global","resource_Data Sheet","string","DS_OSS1A4-D5_E"
"gid://shopify/Product/1774416035910","oss1a4-d5-1u-4-bays","OSS1A4-D5 1U 4 BAYS 7MM SSD 12G SAS/SATA DUAL XEON SP 500W HRP","global","title","string","OSS1A4-D5"
"gid://shopify/Product/1774416035910","oss1a4-d5-1u-4-bays","OSS1A4-D5 1U 4 BAYS 7MM SSD 12G SAS/SATA DUAL XEON SP 500W HRP","global","171_Driver Bays","string","2x 2.5"" hot-swap bays, 4x 2.5"" 7mm hot-swap bays, or 2x internal 2.5"" bays"
"gid://shopify/Product/1774416035910","oss1a4-d5-1u-4-bays","OSS1A4-D5 1U 4 BAYS 7MM SSD 12G SAS/SATA DUAL XEON SP 500W HRP","global","220_Cooling","string","3x 97mm blowers"
"gid://shopify/Product/1774416035910","oss1a4-d5-1u-4-bays","OSS1A4-D5 1U 4 BAYS 7MM SSD 12G SAS/SATA DUAL XEON SP 500W HRP","global","739_HTS Code","string","8473 30 5100"
"gid://shopify/Product/1774416035910","oss1a4-d5-1u-4-bays","OSS1A4-D5 1U 4 BAYS 7MM SSD 12G SAS/SATA DUAL XEON SP 500W HRP","global","740_ECCN","string","4A994"
"gid://shopify/Product/1774416035910","oss1a4-d5-1u-4-bays","OSS1A4-D5 1U 4 BAYS 7MM SSD 12G SAS/SATA DUAL XEON SP 500W HRP","global","741_Compliance","string","CE, FCC Class A, RoHS 6/6 compliant"
"gid://shopify/Product/1774416035910","oss1a4-d5-1u-4-bays","OSS1A4-D5 1U 4 BAYS 7MM SSD 12G SAS/SATA DUAL XEON SP 500W HRP","global","resource_AVL","string","OSS1A4-D5-AVL"
"gid://shopify/Product/1774416035910","oss1a4-d5-1u-4-bays","OSS1A4-D5 1U 4 BAYS 7MM SSD 12G SAS/SATA DUAL XEON SP 500W HRP","global","resource_BIOS","string","Tyan S7106GM2NR, Tyan S7106GM2NR-L2"
"gid://shopify/Product/1774416035910","oss1a4-d5-1u-4-bays","OSS1A4-D5 1U 4 BAYS 7MM SSD 12G SAS/SATA DUAL XEON SP 500W HRP","global","resource_Install Guide","string","OSS1A4-D5-QG"
"gid://shopify/Product/1774416035910","oss1a4-d5-1u-4-bays","OSS1A4-D5 1U 4 BAYS 7MM SSD 12G SAS/SATA DUAL XEON SP 500W HRP","global","resource_Product Brief","string","PB-OmniStreams_Intel_E"
"gid://shopify/Product/1774416035910","oss1a4-d5-1u-4-bays","OSS1A4-D5 1U 4 BAYS 7MM SSD 12G SAS/SATA DUAL XEON SP 500W HRP","global","processor","string","Intel"
"gid://shopify/Product/1774416855110","oss212f-d5-2u-12-bays","OSS212F-D5 2U 12 BAYS 3.5"" HDD 12G SAS DUAL XEON SP FULL HEIGHT SLOTS 800W HRP","global","100_System","string","System"
"gid://shopify/Product/1774416855110","oss212f-d5-2u-12-bays","OSS212F-D5 2U 12 BAYS 3.5"" HDD 12G SAS DUAL XEON SP FULL HEIGHT SLOTS 800W HRP","global","110_Processor","string","Supports Dual Intel&reg; Xeon&reg; SP (Skylake) up to 205W TDP socket LGA3647"
"gid://shopify/Product/1774416855110","oss212f-d5-2u-12-bays","OSS212F-D5 2U 12 BAYS 3.5"" HDD 12G SAS DUAL XEON SP FULL HEIGHT SLOTS 800W HRP","global","120_System Chipset","string","Intel&reg; C621 chipset"
"gid://shopify/Product/1774416855110","oss212f-d5-2u-12-bays","OSS212F-D5 2U 12 BAYS 3.5"" HDD 12G SAS DUAL XEON SP FULL HEIGHT SLOTS 800W HRP","global","130_System Memory","string","Support 16x DDR4 ECC RDIMM/LRDIMM 2133/2400/2666MT/s max 2,048GB (2TB) capacity"
"gid://shopify/Product/1774416855110","oss212f-d5-2u-12-bays","OSS212F-D5 2U 12 BAYS 3.5"" HDD 12G SAS DUAL XEON SP FULL HEIGHT SLOTS 800W HRP","global","170_Storage","string","36 ports 12Gb/s SAS expander with 3 SFF8643 ports"
"gid://shopify/Product/1774416855110","oss212f-d5-2u-12-bays","OSS212F-D5 2U 12 BAYS 3.5"" HDD 12G SAS DUAL XEON SP FULL HEIGHT SLOTS 800W HRP","global","305_Expansion","string","Supports a total of 3 full height expansion slots; 2x PCIe x24 slots, 1x PCIe x16 OCP (Internal and External)"
"gid://shopify/Product/1774416855110","oss212f-d5-2u-12-bays","OSS212F-D5 2U 12 BAYS 3.5"" HDD 12G SAS DUAL XEON SP FULL HEIGHT SLOTS 800W HRP","global","700_Environment","string","Environment"
"gid://shopify/Product/1774416855110","oss212f-d5-2u-12-bays","OSS212F-D5 2U 12 BAYS 3.5"" HDD 12G SAS DUAL XEON SP FULL HEIGHT SLOTS 800W HRP","global","710_Operating Temperature","string","0&deg;C ~ 35&deg;C"
"gid://shopify/Product/1774416855110","oss212f-d5-2u-12-bays","OSS212F-D5 2U 12 BAYS 3.5"" HDD 12G SAS DUAL XEON SP FULL HEIGHT SLOTS 800W HRP","global","720_Storage Temperature","string","-20&deg;C ~ 70&deg;C"
"gid://shopify/Product/1774416855110","oss212f-d5-2u-12-bays","OSS212F-D5 2U 12 BAYS 3.5"" HDD 12G SAS DUAL XEON SP FULL HEIGHT SLOTS 800W HRP","global","730_Relative Humidity","string","5% ~ 95% relative humidity, non-condensing"
"gid://shopify/Product/1774416855110","oss212f-d5-2u-12-bays","OSS212F-D5 2U 12 BAYS 3.5"" HDD 12G SAS DUAL XEON SP FULL HEIGHT SLOTS 800W HRP","global","800_Physical","string","Physical"
"gid://shopify/Product/1774416855110","oss212f-d5-2u-12-bays","OSS212F-D5 2U 12 BAYS 3.5"" HDD 12G SAS DUAL XEON SP FULL HEIGHT SLOTS 800W HRP","global","810_Dimensions (W x H x D)","string","System: 26""x19""x3.5"" (DxWxH) Packaging: 37“ x 25.2""x 13.8""(LxWxH)"
"gid://shopify/Product/1774416855110","oss212f-d5-2u-12-bays","OSS212F-D5 2U 12 BAYS 3.5"" HDD 12G SAS DUAL XEON SP FULL HEIGHT SLOTS 800W HRP","global","820_Weights","string","Gross Weight: 23 KG/50LBSbs"
"gid://shopify/Product/1774416855110","oss212f-d5-2u-12-bays","OSS212F-D5 2U 12 BAYS 3.5"" HDD 12G SAS DUAL XEON SP FULL HEIGHT SLOTS 800W HRP","global","family","string","server"
"gid://shopify/Product/1774416855110","oss212f-d5-2u-12-bays","OSS212F-D5 2U 12 BAYS 3.5"" HDD 12G SAS DUAL XEON SP FULL HEIGHT SLOTS 800W HRP","global","product series","string","OmniStreams"
"gid://shopify/Product/1774416855110","oss212f-d5-2u-12-bays","OSS212F-D5 2U 12 BAYS 3.5"" HDD 12G SAS DUAL XEON SP FULL HEIGHT SLOTS 800W HRP","global","resource_Data Sheet","string","DS_OSS212F-D5_E"
"gid://shopify/Product/1774416855110","oss212f-d5-2u-12-bays","OSS212F-D5 2U 12 BAYS 3.5"" HDD 12G SAS DUAL XEON SP FULL HEIGHT SLOTS 800W HRP","global","title","string","OSS212F-D5"
"gid://shopify/Product/1774416855110","oss212f-d5-2u-12-bays","OSS212F-D5 2U 12 BAYS 3.5"" HDD 12G SAS DUAL XEON SP FULL HEIGHT SLOTS 800W HRP","global","171_Driver Bays","string","12xSAS/SATA 12G/6G tray-less hot -swap 3.5"" bays, 2x internal OS 2.5"", optional, 2x Rear tool-less 2.5"" 7mm bays"
"gid://shopify/Product/1774416855110","oss212f-d5-2u-12-bays","OSS212F-D5 2U 12 BAYS 3.5"" HDD 12G SAS DUAL XEON SP FULL HEIGHT SLOTS 800W HRP","global","220_Cooling","string","3x 80mm and 2x 40mm easy swap PWM fans"
"gid://shopify/Product/1774416855110","oss212f-d5-2u-12-bays","OSS212F-D5 2U 12 BAYS 3.5"" HDD 12G SAS DUAL XEON SP FULL HEIGHT SLOTS 800W HRP","global","739_HTS Code","string","8473 30 5100"
"gid://shopify/Product/1774416855110","oss212f-d5-2u-12-bays","OSS212F-D5 2U 12 BAYS 3.5"" HDD 12G SAS DUAL XEON SP FULL HEIGHT SLOTS 800W HRP","global","740_ECCN","string","4A994"
"gid://shopify/Product/1774416855110","oss212f-d5-2u-12-bays","OSS212F-D5 2U 12 BAYS 3.5"" HDD 12G SAS DUAL XEON SP FULL HEIGHT SLOTS 800W HRP","global","741_Compliance","string","CE, FCC Class A, RoHS 6/6 compliant"
"gid://shopify/Product/1774416855110","oss212f-d5-2u-12-bays","OSS212F-D5 2U 12 BAYS 3.5"" HDD 12G SAS DUAL XEON SP FULL HEIGHT SLOTS 800W HRP","global","resource_AVL","string","OSS212F-D5-AVL"
"gid://shopify/Product/1774416855110","oss212f-d5-2u-12-bays","OSS212F-D5 2U 12 BAYS 3.5"" HDD 12G SAS DUAL XEON SP FULL HEIGHT SLOTS 800W HRP","global","resource_BIOS","string","Tyan S7106GM2NR, Tyan S7106GM2NR-L2"
"gid://shopify/Product/1774416855110","oss212f-d5-2u-12-bays","OSS212F-D5 2U 12 BAYS 3.5"" HDD 12G SAS DUAL XEON SP FULL HEIGHT SLOTS 800W HRP","global","resource_Install Guide","string","OSS212F-D5-QG"
"gid://shopify/Product/1774416855110","oss212f-d5-2u-12-bays","OSS212F-D5 2U 12 BAYS 3.5"" HDD 12G SAS DUAL XEON SP FULL HEIGHT SLOTS 800W HRP","global","resource_Product Brief","string","PB-OmniStreams_Intel_E"
"gid://shopify/Product/1774416855110","oss212f-d5-2u-12-bays","OSS212F-D5 2U 12 BAYS 3.5"" HDD 12G SAS DUAL XEON SP FULL HEIGHT SLOTS 800W HRP","global","processor","string","Intel"
"gid://shopify/Product/1774417739846","oss212l-d5-2u-12-bays","OSS212L-D5 2U 12 BAYS 3.5"" HDD 12G SAS DUAL XEON SP LOW PROFILE SLOTS 800W HRP","global","100_System","string","System"
"gid://shopify/Product/1774417739846","oss212l-d5-2u-12-bays","OSS212L-D5 2U 12 BAYS 3.5"" HDD 12G SAS DUAL XEON SP LOW PROFILE SLOTS 800W HRP","global","110_Processor","string","Supports Dual Intel&reg; Xeon&reg; SP (Skylake) up to 205W TDP socket LGA3647"
"gid://shopify/Product/1774417739846","oss212l-d5-2u-12-bays","OSS212L-D5 2U 12 BAYS 3.5"" HDD 12G SAS DUAL XEON SP LOW PROFILE SLOTS 800W HRP","global","120_System Chipset","string","Intel&reg; C621 chipset"
"gid://shopify/Product/1774417739846","oss212l-d5-2u-12-bays","OSS212L-D5 2U 12 BAYS 3.5"" HDD 12G SAS DUAL XEON SP LOW PROFILE SLOTS 800W HRP","global","130_System Memory","string","Supports 16x DDR4 RDIMM/LRDIMM (3DS) 2133/2400/2666 MT/s"
"gid://shopify/Product/1774417739846","oss212l-d5-2u-12-bays","OSS212L-D5 2U 12 BAYS 3.5"" HDD 12G SAS DUAL XEON SP LOW PROFILE SLOTS 800W HRP","global","170_Storage","string","36 ports 12Gb/s SAS expander with 3 SFF8643 ports"
"gid://shopify/Product/1774417739846","oss212l-d5-2u-12-bays","OSS212L-D5 2U 12 BAYS 3.5"" HDD 12G SAS DUAL XEON SP LOW PROFILE SLOTS 800W HRP","global","305_Expansion","string","Supports a total of 7 low profile expansion slots; 4x PCIe3 x16, 3x PCIe3 x8"
"gid://shopify/Product/1774417739846","oss212l-d5-2u-12-bays","OSS212L-D5 2U 12 BAYS 3.5"" HDD 12G SAS DUAL XEON SP LOW PROFILE SLOTS 800W HRP","global","700_Environment","string","Environment"
"gid://shopify/Product/1774417739846","oss212l-d5-2u-12-bays","OSS212L-D5 2U 12 BAYS 3.5"" HDD 12G SAS DUAL XEON SP LOW PROFILE SLOTS 800W HRP","global","710_Operating Temperature","string","0&deg;C ~ 35&deg;C"
"gid://shopify/Product/1774417739846","oss212l-d5-2u-12-bays","OSS212L-D5 2U 12 BAYS 3.5"" HDD 12G SAS DUAL XEON SP LOW PROFILE SLOTS 800W HRP","global","720_Storage Temperature","string","-20&deg;C ~ 70&deg;C"
"gid://shopify/Product/1774417739846","oss212l-d5-2u-12-bays","OSS212L-D5 2U 12 BAYS 3.5"" HDD 12G SAS DUAL XEON SP LOW PROFILE SLOTS 800W HRP","global","730_Relative Humidity","string","5% ~ 95% relative humidity, non-condensing"
"gid://shopify/Product/1774417739846","oss212l-d5-2u-12-bays","OSS212L-D5 2U 12 BAYS 3.5"" HDD 12G SAS DUAL XEON SP LOW PROFILE SLOTS 800W HRP","global","800_Physical","string","Physical"
"gid://shopify/Product/1774417739846","oss212l-d5-2u-12-bays","OSS212L-D5 2U 12 BAYS 3.5"" HDD 12G SAS DUAL XEON SP LOW PROFILE SLOTS 800W HRP","global","810_Dimensions (W x H x D)","string","System: 26""x19""x3.5"" (DxWxH) Packaging: 37“x25.2""x13.8""(LxWxH)"
"gid://shopify/Product/1774417739846","oss212l-d5-2u-12-bays","OSS212L-D5 2U 12 BAYS 3.5"" HDD 12G SAS DUAL XEON SP LOW PROFILE SLOTS 800W HRP","global","820_Weights","string","Gross Weight: 23KG/50lbs"
"gid://shopify/Product/1774417739846","oss212l-d5-2u-12-bays","OSS212L-D5 2U 12 BAYS 3.5"" HDD 12G SAS DUAL XEON SP LOW PROFILE SLOTS 800W HRP","global","family","string","server"
"gid://shopify/Product/1774417739846","oss212l-d5-2u-12-bays","OSS212L-D5 2U 12 BAYS 3.5"" HDD 12G SAS DUAL XEON SP LOW PROFILE SLOTS 800W HRP","global","product series","string","OmniStreams"
"gid://shopify/Product/1774417739846","oss212l-d5-2u-12-bays","OSS212L-D5 2U 12 BAYS 3.5"" HDD 12G SAS DUAL XEON SP LOW PROFILE SLOTS 800W HRP","global","resource_Data Sheet","string","DS_OSS212L-D5_E"
"gid://shopify/Product/1774417739846","oss212l-d5-2u-12-bays","OSS212L-D5 2U 12 BAYS 3.5"" HDD 12G SAS DUAL XEON SP LOW PROFILE SLOTS 800W HRP","global","title","string","OSS212L-D5"
"gid://shopify/Product/1774417739846","oss212l-d5-2u-12-bays","OSS212L-D5 2U 12 BAYS 3.5"" HDD 12G SAS DUAL XEON SP LOW PROFILE SLOTS 800W HRP","global","171_Driver Bays","string","12x SAS/SATA 12G/6G tray-less hot-swap 3.5"" bays, 2x internal OS 2.5"" drive bay, Optional 2x Rear tool-less Hotswap 2.5"" 7mm bays"
"gid://shopify/Product/1774417739846","oss212l-d5-2u-12-bays","OSS212L-D5 2U 12 BAYS 3.5"" HDD 12G SAS DUAL XEON SP LOW PROFILE SLOTS 800W HRP","global","220_Cooling","string","3x 80mm and 2x 40mm easy swap PWM fans"
"gid://shopify/Product/1774417739846","oss212l-d5-2u-12-bays","OSS212L-D5 2U 12 BAYS 3.5"" HDD 12G SAS DUAL XEON SP LOW PROFILE SLOTS 800W HRP","global","739_HTS Code","string","8473 30 5100"
"gid://shopify/Product/1774417739846","oss212l-d5-2u-12-bays","OSS212L-D5 2U 12 BAYS 3.5"" HDD 12G SAS DUAL XEON SP LOW PROFILE SLOTS 800W HRP","global","740_ECCN","string","4A994"
"gid://shopify/Product/1774417739846","oss212l-d5-2u-12-bays","OSS212L-D5 2U 12 BAYS 3.5"" HDD 12G SAS DUAL XEON SP LOW PROFILE SLOTS 800W HRP","global","741_Compliance","string","CE, FCC Class A, RoHS 6/6 compliant"
"gid://shopify/Product/1774417739846","oss212l-d5-2u-12-bays","OSS212L-D5 2U 12 BAYS 3.5"" HDD 12G SAS DUAL XEON SP LOW PROFILE SLOTS 800W HRP","global","resource_AVL","string","OSS212L-316-424-D5-AVL"
"gid://shopify/Product/1774417739846","oss212l-d5-2u-12-bays","OSS212L-D5 2U 12 BAYS 3.5"" HDD 12G SAS DUAL XEON SP LOW PROFILE SLOTS 800W HRP","global","resource_BIOS","string","Tyan S7100GM2NR"
"gid://shopify/Product/1774417739846","oss212l-d5-2u-12-bays","OSS212L-D5 2U 12 BAYS 3.5"" HDD 12G SAS DUAL XEON SP LOW PROFILE SLOTS 800W HRP","global","resource_Install Guide","string","OSS212L-D5-QG"
"gid://shopify/Product/1774417739846","oss212l-d5-2u-12-bays","OSS212L-D5 2U 12 BAYS 3.5"" HDD 12G SAS DUAL XEON SP LOW PROFILE SLOTS 800W HRP","global","resource_Product Brief","string","PB-OmniStreams_Intel_E"
"gid://shopify/Product/1774417739846","oss212l-d5-2u-12-bays","OSS212L-D5 2U 12 BAYS 3.5"" HDD 12G SAS DUAL XEON SP LOW PROFILE SLOTS 800W HRP","global","processor","string","Intel"
"gid://shopify/Product/1774418198598","oss224-d5-2u-24-bays","OSS224-D5 2U 24 BAYS 2.5"" 12G SAS DUAL XEON SP 800W HRP","global","100_System","string","System"
"gid://shopify/Product/1774418198598","oss224-d5-2u-24-bays","OSS224-D5 2U 24 BAYS 2.5"" 12G SAS DUAL XEON SP 800W HRP","global","110_Processor","string","Supports Dual Intel&reg; Xeon&reg; SP (Skylake) up to 205W TDP socket LGA3647"
"gid://shopify/Product/1774418198598","oss224-d5-2u-24-bays","OSS224-D5 2U 24 BAYS 2.5"" 12G SAS DUAL XEON SP 800W HRP","global","120_System Chipset","string","Intel&reg; C621 chipset"
"gid://shopify/Product/1774418198598","oss224-d5-2u-24-bays","OSS224-D5 2U 24 BAYS 2.5"" 12G SAS DUAL XEON SP 800W HRP","global","130_System Memory","string","Supports 12x DDR4 RDIMM/LRDIMM (3DS) 2133/2400/2666 MT/s"
"gid://shopify/Product/1774418198598","oss224-d5-2u-24-bays","OSS224-D5 2U 24 BAYS 2.5"" 12G SAS DUAL XEON SP 800W HRP","global","170_Storage","string","36 ports 12Gb/s SAS expander with 3 SFF8643 ports"
"gid://shopify/Product/1774418198598","oss224-d5-2u-24-bays","OSS224-D5 2U 24 BAYS 2.5"" 12G SAS DUAL XEON SP 800W HRP","global","305_Expansion","string","Supports a total of 7 low profile expansion slots; 4x PCIe3 x16 for 4 GPU cards, 3x PCIe3 x8"
"gid://shopify/Product/1774418198598","oss224-d5-2u-24-bays","OSS224-D5 2U 24 BAYS 2.5"" 12G SAS DUAL XEON SP 800W HRP","global","700_Environment","string","Environment"
"gid://shopify/Product/1774418198598","oss224-d5-2u-24-bays","OSS224-D5 2U 24 BAYS 2.5"" 12G SAS DUAL XEON SP 800W HRP","global","710_Operating Temperature","string","0&deg;C ~ 35&deg;C"
"gid://shopify/Product/1774418198598","oss224-d5-2u-24-bays","OSS224-D5 2U 24 BAYS 2.5"" 12G SAS DUAL XEON SP 800W HRP","global","720_Storage Temperature","string","-20&deg;C ~ 70&deg;C"
"gid://shopify/Product/1774418198598","oss224-d5-2u-24-bays","OSS224-D5 2U 24 BAYS 2.5"" 12G SAS DUAL XEON SP 800W HRP","global","730_Relative Humidity","string","5% ~ 95% relative humidity, non-condensing"
"gid://shopify/Product/1774418198598","oss224-d5-2u-24-bays","OSS224-D5 2U 24 BAYS 2.5"" 12G SAS DUAL XEON SP 800W HRP","global","800_Physical","string","Physical"
"gid://shopify/Product/1774418198598","oss224-d5-2u-24-bays","OSS224-D5 2U 24 BAYS 2.5"" 12G SAS DUAL XEON SP 800W HRP","global","810_Dimensions (W x H x D)","string","System: 26""x19""x3.5"" (DxWxH) Packaging: 17“x25.2""x13.8""(LxWxH) palletized"
"gid://shopify/Product/1774418198598","oss224-d5-2u-24-bays","OSS224-D5 2U 24 BAYS 2.5"" 12G SAS DUAL XEON SP 800W HRP","global","820_Weights","string","Gross: 23KG/50lbs Net: 17KG/37.4lbs"
"gid://shopify/Product/1774418198598","oss224-d5-2u-24-bays","OSS224-D5 2U 24 BAYS 2.5"" 12G SAS DUAL XEON SP 800W HRP","global","family","string","server"
"gid://shopify/Product/1774418198598","oss224-d5-2u-24-bays","OSS224-D5 2U 24 BAYS 2.5"" 12G SAS DUAL XEON SP 800W HRP","global","product series","string","OmniStreams"
"gid://shopify/Product/1774418198598","oss224-d5-2u-24-bays","OSS224-D5 2U 24 BAYS 2.5"" 12G SAS DUAL XEON SP 800W HRP","global","resource_Data Sheet","string","DS_OSS224-D5_E"
"gid://shopify/Product/1774418198598","oss224-d5-2u-24-bays","OSS224-D5 2U 24 BAYS 2.5"" 12G SAS DUAL XEON SP 800W HRP","global","title","string","OSS224-D5"
"gid://shopify/Product/1774418198598","oss224-d5-2u-24-bays","OSS224-D5 2U 24 BAYS 2.5"" 12G SAS DUAL XEON SP 800W HRP","global","171_Driver Bays","string","24 SAS/SATA 12G/6G tool-less hot-swap 2.5"" bays, 2x internal OS 2.5"" drive bay, Optional 2x Rear tool-less 2.5"" 7mm bays"
"gid://shopify/Product/1774418198598","oss224-d5-2u-24-bays","OSS224-D5 2U 24 BAYS 2.5"" 12G SAS DUAL XEON SP 800W HRP","global","220_Cooling","string","3 x 80mm and 2x 40mm easy swap PWM fans"
"gid://shopify/Product/1774418198598","oss224-d5-2u-24-bays","OSS224-D5 2U 24 BAYS 2.5"" 12G SAS DUAL XEON SP 800W HRP","global","739_HTS Code","string","8473 30 5100"
"gid://shopify/Product/1774418198598","oss224-d5-2u-24-bays","OSS224-D5 2U 24 BAYS 2.5"" 12G SAS DUAL XEON SP 800W HRP","global","740_ECCN","string","4A994"
"gid://shopify/Product/1774418198598","oss224-d5-2u-24-bays","OSS224-D5 2U 24 BAYS 2.5"" 12G SAS DUAL XEON SP 800W HRP","global","741_Compliance","string","CE, FCC Class A, RoHS 6/6 compliant"
"gid://shopify/Product/1774418198598","oss224-d5-2u-24-bays","OSS224-D5 2U 24 BAYS 2.5"" 12G SAS DUAL XEON SP 800W HRP","global","resource_AVL","string","OSS224-D5-AVL"
"gid://shopify/Product/1774418198598","oss224-d5-2u-24-bays","OSS224-D5 2U 24 BAYS 2.5"" 12G SAS DUAL XEON SP 800W HRP","global","resource_BIOS","string","Tyan S7100GM2NR"
"gid://shopify/Product/1774418198598","oss224-d5-2u-24-bays","OSS224-D5 2U 24 BAYS 2.5"" 12G SAS DUAL XEON SP 800W HRP","global","resource_Install Guide","string","OSS224-D5-QG"
"gid://shopify/Product/1774418198598","oss224-d5-2u-24-bays","OSS224-D5 2U 24 BAYS 2.5"" 12G SAS DUAL XEON SP 800W HRP","global","resource_Product Brief","string","PB-OmniStreams_Intel_E"
"gid://shopify/Product/1774418198598","oss224-d5-2u-24-bays","OSS224-D5 2U 24 BAYS 2.5"" 12G SAS DUAL XEON SP 800W HRP","global","processor","string","Intel"
"gid://shopify/Product/1774418427974","oss316-d5-3u-16-bays","OSS316-D5 3U 16 BAYS 3.5"" HDD 12G SAS DUAL XEON SP 800W HRP","global","100_System","string","System"
"gid://shopify/Product/1774418427974","oss316-d5-3u-16-bays","OSS316-D5 3U 16 BAYS 3.5"" HDD 12G SAS DUAL XEON SP 800W HRP","global","110_Processor","string","Supports Dual Intel&reg; Xeon&reg; SP (Skylake) up to 205W TDP socket LGA3647"
"gid://shopify/Product/1774418427974","oss316-d5-3u-16-bays","OSS316-D5 3U 16 BAYS 3.5"" HDD 12G SAS DUAL XEON SP 800W HRP","global","120_System Chipset","string","Intel&reg; C621 chipset"
"gid://shopify/Product/1774418427974","oss316-d5-3u-16-bays","OSS316-D5 3U 16 BAYS 3.5"" HDD 12G SAS DUAL XEON SP 800W HRP","global","130_System Memory","string","Supports 12x DDR4 RDIMM/LRDIMM (3DS) 2133/2400/2666 MT/s"
"gid://shopify/Product/1774418427974","oss316-d5-3u-16-bays","OSS316-D5 3U 16 BAYS 3.5"" HDD 12G SAS DUAL XEON SP 800W HRP","global","170_Storage","string","36 ports 12Gb/s SAS expander with 3 SFF8643 ports"
"gid://shopify/Product/1774418427974","oss316-d5-3u-16-bays","OSS316-D5 3U 16 BAYS 3.5"" HDD 12G SAS DUAL XEON SP 800W HRP","global","305_Expansion","string","Supports a total of 7 low profile expansion slots, 4x PCIe3 x16, 3x PCIe3 x8"
"gid://shopify/Product/1774418427974","oss316-d5-3u-16-bays","OSS316-D5 3U 16 BAYS 3.5"" HDD 12G SAS DUAL XEON SP 800W HRP","global","700_Environment","string","Environment"
"gid://shopify/Product/1774418427974","oss316-d5-3u-16-bays","OSS316-D5 3U 16 BAYS 3.5"" HDD 12G SAS DUAL XEON SP 800W HRP","global","710_Operating Temperature","string","0&deg;C ~ 35&deg;C"
"gid://shopify/Product/1774418427974","oss316-d5-3u-16-bays","OSS316-D5 3U 16 BAYS 3.5"" HDD 12G SAS DUAL XEON SP 800W HRP","global","720_Storage Temperature","string","-20&deg;C ~ 70&deg;C"
"gid://shopify/Product/1774418427974","oss316-d5-3u-16-bays","OSS316-D5 3U 16 BAYS 3.5"" HDD 12G SAS DUAL XEON SP 800W HRP","global","730_Relative Humidity","string","5% ~ 95% relative humidity, non-condensing"
"gid://shopify/Product/1774418427974","oss316-d5-3u-16-bays","OSS316-D5 3U 16 BAYS 3.5"" HDD 12G SAS DUAL XEON SP 800W HRP","global","800_Physical","string","Physical"
"gid://shopify/Product/1774418427974","oss316-d5-3u-16-bays","OSS316-D5 3U 16 BAYS 3.5"" HDD 12G SAS DUAL XEON SP 800W HRP","global","810_Dimensions (W x H x D)","string","System: 26""x19""x5.25"" (DxWxH) Packaging: 36.6“x 24.8""x14.6""(LxWxH)"
"gid://shopify/Product/1774418427974","oss316-d5-3u-16-bays","OSS316-D5 3U 16 BAYS 3.5"" HDD 12G SAS DUAL XEON SP 800W HRP","global","820_Weights","string","Gross Weight: 37.5 KG/ 82.5lbs Net 15.9KG/35lbs"
"gid://shopify/Product/1774418427974","oss316-d5-3u-16-bays","OSS316-D5 3U 16 BAYS 3.5"" HDD 12G SAS DUAL XEON SP 800W HRP","global","family","string","server"
"gid://shopify/Product/1774418427974","oss316-d5-3u-16-bays","OSS316-D5 3U 16 BAYS 3.5"" HDD 12G SAS DUAL XEON SP 800W HRP","global","product series","string","OmniStreams"
"gid://shopify/Product/1774418427974","oss316-d5-3u-16-bays","OSS316-D5 3U 16 BAYS 3.5"" HDD 12G SAS DUAL XEON SP 800W HRP","global","resource_Data Sheet","string","DS_OSS316-D5_E"
"gid://shopify/Product/1774418427974","oss316-d5-3u-16-bays","OSS316-D5 3U 16 BAYS 3.5"" HDD 12G SAS DUAL XEON SP 800W HRP","global","title","string","OSS316-D5"
"gid://shopify/Product/1774418427974","oss316-d5-3u-16-bays","OSS316-D5 3U 16 BAYS 3.5"" HDD 12G SAS DUAL XEON SP 800W HRP","global","171_Driver Bays","string","16x SAS/SATA 12G/6G hot -swap 3.5"" drive bays, 2x internal OS 2.5"", Optional 2/4/6/8x rear tool-less 2.5"" 7mm bay"
"gid://shopify/Product/1774418427974","oss316-d5-3u-16-bays","OSS316-D5 3U 16 BAYS 3.5"" HDD 12G SAS DUAL XEON SP 800W HRP","global","220_Cooling","string","4x 80mm fans"
"gid://shopify/Product/1774418427974","oss316-d5-3u-16-bays","OSS316-D5 3U 16 BAYS 3.5"" HDD 12G SAS DUAL XEON SP 800W HRP","global","739_HTS Code","string","8473 30 5100"
"gid://shopify/Product/1774418427974","oss316-d5-3u-16-bays","OSS316-D5 3U 16 BAYS 3.5"" HDD 12G SAS DUAL XEON SP 800W HRP","global","740_ECCN","string","4A994"
"gid://shopify/Product/1774418427974","oss316-d5-3u-16-bays","OSS316-D5 3U 16 BAYS 3.5"" HDD 12G SAS DUAL XEON SP 800W HRP","global","741_Compliance","string","CE, FCC Class A, RoHS 6/6 compliant"
"gid://shopify/Product/1774418427974","oss316-d5-3u-16-bays","OSS316-D5 3U 16 BAYS 3.5"" HDD 12G SAS DUAL XEON SP 800W HRP","global","resource_AVL","string","OSS212L-316-424-D5-AVL"
"gid://shopify/Product/1774418427974","oss316-d5-3u-16-bays","OSS316-D5 3U 16 BAYS 3.5"" HDD 12G SAS DUAL XEON SP 800W HRP","global","resource_BIOS","string","Tyan S7100GM2NR"
"gid://shopify/Product/1774418427974","oss316-d5-3u-16-bays","OSS316-D5 3U 16 BAYS 3.5"" HDD 12G SAS DUAL XEON SP 800W HRP","global","resource_Install Guide","string","OSS316-D5-QG"
"gid://shopify/Product/1774418427974","oss316-d5-3u-16-bays","OSS316-D5 3U 16 BAYS 3.5"" HDD 12G SAS DUAL XEON SP 800W HRP","global","resource_Product Brief","string","PB-OmniStreams_Intel_E"
"gid://shopify/Product/1774418427974","oss316-d5-3u-16-bays","OSS316-D5 3U 16 BAYS 3.5"" HDD 12G SAS DUAL XEON SP 800W HRP","global","processor","string","Intel"
"gid://shopify/Product/1774418886726","oss424-d5-4u-24-bays","OSS424-D5 4U 24 BAYS 3.5"" HDD 12G SAS DUAL XEON SP 800W HRP","global","100_System","string","System"
"gid://shopify/Product/1774418886726","oss424-d5-4u-24-bays","OSS424-D5 4U 24 BAYS 3.5"" HDD 12G SAS DUAL XEON SP 800W HRP","global","110_Processor","string","Supports Dual Intel&reg; Xeon&reg; SP (Skylake) up to 205W TDP socket LGA3647"
"gid://shopify/Product/1774418886726","oss424-d5-4u-24-bays","OSS424-D5 4U 24 BAYS 3.5"" HDD 12G SAS DUAL XEON SP 800W HRP","global","120_System Chipset","string","Intel&reg; C621 chipset"
"gid://shopify/Product/1774418886726","oss424-d5-4u-24-bays","OSS424-D5 4U 24 BAYS 3.5"" HDD 12G SAS DUAL XEON SP 800W HRP","global","130_System Memory","string","Supports 16x DDR4 RDIMM/LRDIMM (3DS) 2133/2400/2666 MT/s"
"gid://shopify/Product/1774418886726","oss424-d5-4u-24-bays","OSS424-D5 4U 24 BAYS 3.5"" HDD 12G SAS DUAL XEON SP 800W HRP","global","170_Storage","string","36 ports, 12Gb/s SAS expander with 3 SFF8643 ports"
"gid://shopify/Product/1774418886726","oss424-d5-4u-24-bays","OSS424-D5 4U 24 BAYS 3.5"" HDD 12G SAS DUAL XEON SP 800W HRP","global","305_Expansion","string","Supports a total of 7 low profile expansion slots, 4x PCIe3 x16, 3x PCIe3 x8"
"gid://shopify/Product/1774418886726","oss424-d5-4u-24-bays","OSS424-D5 4U 24 BAYS 3.5"" HDD 12G SAS DUAL XEON SP 800W HRP","global","700_Environment","string","Environment"
"gid://shopify/Product/1774418886726","oss424-d5-4u-24-bays","OSS424-D5 4U 24 BAYS 3.5"" HDD 12G SAS DUAL XEON SP 800W HRP","global","710_Operating Temperature","string","0&deg;C ~ 35&deg;C"
"gid://shopify/Product/1774418886726","oss424-d5-4u-24-bays","OSS424-D5 4U 24 BAYS 3.5"" HDD 12G SAS DUAL XEON SP 800W HRP","global","720_Storage Temperature","string","-20&deg;C ~ 70&deg;C"
"gid://shopify/Product/1774418886726","oss424-d5-4u-24-bays","OSS424-D5 4U 24 BAYS 3.5"" HDD 12G SAS DUAL XEON SP 800W HRP","global","730_Relative Humidity","string","5% ~ 95% relative humidity, non-condensing"
"gid://shopify/Product/1774418886726","oss424-d5-4u-24-bays","OSS424-D5 4U 24 BAYS 3.5"" HDD 12G SAS DUAL XEON SP 800W HRP","global","800_Physical","string","Physical"
"gid://shopify/Product/1774418886726","oss424-d5-4u-24-bays","OSS424-D5 4U 24 BAYS 3.5"" HDD 12G SAS DUAL XEON SP 800W HRP","global","810_Dimensions (W x H x D)","string","System: 26""x19""x7"" (LxWxH) Packaging: 37“x25.2""x21.6""(LxWxH)"
"gid://shopify/Product/1774418886726","oss424-d5-4u-24-bays","OSS424-D5 4U 24 BAYS 3.5"" HDD 12G SAS DUAL XEON SP 800W HRP","global","820_Weights","string","Gross: 37.5KG/82.5lbs Net: 15.9KG/35lbs"
"gid://shopify/Product/1774418886726","oss424-d5-4u-24-bays","OSS424-D5 4U 24 BAYS 3.5"" HDD 12G SAS DUAL XEON SP 800W HRP","global","family","string","server"
"gid://shopify/Product/1774418886726","oss424-d5-4u-24-bays","OSS424-D5 4U 24 BAYS 3.5"" HDD 12G SAS DUAL XEON SP 800W HRP","global","product series","string","OmniStreams"
"gid://shopify/Product/1774418886726","oss424-d5-4u-24-bays","OSS424-D5 4U 24 BAYS 3.5"" HDD 12G SAS DUAL XEON SP 800W HRP","global","resource_Data Sheet","string","DS_OSS424-D5_E"
"gid://shopify/Product/1774418886726","oss424-d5-4u-24-bays","OSS424-D5 4U 24 BAYS 3.5"" HDD 12G SAS DUAL XEON SP 800W HRP","global","title","string","OSS424-D5"
"gid://shopify/Product/1774418886726","oss424-d5-4u-24-bays","OSS424-D5 4U 24 BAYS 3.5"" HDD 12G SAS DUAL XEON SP 800W HRP","global","171_Driver Bays","string","24 SAS/SATA 12G/6G tray-less 3.5"" drive bays, 2x internal OS 2.5"", Optional 2/8/10x rear tool-less 2.5"" 7mm bays"
"gid://shopify/Product/1774418886726","oss424-d5-4u-24-bays","OSS424-D5 4U 24 BAYS 3.5"" HDD 12G SAS DUAL XEON SP 800W HRP","global","220_Cooling","string","3x 120mm fans"
"gid://shopify/Product/1774418886726","oss424-d5-4u-24-bays","OSS424-D5 4U 24 BAYS 3.5"" HDD 12G SAS DUAL XEON SP 800W HRP","global","739_HTS Code","string","8473 30 5100"
"gid://shopify/Product/1774418886726","oss424-d5-4u-24-bays","OSS424-D5 4U 24 BAYS 3.5"" HDD 12G SAS DUAL XEON SP 800W HRP","global","740_ECCN","string","4A994"
"gid://shopify/Product/1774418886726","oss424-d5-4u-24-bays","OSS424-D5 4U 24 BAYS 3.5"" HDD 12G SAS DUAL XEON SP 800W HRP","global","741_Compliance","string","CE, FCC Class A, RoHS 6/6 compliant"
"gid://shopify/Product/1774418886726","oss424-d5-4u-24-bays","OSS424-D5 4U 24 BAYS 3.5"" HDD 12G SAS DUAL XEON SP 800W HRP","global","resource_AVL","string","OSS212L-316-424-D5-AVL"
"gid://shopify/Product/1774418886726","oss424-d5-4u-24-bays","OSS424-D5 4U 24 BAYS 3.5"" HDD 12G SAS DUAL XEON SP 800W HRP","global","resource_BIOS","string","Tyan S7100GM2NR"
"gid://shopify/Product/1774418886726","oss424-d5-4u-24-bays","OSS424-D5 4U 24 BAYS 3.5"" HDD 12G SAS DUAL XEON SP 800W HRP","global","resource_Install Guide","string","OSS424-D5-QG"
"gid://shopify/Product/1774418886726","oss424-d5-4u-24-bays","OSS424-D5 4U 24 BAYS 3.5"" HDD 12G SAS DUAL XEON SP 800W HRP","global","resource_Product Brief","string","PB-OmniStreams_Intel_E"
"gid://shopify/Product/1774418886726","oss424-d5-4u-24-bays","OSS424-D5 4U 24 BAYS 3.5"" HDD 12G SAS DUAL XEON SP 800W HRP","global","processor","string","Intel"
